timestamp,epoch,true_stage,hr_mean,hr_std,hr_min,hr_max,hr_count,motion_vm_mean,motion_vm_std,motion_vm_max,motion_vm_min,motion_enorm_mean,motion_enorm_std,motion_enorm_max,motion_x_std,motion_y_std,motion_z_std,motion_active_count,motion_sample_count,motion_active_ratio,hr_diff_night_mean,hr_ratio_night_mean,hr_diff_night_min,hr_mean_roll3,hr_mean_roll5,hr_std_roll5,motion_enorm_mean_roll3,motion_enorm_mean_roll5,motion_active_ratio_roll5,hr_mean_prev1,hr_mean_next1,motion_vm_std_prev1,motion_vm_std_next1,relative_time_in_night,time_from_start_minutes
2026-08-10 23:00:00,0,Light,56.20471069679868,3.4050927182392634,51.459369806531576,59.84840400400672,6.0,1.000236938645978,0.023183889740653447,1.1132198304664396,0.8389861557171301,0.01712998213091107,0.01562410303420332,0.1610138442828699,0.023084420750419016,0.023648820832073744,0.023158554356835618,46.0,1500.0,0.030666666666666665,-7.115969846832947,0.8876201300153489,2.5732350743959387,56.20471069679868,56.20471069679868,3.4050927182392634,0.01712998213091107,0.01712998213091107,0.030666666666666665,56.20471069679868,57.96941728601018,0.023183889740653447,0.022801577190270587,0.0,0.0
2026-08-10 23:00:30,1,Light,57.96941728601018,2.29054411392489,53.062650505557265,59.821876674959334,6.0,1.0002633389794702,0.022801577190270587,1.147525736769737,0.8761522820093317,0.0171809068860402,0.014993255428865088,0.1475257367697369,0.023201128626044655,0.023319616425347387,0.02285305018936384,39.0,1500.0,0.026,-5.351263257621447,0.915489486030806,4.337941663607438,57.08706399140443,57.08706399140443,2.8478184160820765,0.017155444508475635,0.017155444508475635,0.028333333333333332,56.20471069679868,59.96713708273413,0.023183889740653447,0.025420940620579976,0.0010427528675703858,0.5
2026-08-10 23:01:00,2,Light,59.96713708273413,1.92844463570555,56.637906353424924,62.7376126301104,6.0,1.002823331704499,0.025420940620579976,1.2336473630099838,0.8364579082956944,0.017939825255774356,0.018230690983639716,0.2336473630099838,0.024239908854644304,0.02382706729045891,0.025169431085252884,51.0,1500.0,0.034,-3.353543460897491,0.9470387331262697,6.335661460331394,58.047088355180996,58.047088355180996,2.541360489289901,0.017416904757575208,0.017416904757575208,0.030222222222222223,57.96941728601018,57.47498427522163,0.022801577190270587,0.023282891175610207,0.0020855057351407717,1.0
2026-08-10 23:01:30,3,Light,57.47498427522163,1.8245366226148247,54.99489380688172,60.31516143394478,5.0,1.0016655963882315,0.023282891175610207,1.1467605830968162,0.8133212096358666,0.01682375831271473,0.016181112108231612,0.18667879036413337,0.023439038676634955,0.023194579199988716,0.023455944559620776,44.0,1500.0,0.029333333333333333,-5.845696268409995,0.9076810890498568,3.8435086528188904,58.47051288132198,57.904062335191156,2.362154522621132,0.017314830151509763,0.01726861814636009,0.03,59.96713708273413,63.10851058063594,0.025420940620579976,0.0229698017422659,0.0031282586027111575,1.5
2026-08-10 23:02:00,4,Light,63.10851058063594,2.3250354840014458,60.40731946073992,66.77037423344663,4.0,1.0002879939787426,0.0229698017422659,1.1593120490739592,0.8861904603749442,0.01726877464725587,0.015148734428759596,0.15931204907395924,0.02316093543877506,0.02241299281031409,0.022890435448242583,41.0,1500.0,0.027333333333333334,-0.2121699629956879,0.9966492785425847,9.477034958233197,60.18354397953056,58.94495198428011,2.3547307148971948,0.017344119405248323,0.017268649446539244,0.02946666666666667,57.47498427522163,56.32423162459967,0.023282891175610207,0.02277210046937155,0.004171011470281543,2.0
2026-08-10 23:02:30,5,Light,56.32423162459967,3.200788302088294,54.05615566609268,63.013973802758414,6.0,1.0001213207935216,0.02277210046937155,1.1443530123403285,0.8519205991929454,0.01699513200577602,0.015157465705992546,0.14807940080705462,0.023563695142737873,0.025615715898228194,0.022962445524344063,38.0,1500.0,0.025333333333333333,-6.996448919031955,0.8895076796559223,2.69275600219693,58.96924216015242,58.96885616984031,2.313869831667001,0.017029221655248877,0.017241679421512238,0.0284,63.10851058063594,58.18220260958713,0.0229698017422659,0.022815847648901145,0.005213764337851929,2.5
2026-08-10 23:03:00,6,Light,58.18220260958713,1.5423933597744148,56.01402752935513,59.72412104374399,6.0,1.0000184088991988,0.022815847648901145,1.1597825356253992,0.8992982104993659,0.0171438687408662,0.015054932992922567,0.15978253562539924,0.02386585146121988,0.022941959886446792,0.022727460916181715,40.0,1500.0,0.02666666666666667,-5.138477934044495,0.9188499256494285,4.55072698718439,59.20498160494091,59.0114132345557,2.164239680836906,0.017135925131299367,0.017234271792477433,0.028533333333333334,56.32423162459967,58.59755856062761,0.02277210046937155,0.023183095607099108,0.006256517205422315,3.0
2026-08-10 23:03:30,7,Light,58.59755856062761,1.691487227063544,55.69613617970401,60.42141313457087,6.0,0.9997471560511315,0.023183095607099108,1.1528822793270739,0.8323936807607138,0.0174309711232022,0.015286631338933645,0.16760631923928615,0.023700970331822533,0.02270122071537006,0.023209496091578952,34.0,1500.0,0.02266666666666667,-4.723121983004013,0.9254094879831636,4.966082938224872,57.70133093160481,58.7374975301344,2.1168481991085044,0.017189990623281474,0.017132500965963006,0.02626666666666667,58.18220260958713,56.713017764831896,0.022815847648901145,0.022332165103321994,0.0072992700729927005,3.5
2026-08-10 23:04:00,8,Light,56.713017764831896,2.0576999394044275,53.87960474344845,59.3166751828725,4.0,0.9992346794371997,0.022332165103321994,1.1188418243337563,0.8287098401152244,0.016822465747258732,0.014707683704383375,0.17129015988477558,0.022983955699553603,0.02279500054597979,0.02237605731341075,36.0,1500.0,0.024,-6.607662778799728,0.8956476348316146,3.081542142429157,57.83092631168221,58.585104228056444,2.1634808624664252,0.01713243520377571,0.017132242452871805,0.0252,58.59755856062761,59.90763724646215,0.023183095607099108,0.023995080141222085,0.008342022940563087,4.0
2026-08-10 23:04:30,9,Light,59.90763724646215,1.4238914976668176,58.484773272193856,62.454331133121315,5.0,1.0001620235586535,0.023995080141222085,1.174438651360491,0.807359654321162,0.01719421073490105,0.016737659329220517,0.19264034567883803,0.02349238651535397,0.024047856462946264,0.02396480494275295,49.0,1500.0,0.03266666666666666,-3.413043297169473,0.9460990743013621,6.276161624059412,58.406071190640546,57.94492956122169,1.9832520651994994,0.017149215868453995,0.01711732967040084,0.026266666666666667,56.713017764831896,57.56742326782953,0.022332165103321994,0.022585872934968523,0.009384775808133473,4.5
2026-08-10 23:05:00,10,Light,57.56742326782953,1.5160773006221138,56.40377676100807,60.525362705164895,5.0,1.000940712919724,0.022585872934968523,1.1527405328389255,0.9042876293089376,0.017071284541380963,0.014818159168367928,0.15274053283892552,0.023901057018961495,0.02404886286702264,0.02254380756430089,49.0,1500.0,0.03266666666666666,-5.753257275802092,0.909140943742104,3.9359476454267934,58.06269275970786,58.193567889867666,1.6463098649062637,0.017029320341180248,0.01713256017752183,0.027733333333333332,59.90763724646215,56.49803342990466,0.023995080141222085,0.024879183549455224,0.010427528675703858,5.0
2026-08-10 23:05:30,11,Light,56.49803342990466,2.3323416783602346,51.45479669538694,58.36024755075373,6.0,1.0004831882874436,0.024879183549455224,1.173345147920963,0.8388416212105804,0.01778829500082458,0.017400684066215488,0.1733451479209629,0.023988440235010372,0.022698882146318686,0.024760099989228655,47.0,1500.0,0.03133333333333333,-6.8226471137269655,0.8922524670431209,2.86655780750192,57.99103131473211,57.85673405393116,1.8042995286234274,0.017351263425702198,0.017261445429513505,0.028666666666666663,57.56742326782953,57.46788393445253,0.022585872934968523,0.022760233905347867,0.011470281543274244,5.5
2026-08-10 23:06:00,12,Light,57.46788393445253,1.8541474192017826,54.17064750976339,59.615910162067856,5.0,0.9994017791065957,0.022760233905347867,1.1863181108656833,0.8948156757898623,0.01706185272511361,0.0150757851288079,0.18631811086568328,0.02487645237120615,0.024156709884635755,0.02289344688537122,44.0,1500.0,0.029333333333333333,-5.852796609179094,0.9075689560040945,3.836408312049791,57.177780210728905,57.63079912869616,1.8368315670510753,0.017307144089106385,0.017187621749895788,0.03,56.49803342990466,57.438358975985416,0.024879183549455224,0.02407851231236238,0.01251303441084463,6.0
2026-08-10 23:06:30,13,Light,57.438358975985416,1.6297977797257321,55.267304541014845,59.66736899531183,6.0,1.0008972323978909,0.02407851231236238,1.1529132302519967,0.8290927221036406,0.01708278803872949,0.01699288480441894,0.1709072778963594,0.02631769234024762,0.023912080638428285,0.024098870233674775,39.0,1500.0,0.026,-5.882321567646208,0.9071026792961748,3.806883353582677,57.134758780114204,57.77586737092686,1.7512511351153361,0.01731097858822256,0.017239686208189938,0.0304,57.46788393445253,59.08422912341854,0.022760233905347867,0.024191554247185155,0.013555787278415016,6.5
2026-08-10 23:07:00,14,Light,59.08422912341854,2.6251977771080828,55.99968636613179,62.109061032349175,4.0,1.0001366783805818,0.024191554247185155,1.1522674799276744,0.8047326545413217,0.017219377735799787,0.016992439738485562,0.1952673454586783,0.023119040752166028,0.023229196671697285,0.024198019824941953,37.0,1500.0,0.024666666666666667,-4.236451420213086,0.933095295504698,5.452753501015799,57.9968240112855,57.61118574631813,1.9915123910035892,0.017121339499880962,0.017244719608369687,0.0288,57.438358975985416,55.60329149260343,0.02407851231236238,0.0236495009844156,0.014598540145985401,7.0
2026-08-10 23:07:30,15,Light,55.60329149260343,2.5457385515539706,52.656262932127945,58.710959537813814,5.0,0.9997828304841327,0.0236495009844156,1.1276403891622755,0.7743355166259934,0.017568926980567504,0.01583284131676888,0.22566448337400657,0.022289117052513067,0.022740822660620472,0.023630996498563317,38.0,1500.0,0.025333333333333333,-7.717389051028192,0.8781221398005907,1.9718158702006932,57.37529319733579,57.21835939127292,2.1974446411899606,0.017290364251698928,0.017344248096206997,0.02733333333333333,59.08422912341854,59.2517551615386,0.024191554247185155,0.023361090125324543,0.01564129301355579,7.5
2026-08-10 23:08:00,16,Light,59.2517551615386,1.6080805878573234,57.379743437815804,61.67923528536132,6.0,0.9999366407270156,0.023361090125324543,1.1797749784848237,0.8391859919370358,0.017162331928534683,0.0158492557874434,0.1797749784848237,0.024232468965554883,0.024774173087483916,0.02325967299601581,37.0,1500.0,0.024666666666666667,-4.068925382093028,0.9357409720306259,5.620279539135858,57.97975859252019,57.76910373759971,2.0525924230893784,0.017316878881633992,0.017219055481749016,0.026000000000000002,55.60329149260343,58.0872636050862,0.0236495009844156,0.022573560821526138,0.016684045881126174,8.0
2026-08-10 23:08:30,17,Light,58.0872636050862,2.110937066492067,54.55625130507136,61.05744440348512,6.0,1.000426478998447,0.022573560821526138,1.1255829006614266,0.8264764299109473,0.01687975937696424,0.014994040678717794,0.17352357008905273,0.023078554111531598,0.023219656341571446,0.022689772533700525,38.0,1500.0,0.025333333333333333,-5.233416938545425,0.917350589197485,4.455787982683461,57.64743675307608,57.89297967172644,2.103950352547435,0.017203672762022143,0.01718263681211914,0.0252,59.2517551615386,58.717890867934955,0.023361090125324543,0.022363020418903288,0.017726798748696558,8.5
2026-08-10 23:09:00,18,Light,58.717890867934955,4.034476082381672,51.800441143192934,61.77463811806234,4.0,1.0007218024822888,0.022363020418903288,1.1474693854364604,0.9032037850575421,0.016839332279796365,0.01473304345511584,0.14746938543646038,0.025419149858750923,0.022710721855086703,0.02218906334014962,38.0,1500.0,0.025333333333333333,-4.60278967569667,0.9273098514390559,5.086415245532216,58.68563654485325,58.148886050116346,2.584886013078623,0.016960474528431763,0.017133945660332515,0.025066666666666664,58.0872636050862,58.15709384729143,0.022573560821526138,0.02385747422486813,0.018769551616266946,9.0
2026-08-10 23:09:30,19,Light,58.15709384729143,2.2880362343265457,55.49701781583346,61.79838978068329,4.0,1.0006046604050758,0.02385747422486813,1.2239257484575465,0.8284383684307648,0.01738101421062457,0.016353746836911116,0.22392574845754654,0.024240982194012,0.022507719337248933,0.02393989975619327,32.0,1500.0,0.021333333333333333,-5.163586696340197,0.9184533922881295,4.525618224888689,58.3207494401042,57.96345899489093,2.5174537045223158,0.017033368622461725,0.017166272955297473,0.024399999999999998,58.717890867934955,58.794635057555645,0.022363020418903288,0.02348487920733532,0.01981230448383733,9.5
2026-08-10 23:10:00,20,Light,58.794635057555645,2.8407548244234775,55.85835987514435,62.67021198811415,6.0,0.9998010473040458,0.02348487920733532,1.130129531255242,0.8637358492947622,0.017305185998915798,0.01587796180563761,0.13626415070523779,0.02291126312471799,0.023459378639203995,0.023631289353887624,58.0,1500.0,0.03866666666666667,-4.526045486075979,0.9285218439344273,5.163159435152906,58.556539924260676,58.601727707881366,2.576456959096217,0.01717517749644558,0.01711352475896713,0.027066666666666666,58.15709384729143,58.35445523301138,0.02385747422486813,0.02434470633530824,0.020855057351407715,10.0
2026-08-10 23:10:30,21,Light,58.35445523301138,1.4590994686396719,55.87935773601418,60.54370531425662,6.0,1.0018015183331284,0.02434470633530824,1.2044893081132484,0.8741382548742567,0.017518440626323625,0.017000424491140458,0.2044893081132484,0.02240477407551522,0.024259875909755348,0.02421844453342788,40.0,1500.0,0.02666666666666667,-4.966225310620246,0.9215702473823189,4.72297961060864,58.435394712619484,58.422267722175924,2.5466607352526864,0.017401546945288,0.01718474649852492,0.027466666666666667,58.794635057555645,57.74728199696722,0.02348487920733532,0.023837942956355225,0.021897810218978103,10.5
2026-08-10 23:11:00,22,Light,57.74728199696722,2.534133227332592,54.46965636603436,61.32455461308092,4.0,1.000640768585088,0.023837942956355225,1.143234329228918,0.8309249322669192,0.01803738090197499,0.01559842937500918,0.16907506773308079,0.023325193700093894,0.02537252005005063,0.02399923250588742,44.0,1500.0,0.029333333333333333,-5.573398546664407,0.9119813858787571,4.115806374564478,58.29879076251141,58.35427140055212,2.6312999674207918,0.017620335842404803,0.01741627080352707,0.02826666666666667,58.35445523301138,56.46942878973323,0.02434470633530824,0.022837454316996353,0.022940563086548488,11.0
2026-08-10 23:11:30,23,Light,56.46942878973323,3.1672530837022315,52.06026479630839,61.52395719926178,5.0,1.0012874994499135,0.022837454316996353,1.2236444967083755,0.8769107077208028,0.016944181946402008,0.015365600303328451,0.2236444967083755,0.022969689023466557,0.02362729633262939,0.0227654745960567,41.0,1500.0,0.027333333333333334,-6.851251753898396,0.8918007245803765,2.8379531673304896,57.52372200657061,57.90457898491178,2.4578553676849038,0.017500001158233542,0.017437240736848197,0.028666666666666667,57.74728199696722,60.156588123876844,0.023837942956355225,0.023747519680992164,0.023983315954118872,11.5
2026-08-10 23:12:00,24,Light,60.156588123876844,0.9919265644410857,58.9499338003915,61.14455764943429,4.0,1.0003270464945864,0.023747519680992164,1.169602482911582,0.8737385234376721,0.017474632145346534,0.016083808062568802,0.1696024829115821,0.022751988176587586,0.022702691934208707,0.02385071388637635,46.0,1500.0,0.030666666666666665,-3.1640924197547804,0.950030663085269,6.525112501474105,58.12443297019243,58.304477840228856,2.1986334337078115,0.017485398331241176,0.01745596432379259,0.030533333333333336,56.46942878973323,58.629578144815895,0.022837454316996353,0.02334691070230769,0.02502606882168926,12.0
2026-08-10 23:12:30,25,Light,58.629578144815895,2.6935497249468807,53.486656380250736,61.48662744201317,6.0,0.9996395363765896,0.02334691070230769,1.1326074515346676,0.8228003560730354,0.016838102516127308,0.016176726400039004,0.17719964392696463,0.0227652667644191,0.021656144993649012,0.023470631364348286,41.0,1500.0,0.027333333333333334,-4.69110239881573,0.9259151613889669,4.998102522413156,58.41853168614199,58.271466457680916,2.1691924138124925,0.017085638869291948,0.01736254762723489,0.02826666666666667,60.156588123876844,59.14597675864147,0.023747519680992164,0.02362190686779711,0.026068821689259645,12.5
2026-08-10 23:13:00,26,Light,59.14597675864147,3.7125161809959635,52.45465093457885,64.2660704547843,6.0,1.0012922565695672,0.02362190686779711,1.1968152578254336,0.855871133464745,0.017392098952459772,0.016036810940468098,0.19681525782543363,0.024390834287275686,0.023101324420128442,0.023604500543634086,39.0,1500.0,0.026,-4.174703784990157,0.9340704529839419,5.514501136238728,59.31071434244473,58.429770762806925,2.6198757562837507,0.017234944537977873,0.01733727929246212,0.028133333333333333,58.629578144815895,60.981843584133955,0.02334691070230769,0.022985115422347654,0.027111574556830033,13.0
2026-08-10 23:13:30,27,Light,60.981843584133955,1.7960907241332988,58.835925404351784,63.817670723514865,4.0,1.001791560747381,0.022985115422347654,1.2428558964420866,0.9038058148247217,0.01689667715852767,0.015685264482650264,0.2428558964420866,0.02225471558900211,0.023027886723499404,0.02284972817647088,33.0,1500.0,0.022,-2.3388369594976695,0.9630636161927212,7.350367961731216,59.585799495863775,59.07668308024027,2.472267255643892,0.017042292875704915,0.01710913854377266,0.026666666666666665,59.14597675864147,68.06637536220317,0.02362190686779711,0.19619601554731012,0.028154327424400417,13.5
2026-08-10 23:14:00,28,Wake,68.06637536220317,6.160202997436412,58.15733462497191,74.01731948387388,6.0,1.0472988922598376,0.19619601554731012,2.067430298954312,0.3431368126642631,0.13409426759470122,0.15082701722134784,1.0674302989543119,0.2056877629834817,0.21320159246426532,0.20140075235184232,1049.0,1500.0,0.6993333333333334,4.74569481857155,1.0749469964287812,14.434899739800436,62.7313985683262,61.39607239473427,3.070857238390728,0.05612768123522955,0.040539155673432505,0.16106666666666666,60.981843584133955,77.83454107916948,0.022985115422347654,0.19081557342410066,0.029197080291970802,14.0
2026-08-10 23:14:30,29,Wake,77.83454107916948,2.157344886548562,75.87954705722524,82.40930686640598,6.0,1.0332487447188479,0.19081557342410066,1.923135468568484,0.30831231857785235,0.1329129412140085,0.14089078090630697,0.923135468568484,0.19871447123260474,0.185552187700101,0.20412629940014626,1062.0,1500.0,0.708,14.513860535537859,1.2292120111617715,24.203065456766744,68.96092000850221,64.9316629857928,3.3039409028122235,0.09463462865574579,0.0636268174871649,0.29653333333333337,68.06637536220317,75.81663353176421,0.19619601554731012,0.19957210027121172,0.03023983315954119,14.5
2026-08-10 23:15:00,30,Wake,75.81663353176421,1.6563846872378667,73.65770180523675,78.30376632506523,4.0,1.040158758455888,0.19957210027121172,2.240621959092941,0.21661734448559744,0.1350206614035488,0.15235212529377187,1.240621959092941,0.20781231015406293,0.2087972038166505,0.20608012461976255,1039.0,1500.0,0.6926666666666667,12.495952988132586,1.1973439464145075,22.18515790936147,73.90584999104561,68.36907406318247,3.096507895270421,0.13400929007075282,0.08726332926464919,0.4295999999999999,77.83454107916948,74.20364180637634,0.19081557342410066,0.19693544215645695,0.03128258602711158,15.0
2026-08-10 23:15:30,31,Wake,74.20364180637634,3.588377214144206,67.71043251263202,78.55649508630665,5.0,1.0393658640636987,0.19693544215645695,2.5301118281069983,0.3106649863653447,0.1295124537054831,0.1534919019558553,1.5301118281069983,0.20382349222735124,0.1906359240492524,0.19916909893956772,1046.0,1500.0,0.6973333333333334,10.882961262744715,1.1718705669192189,20.5721661839736,75.95160547243667,71.38060707272943,3.071680101900069,0.13248201877434682,0.10968740021525387,0.5638666666666667,75.81663353176421,77.38882920359235,0.19957210027121172,0.2068247917620156,0.03232533889468196,15.5
2026-08-10 23:16:00,32,Wake,77.38882920359235,2.2405275965638247,75.13007030079712,81.60680717728707,5.0,1.0411834550657166,0.2068247917620156,2.0982239205873636,0.14116616908484145,0.13577674279698151,0.16136061345320096,1.0982239205873636,0.19946738273160627,0.20014117870227102,0.21080620156094726,1024.0,1500.0,0.6826666666666666,14.068148659960727,1.222173048981477,23.757353581189612,75.8030348472443,74.66200419662111,3.1605674763861744,0.13343661930200446,0.13346341334294462,0.696,74.20364180637634,77.3913118011398,0.19693544215645695,0.18990522938636142,0.03336809176225235,16.0
2026-08-10 23:16:30,33,Wake,77.3913118011398,4.019633978226754,73.25729424656414,82.65830881376114,6.0,1.0434917989505905,0.18990522938636142,2.0452475111338506,0.17350647027529884,0.129028936498961,0.1459694018285758,1.0452475111338506,0.18827737365845457,0.1864378000287413,0.19698626163690622,1012.0,1500.0,0.6746666666666666,14.070631257508182,1.2222122557228787,23.759836178737068,76.32792760370283,76.52699148440843,2.7324536725442425,0.13143937766714187,0.13245034712379658,0.6910666666666667,77.38882920359235,77.2072940032645,0.2068247917620156,0.19272525814988867,0.03441084462982273,16.5
2026-08-10 23:17:00,34,Wake,77.2072940032645,4.984578542381611,70.79841216677312,84.26966230495952,6.0,1.04032000741689,0.19272525814988867,2.101385642735121,0.3108971803373572,0.12729315265327826,0.1502171142534314,1.1013856427351212,0.19761356477170902,0.1958417464617497,0.19741251660531098,1014.0,1500.0,0.676,13.88661345963287,1.219306130957708,23.575818380861755,77.32914500266556,76.40154206922743,3.2979004037108526,0.13069961064974026,0.1313263894116505,0.6846666666666666,77.3913118011398,74.45992636896054,0.18990522938636142,0.19378077802353955,0.035453597497393116,17.0
2026-08-10 23:17:30,35,Wake,74.45992636896054,3.394705942207315,69.55990066577337,79.21247641568517,5.0,1.0379829622098609,0.19378077802353955,2.1800697646929748,0.09773805361859321,0.1291781920447178,0.14935424349412382,1.1800697646929748,0.19199906996550817,0.19839197667691788,0.19349433529065227,1024.0,1500.0,0.6826666666666666,11.139245825328913,1.1759179738703744,20.8284507465578,76.35284405778827,76.13020063666671,3.6455646547047422,0.12850009373231902,0.13015789553988433,0.6826666666666668,77.2072940032645,73.76426933685764,0.19272525814988867,0.2008345837865157,0.0364963503649635,17.5
2026-08-10 23:18:00,36,Wake,73.76426933685764,7.290976349627042,62.500050946955795,84.88483766512367,6.0,1.0431374137022424,0.2008345837865157,2.1604803312047545,0.2156764940267136,0.1329770326995853,0.15656460417359616,1.1604803312047545,0.21818339347562585,0.20019643616293917,0.2026389324601998,1001.0,1500.0,0.6673333333333333,10.443588793226013,1.1649317206252983,20.1327937144549,75.14382990302755,76.04232614276296,4.386084481801309,0.12981612579919377,0.1308508113387048,0.6766666666666667,74.45992636896054,76.59098294421982,0.19378077802353955,0.1866099201881113,0.03753910323253389,18.0
2026-08-10 23:18:30,37,Wake,76.59098294421982,5.28425463671798,68.77619401359875,83.59351836605225,4.0,1.033150613012324,0.1866099201881113,2.106539765398392,0.1672321359335706,0.1264050660435482,0.14122317350290767,1.106539765398392,0.17952337278988614,0.2003465464982754,0.19498474230555826,1017.0,1500.0,0.678,13.270302400588193,1.2095729592079192,22.959507321817078,74.938392883346,75.88275689088846,4.99482988983214,0.12952009692928376,0.12897647598801812,0.6757333333333333,73.76426933685764,77.11614766706884,0.2008345837865157,0.19822486405520776,0.03858185610010428,18.5
2026-08-10 23:19:00,38,Wake,77.11614766706884,3.244439881757934,70.948473175656,80.40729689426193,5.0,1.0356698253690362,0.19822486405520776,2.0360833450879654,0.35951981226518015,0.13516971414803483,0.14931370181166118,1.0360833450879654,0.21212025116107516,0.20022355402727882,0.20504394832807477,1057.0,1500.0,0.7046666666666667,13.79546712343722,1.2178666907082805,23.484672044666105,75.82379998271544,75.82772406407427,4.839791070538377,0.1315172709637228,0.13020463151783288,0.6817333333333334,76.59098294421982,71.1530674815014,0.1866099201881113,0.20675726568228178,0.03962460896767466,19.0
2026-08-10 23:19:30,39,Wake,71.1530674815014,2.5442182038757943,67.29769919309452,74.42540356179957,4.0,1.047104103496845,0.20675726568228178,1.992971960323173,0.17329435578143965,0.13813700450799266,0.16088981156124818,0.992971960323173,0.20590960736221153,0.2198650979053367,0.2068180641130059,1022.0,1500.0,0.6813333333333333,7.832386937869771,1.1236939791332912,17.521591859098656,74.95339936426336,74.61687875972164,4.351719002837212,0.13323726156652524,0.13237340188877575,0.6828,77.11614766706884,77.45771287262431,0.19822486405520776,0.19517013958775295,0.040667361835245046,19.5
2026-08-10 23:20:00,40,Wake,77.45771287262431,3.4867028746903217,70.95796343252621,82.75897204043319,6.0,1.0301644223515358,0.19517013958775295,2.1134783531404135,0.22952360057355156,0.13139334003616956,0.1474349550026869,1.1134783531404135,0.19544912694428834,0.19548849699544196,0.20588718008902662,1024.0,1500.0,0.6826666666666666,14.137032328992689,1.2232609031934116,23.826237250221574,75.2423093403982,75.2164360604544,4.370118389333814,0.1349000195640657,0.13281643148706612,0.6828000000000001,71.1530674815014,78.18231501297738,0.20675726568228178,0.20521892937182212,0.04171011470281543,20.0
2026-08-10 23:20:30,41,Wake,78.18231501297738,1.6250189217430955,75.5043254608012,80.05820784584029,6.0,1.051436379708981,0.20521892937182212,2.493402102892894,0.34273091732808547,0.13818421727904934,0.16020496941437204,1.4934021028928939,0.20920609968732495,0.21439256240345037,0.20346255293002827,1055.0,1500.0,0.7033333333333334,14.86163446934576,1.2347042757872009,24.550839390574644,75.59769845570104,76.10004519567835,3.2369269037570247,0.13590485394107052,0.1338578684029589,0.6900000000000001,77.45771287262431,76.15775777856481,0.19517013958775295,0.20538605892819908,0.04275286757038582,20.5
2026-08-10 23:21:00,42,Wake,76.15775777856481,3.6334161088515495,69.7482697809347,81.8878181041153,6.0,1.0508911258383742,0.20538605892819908,2.2539113721723765,0.27674950170508067,0.13591283162818987,0.16217596027143547,1.2539113721723765,0.19866307132375263,0.19992085470044438,0.2055252573427525,1019.0,1500.0,0.6793333333333333,12.83707723493319,1.2027311950017292,22.526282156162075,77.26592855472217,76.01340016254736,2.9067591981837393,0.13516346298113627,0.13575942151988724,0.6902666666666667,78.18231501297738,77.71167031439549,0.20521892937182212,0.19507286569344415,0.043795620437956206,21.0
2026-08-10 23:21:30,43,Wake,77.71167031439549,6.211037641957496,70.26338963440554,85.04444186608512,5.0,1.041900657812358,0.19507286569344415,2.2669501216807806,0.3183205329714639,0.1316032294805624,0.1499655895372243,1.2669501216807806,0.207144993839787,0.2012621732551826,0.1964049234630394,1038.0,1500.0,0.692,14.390989770763866,1.2272715587895118,24.08019469199275,77.35058103531256,76.13250469201267,3.5000787502236514,0.13523342612926723,0.13504612458639276,0.6877333333333333,76.15775777856481,75.0850806432142,0.20538605892819908,0.19636342651864297,0.04483837330552659,21.5
2026-08-10 23:22:00,44,Wake,75.0850806432142,2.2489037186759013,72.70894753670215,78.77656827475602,4.0,1.0401432734806355,0.19636342651864297,2.1710787442279917,0.2924860408889419,0.13090876396106585,0.15176617936177197,1.1710787442279917,0.19411297210292408,0.20426588993351164,0.2000906232088606,1053.0,1500.0,0.702,11.764400099582573,1.1857908032349118,21.45360502081146,76.31816957872483,76.91890732435525,3.4410158531836728,0.13280827502327272,0.1336004764770074,0.6918666666666666,77.71167031439549,75.62787952225514,0.19507286569344415,0.18821432107846178,0.045881126173096975,22.0
2026-08-10 23:22:30,45,Wake,75.62787952225514,4.722569922246205,69.83750240904601,80.95471171223666,6.0,1.0392208436189787,0.18821432107846178,2.1079709819353063,0.21709072053007844,0.12691270337405514,0.14441631125153345,1.1079709819353063,0.20205889885116585,0.19722171089439375,0.19346877092957754,1002.0,1500.0,0.668,12.307198978623518,1.1943630244173251,21.996403899852403,76.14154349328828,76.5529406542814,3.68818926269485,0.12980823227189445,0.1327043491445845,0.6889333333333333,75.0850806432142,73.93558506204828,0.19636342651864297,0.20923807897270247,0.04692387904066736,22.5
2026-08-10 23:23:00,46,Wake,73.93558506204828,5.74808834498174,66.29001610969358,83.81632382874399,5.0,1.0415046031359274,0.20923807897270247,2.2583884794633415,0.34339220035365764,0.14158764109006428,0.159549821887111,1.2583884794633415,0.19283249759920873,0.20919618629657208,0.21594920589607658,1064.0,1500.0,0.7093333333333334,10.614904518416651,1.167637246272209,20.304109439645536,74.88284840917254,75.70359466409559,4.512803147342579,0.13313636947506177,0.13338503390678752,0.6901333333333334,75.62787952225514,78.49041021734766,0.18821432107846178,0.18984181147659587,0.047966631908237745,23.0
2026-08-10 23:23:30,47,Wake,78.49041021734766,2.7207824909157043,76.52813593990265,83.76614925130066,5.0,1.035959776475858,0.18984181147659587,2.2428659397577113,0.22660747788755,0.12571938565604834,0.14672305537704297,1.2428659397577113,0.1944546208174688,0.21083506890109105,0.19756964816566414,1012.0,1500.0,0.6746666666666666,15.169729673716034,1.2395699089693644,24.85893459494492,76.01795826721703,76.17012515185215,4.330276423755409,0.1314065767067226,0.1313463447123592,0.6891999999999999,73.93558506204828,75.02353265080149,0.20923807897270247,0.19482930047821254,0.049009384775808136,23.5
2026-08-10 23:24:00,48,Wake,75.02353265080149,2.3087112743016562,71.10248758807485,76.92019032195695,4.0,1.0412032652650194,0.19482930047821254,2.141068603564502,0.17969997536711502,0.13045703776057532,0.15045639465328486,1.1410686035645021,0.19938346876738008,0.20512671653198916,0.19943106282963777,1017.0,1500.0,0.678,11.70285210716986,1.1848187986404524,21.392057028398746,75.8165093100658,75.63249761913335,3.5498111502242415,0.13258802150222931,0.13111710636836177,0.6864000000000001,78.49041021734766,78.29780028346467,0.18984181147659587,0.19192147221888592,0.05005213764337852,24.0
2026-08-10 23:24:30,49,Wake,78.29780028346467,6.884373750034012,68.61703697160398,86.93652713390306,6.0,1.0360203281438165,0.19192147221888592,2.015182660911601,0.17547011745297944,0.12858698114550585,0.1469581703007293,1.0151826609116008,0.1969684169266371,0.19099213614161667,0.192666502358692,995.0,1500.0,0.6633333333333333,14.977119739833043,1.236528091790058,24.66632466106193,77.27058105053794,76.27504154718345,4.476905156495863,0.1282544681873765,0.1306527498052498,0.6786666666666668,75.02353265080149,75.46770930900347,0.19482930047821254,0.20735079482533847,0.051094890510948905,24.5
2026-08-10 23:25:00,50,Wake,75.46770930900347,4.484290733590579,68.27608163770935,80.46731642347555,4.0,1.046367943622801,0.20735079482533847,2.021644721705827,0.0947345314859638,0.13761138785767527,0.16188713427073603,1.0216447217058269,0.2048882501019262,0.2040351066391036,0.21281448490559415,1024.0,1500.0,0.6826666666666666,12.147028765371843,1.1918335157026911,21.83623368660073,76.26301408108988,76.24300750453311,4.429249318764738,0.13221846892125214,0.1327924867019738,0.6816,78.29780028346467,73.75410756029741,0.19192147221888592,0.20314008588619878,0.05213764337851929,25.0
2026-08-10 23:25:30,51,Wake,73.75410756029741,3.441698465965055,68.13941652130225,79.1493200965265,6.0,1.0389958036061515,0.20314008588619878,2.01769745747403,0.26466445962338003,0.13543226357668137,0.1563479106839553,1.0176974574740298,0.2059338730214946,0.2004014233001165,0.20526537919969476,1028.0,1500.0,0.6853333333333333,10.433427016665789,1.164771239460646,20.122631937894674,75.83987238425517,76.20671200418295,3.967971342961402,0.13387687752662084,0.13156141119929723,0.6768,75.46770930900347,72.73016291143983,0.20735079482533847,0.19667339579949286,0.053180396246089674,25.5
2026-08-10 23:26:00,52,Wake,72.73016291143983,2.4572585008007604,69.20019790553303,76.09202224290583,6.0,1.0396144826316396,0.19667339579949286,2.1175827369296254,0.30296886108490517,0.13142319561507534,0.1515838893279826,1.1175827369296254,0.2007979807609069,0.19611371475842682,0.20370957749420085,1002.0,1500.0,0.668,9.40948236780821,1.1486004617610597,19.098687289037095,73.9839932602469,75.05466254300138,3.9152665449384125,0.13482228234981064,0.1327021731911026,0.6754666666666667,73.75410756029741,71.75711011528577,0.20314008588619878,0.19633046135332494,0.054223149113660066,26.0
2026-08-10 23:26:30,53,Wake,71.75711011528577,3.5368203594962027,65.72386536952651,74.45058436223097,4.0,1.035753096859136,0.19633046135332494,2.2194071518608274,0.16241347433005712,0.13254319716672208,0.14918523678652523,1.2194071518608274,0.19411445981659914,0.20100729665137734,0.2012335562860706,1039.0,1500.0,0.6926666666666667,8.436429571654145,1.1332334001976014,18.12563449288303,72.747126862341,74.40137803589823,4.160888361977322,0.13313288545282628,0.13311940507233197,0.6784000000000001,72.73016291143983,75.12674776830934,0.19667339579949286,0.18784301394901712,0.05526590198123045,26.5
2026-08-10 23:27:00,54,Wake,75.12674776830934,1.863196445701772,72.34508990070297,77.20969236055197,5.0,1.0448141310401267,0.18784301394901712,2.026017547369799,0.1592987091940899,0.12899646532809086,0.14371226865925862,1.0260175473697992,0.1969720986294889,0.19967454864266582,0.1941073216740067,1051.0,1500.0,0.7006666666666667,11.806067224677719,1.1864488366726043,21.495272145906604,73.20467359834498,73.76716753286716,3.1566529011108737,0.13098761936996275,0.133201301908849,0.6858666666666666,71.75711011528577,73.08765208690285,0.19633046135332494,0.19052597520281145,0.056308654848800835,27.0
2026-08-10 23:27:30,55,Wake,73.08765208690285,4.131873909487072,66.66223608279505,80.70735193726003,6.0,1.0292593364438,0.19052597520281145,2.4654357932922104,0.24511996980571032,0.12582681477145763,0.14602694504981986,1.4654357932922104,0.19479285336389965,0.19097231684519905,0.1917816871723125,1004.0,1500.0,0.6693333333333333,9.766971543271225,1.1542461555911614,19.45617646450011,73.32383665683265,73.29115608844704,3.0861695362901727,0.12912215908875688,0.13084438729160547,0.6832,75.12674776830934,72.1192631182546,0.18784301394901712,0.1852809237799448,0.05735140771637122,27.5
2026-08-10 23:28:00,56,Wake,72.1192631182546,4.549884189588038,67.13269161133123,77.78372214029446,5.0,1.0288265496385072,0.1852809237799448,2.1117183066572403,0.2588015718505831,0.12329904554252297,0.1412704358636791,1.1117183066572403,0.19598159662961037,0.18735186029595774,0.1909117528690147,1004.0,1500.0,0.6693333333333333,8.79858257462297,1.1389527481240547,18.487787495851855,73.44455432448893,72.96418720003848,3.307806681014769,0.12604077521402382,0.1284177436847738,0.68,73.08765208690285,76.8804553982333,0.19052597520281145,0.20408474061380616,0.058394160583941604,28.0
2026-08-10 23:28:30,57,Wake,76.8804553982333,3.806277507959135,69.8191332860707,81.25245469508681,6.0,1.0307979734768227,0.20408474061380616,2.2822155445672703,0.08156001253970516,0.13645013146093848,0.15485624994160294,1.2822155445672703,0.19117681772614423,0.21161195341670638,0.20996805579830113,1059.0,1500.0,0.706,13.55977485460167,1.2141444902074008,23.248979775830556,74.02912353446358,73.79424569739717,3.577610482446444,0.1285253305916397,0.12942313085394638,0.6876,72.1192631182546,70.7720700010122,0.1852809237799448,0.20147020464369933,0.05943691345151199,28.5
2026-08-10 23:29:00,58,Wake,70.7720700010122,2.49399439603713,67.87617997376286,74.73245962338886,4.0,1.0417112139494267,0.20147020464369933,2.2365448094975284,0.2430093852878744,0.13645709990171168,0.15397898757532863,1.2365448094975284,0.20478416956264728,0.1972638732843637,0.20245089996872012,1047.0,1500.0,0.698,7.4513894573805715,1.117677027369378,17.140594378609457,73.2572628391667,73.59723767454246,3.3690452897546295,0.13206875896839104,0.13020591140094434,0.6886666666666666,76.8804553982333,73.5488067613025,0.20408474061380616,0.19892605463752305,0.06047966631908238,29.0
2026-08-10 23:29:30,59,Wake,73.5488067613025,2.9694399912185303,68.62820705178635,76.83420366537771,6.0,1.0414237658764878,0.19892605463752305,2.1752370098308447,0.027168096982420058,0.13075729102471595,0.1555314580299388,1.1752370098308447,0.20308094858938042,0.20514818935104168,0.20292793267362988,998.0,1500.0,0.6653333333333333,10.228126217670876,1.1615290001601153,19.917331138899762,73.73377738684933,73.28164947314107,3.590293998857981,0.1345548407957887,0.13055807654026935,0.6815999999999999,70.7720700010122,78.30711617158263,0.20147020464369933,0.19892337444582076,0.061522419186652764,29.5
2026-08-10 23:30:00,60,Wake,78.30711617158263,2.8043520365082792,73.50313074008352,80.42552059703539,4.0,1.0338369143713475,0.19892337444582076,2.3637349772924234,0.21717070710333447,0.13263753894486952,0.15206159586737977,1.3637349772924234,0.19862599562701702,0.20172300355436285,0.2015956033675227,1030.0,1500.0,0.6866666666666666,14.98643562795101,1.2366752141525783,24.675640549179896,74.20933097796578,74.32554229007704,3.3247896242622224,0.1332839766237657,0.1319202213749517,0.6850666666666666,73.5488067613025,77.43074177355051,0.19892605463752305,0.18854678606652306,0.06256517205422316,30.0
2026-08-10 23:30:30,61,Wake,77.43074177355051,5.4098237052586695,70.19315608097534,84.61323193502474,6.0,1.0371198798222137,0.18854678606652306,2.0530273295099764,0.24027793126899832,0.12654947062057476,0.14461330332885383,1.0530273295099764,0.19906871237341855,0.19809864537930932,0.1869477349405859,1032.0,1500.0,0.688,14.110061229918884,1.2228349586387695,23.79926615114777,76.42888823547855,75.38783802113622,3.496777527396348,0.1299814335300534,0.13257030639056205,0.6888,78.30711617158263,73.5483948429609,0.19892337444582076,0.18605538921795078,0.06360792492179354,30.5
2026-08-10 23:31:00,62,Wake,73.5483948429609,3.6071134686247484,67.66351629162887,78.62741777961485,6.0,1.0425853089584247,0.18605538921795078,2.111956516869294,0.3188240984053779,0.12697750404479208,0.14250203459137853,1.1119565168692942,0.20341835042397338,0.19660309034498286,0.19234678733594762,1033.0,1500.0,0.6886666666666666,10.227714299329278,1.1615224948866711,19.916919220558164,76.42875092936468,74.72142591008175,3.4569447195294716,0.12872150453674544,0.1306757809073328,0.6853333333333332,77.43074177355051,77.02795730189607,0.18854678606652306,0.1865576599923885,0.06465067778936393,31.0
2026-08-10 23:31:30,63,Wake,77.02795730189607,2.5330670060036695,73.68133877702806,80.07363372661905,4.0,1.0346479047086397,0.1865576599923885,2.213512592244853,0.29352312440257106,0.1257536462518002,0.14209242856996887,1.2135125922448529,0.196837386498569,0.18691665219007958,0.19994676581689116,995.0,1500.0,0.6633333333333333,13.707276758264442,1.2164739330118117,23.396481679493327,76.00236463946915,75.97260337025851,3.464759241522779,0.12642687363905566,0.1285350901773505,0.6783999999999999,73.5483948429609,74.2135373815872,0.18605538921795078,0.19990797678814554,0.06569343065693431,31.5
2026-08-10 23:32:00,64,Wake,74.2135373815872,0.5378226535713677,73.69930441188652,75.05896396097106,5.0,1.0338941389993759,0.19990797678814554,2.136804678809293,0.2876920978581483,0.1339151789106214,0.15224564591269932,1.136804678809293,0.2032637285126231,0.19471900336041004,0.20914547965912822,1027.0,1500.0,0.6846666666666666,10.892856837955577,1.172026844064788,20.582061759184462,74.9299631754814,76.10554949431545,2.978435773993347,0.12888210973573788,0.12916666775453162,0.6822666666666667,77.02795730189607,72.47163067104411,0.1865576599923885,0.2039474931133654,0.0667361835245047,32.0
2026-08-10 23:32:30,65,Wake,72.47163067104411,5.416812076904806,65.82504699669289,81.39244068901326,6.0,1.0531220061373805,0.2039474931133654,2.0706371495383324,0.2951788061869428,0.1349074222886089,0.16191514720596417,1.0706371495383324,0.2022525831023258,0.20523460799547685,0.2046753850048502,1018.0,1500.0,0.6786666666666666,9.150950127412486,1.144517558068678,18.84015504864137,74.57104178484245,74.93845239420776,3.5009277820726523,0.13152541581701016,0.12962064442327947,0.6806666666666666,74.2135373815872,78.25551101111822,0.19990797678814554,0.1938943314612758,0.06777893639207508,32.5
2026-08-10 23:33:00,66,Wake,78.25551101111822,3.690669346228582,72.0195547391534,83.15828985270856,6.0,1.0382385562752017,0.1938943314612758,2.0994881483195234,0.20249245801884844,0.13057028735983292,0.14835295419235003,1.0994881483195234,0.215986479087376,0.19654716228430888,0.19938457321517533,1024.0,1500.0,0.6826666666666666,14.934830467486591,1.2358602330117983,24.624035388715477,74.98022635458317,75.1034062417213,3.1570969102666346,0.1331309628530211,0.1304248077711311,0.6796,72.47163067104411,73.33205498408238,0.2039474931133654,0.19638435933479087,0.06882168925964546,33.0
2026-08-10 23:33:30,67,Wake,73.33205498408238,7.243150114025811,65.87293918447676,85.28766385892483,5.0,1.045159731512937,0.19638435933479087,2.1125565568276365,0.20507595368154272,0.13380789956524852,0.15067071366258666,1.1125565568276365,0.20211167676374794,0.20220187649491236,0.19950888006545525,1056.0,1500.0,0.704,10.011374440450751,1.1581059198116535,19.700579361679637,74.68639888874823,75.0601382699456,3.8843042393468474,0.13309520307123013,0.1317908868752224,0.6826666666666666,78.25551101111822,76.33853613066003,0.1938943314612758,0.197153731392244,0.06986444212721585,33.5
2026-08-10 23:34:00,68,Wake,76.33853613066003,4.538508006138932,71.06070767334367,84.27770736667983,5.0,1.0383458982037603,0.197153731392244,2.3570514463842973,0.20409249819984576,0.1310003967491495,0.15224617486985895,1.3570514463842973,0.20133767761401175,0.19872565235484507,0.19951474071809897,1001.0,1500.0,0.6673333333333333,13.017855587028407,1.2055861604023403,22.707060508257292,75.97536737528687,74.92225403569839,4.2853924393739,0.13179286122474365,0.13284023697469224,0.6834666666666667,73.33205498408238,77.19156133071512,0.19638435933479087,0.19235189118107807,0.07090719499478623,34.0
2026-08-10 23:34:30,69,Wake,77.19156133071512,2.3980321137134584,74.55727195955826,80.76487694320592,4.0,1.0384464437821823,0.19235189118107807,2.276508579321454,0.31159698260141033,0.13073078870381863,0.14624240139341022,1.2765085793214541,0.19614425469564917,0.191515975684372,0.1974473968222514,1043.0,1500.0,0.6953333333333334,13.870880787083493,1.219057670700896,23.56008570831238,75.62071748181917,75.51785882552397,4.657434331402318,0.1318463616727389,0.13220335893333168,0.6856,76.33853613066003,76.36568602545464,0.197153731392244,0.19584458295706506,0.07194994786235662,34.5
2026-08-10 23:35:00,70,Wake,76.36568602545464,2.438797801928806,72.6780160036314,78.95726027852042,4.0,1.0392911108333696,0.19584458295706506,2.183327054955271,0.25051735939071007,0.1312275894417168,0.1505928678040999,1.1833270549552708,0.2103854426854729,0.20637657992719596,0.20554241101866255,1014.0,1500.0,0.676,13.045005481823011,1.2060149286114232,22.734210403051897,76.63192782894326,76.29666989640609,4.061831476407118,0.13098625829822833,0.13146739236395327,0.6850666666666667,77.19156133071512,74.79664738058129,0.19235189118107807,0.192961554400902,0.072992700729927,35.0
2026-08-10 23:35:30,71,Wake,74.79664738058129,4.291000586971691,68.30665850173831,81.58296790212505,5.0,1.036485229858353,0.192961554400902,2.093909720706359,0.27634492087431833,0.13245604346060144,0.14498527520197482,1.093909720706359,0.18732373869693567,0.2095107157867119,0.20116960944494516,1056.0,1500.0,0.704,11.475966836949667,1.1812356837991036,21.165171758178552,76.11796491225034,75.6048971702987,4.181897724555739,0.1314714738687123,0.131844543584107,0.6893333333333332,76.36568602545464,75.60662282656327,0.19584458295706506,0.20858440594590683,0.0740354535974974,35.5
2026-08-10 23:36:00,72,Wake,75.60662282656327,5.354827345911613,69.98356838225533,85.77749776045545,5.0,1.0417090034491303,0.20858440594590683,2.04862705983354,0.15304403935162525,0.13756837032677646,0.16224068188392604,1.04862705983354,0.2002474906414619,0.21076345208319514,0.20909432190256802,1040.0,1500.0,0.6933333333333334,12.285942282931643,1.1940273253138194,21.97514720416053,75.58965207753306,76.05981073879487,3.8042331709329007,0.13375066774303157,0.13259663773641256,0.6872,74.79664738058129,72.38143924288289,0.192961554400902,0.1988487866760771,0.07507820646506778,36.0
2026-08-10 23:36:30,73,Wake,72.38143924288289,4.61094972090736,62.59718924495307,75.94188484106564,6.0,1.0464358403626808,0.1988487866760771,2.092621903645327,0.26468182342037183,0.13485929202323096,0.1533300315911052,1.0926219036453269,0.19858412740270504,0.21323616713738805,0.19881145992147098,1046.0,1500.0,0.6973333333333334,9.060758699251267,1.143093198327328,18.749963620480152,74.26156981667582,75.26839136123944,3.8187215138865858,0.13496123527020296,0.13336841679122885,0.6932,75.60662282656327,75.77122159908564,0.20858440594590683,0.19820089978335453,0.07612095933263817,36.5
2026-08-10 23:37:00,74,Wake,75.77122159908564,6.194399037901251,66.46484444968085,83.18901083081384,5.0,1.037111292273427,0.19820089978335453,2.168721177514115,0.24414555266255256,0.1330696028280822,0.15150354943799674,1.168721177514115,0.20238926294762566,0.1905161644731513,0.20138676759567176,1015.0,1500.0,0.6766666666666666,12.45054105545401,1.1966267726209112,22.139745976682896,74.5864278895106,74.98432341491355,4.577994898724144,0.1351657550593632,0.13383617961608157,0.6894666666666667,72.38143924288289,77.661740090775,0.1988487866760771,0.19068080069947566,0.07716371220020855,37.0
2026-08-10 23:37:30,75,Wake,77.661740090775,2.436584663386232,73.84746669613077,80.63355352804294,4.0,1.0395889567796976,0.19068080069947566,2.1506076883071423,0.36716026115694994,0.1284262163982403,0.1464006837276734,1.1506076883071423,0.20876188907742327,0.20745969244499632,0.19713991228101743,991.0,1500.0,0.6606666666666666,14.341059547143374,1.2264830293044868,24.03026446837226,75.27146697758117,75.24353422797762,4.577552271015629,0.13211837041651783,0.13327590500738626,0.6864,75.77122159908564,73.63387045474637,0.19820089978335453,0.20016588847518854,0.07820646506777894,37.5
2026-08-10 23:38:00,76,Wake,73.63387045474637,3.202894873814313,69.32657290426447,78.28294829370839,4.0,1.0439918086396471,0.20016588847518854,2.4594875398827023,0.270626622355905,0.13257668671699682,0.15628526570215193,1.4594875398827023,0.194696693963386,0.1997061308670241,0.20490333020090987,1004.0,1500.0,0.6693333333333333,10.313189911114748,1.1628723794907472,20.002394832343633,75.68894404820234,75.01097884281063,4.359931128384154,0.13135750198110643,0.13330003365866533,0.6794666666666667,77.661740090775,77.01438788854912,0.19068080069947566,0.2003539947823975,0.07924921793534932,38.0
2026-08-10 23:38:30,77,Wake,77.01438788854912,4.829697887121657,71.35301774243077,83.89108372378915,5.0,1.0421846034218092,0.2003539947823975,2.3072946801303935,0.2560219424799399,0.1357586321187794,0.15326727568648887,1.3072946801303935,0.1972347509154414,0.20621746009857247,0.20563508179877954,1052.0,1500.0,0.7013333333333334,13.693707344917499,1.216259636304473,23.382912266146384,76.10333281135682,75.29253185520781,4.254905236626163,0.1322538450780055,0.13293808601706594,0.6810666666666666,73.63387045474637,74.42448146284326,0.20016588847518854,0.19746064536282082,0.08029197080291971,38.5
2026-08-10 23:39:00,78,Wake,74.42448146284326,7.18036292471814,65.94113905958127,82.61250598818572,4.0,1.0409868420450523,0.19746064536282082,2.1078641644020717,0.19301358534296809,0.1312468088219678,0.15311728466106497,1.1078641644020717,0.19618566420772784,0.18888697910896457,0.20041780298605902,1039.0,1500.0,0.6926666666666667,11.103800919211636,1.1753582056269984,20.79300584044052,75.02424660204625,75.70114029919988,4.768787877388318,0.13319404255258135,0.1322155893768133,0.6801333333333334,77.01438788854912,72.97993185224519,0.2003539947823975,0.18310926559842086,0.08133472367049009,39.0
2026-08-10 23:39:30,79,Wake,72.97993185224519,4.740885636753855,65.98276487110854,78.69445250031809,4.0,1.0314716826600014,0.18310926559842086,2.0821811803931185,0.35075169449810023,0.12342268725890894,0.13887516058400948,1.0821811803931185,0.18516757390407218,0.18610232061891566,0.18809864987663844,1006.0,1500.0,0.6706666666666666,9.659251308613563,1.152544969916389,19.348456229842448,74.80626706787919,75.14288234983178,4.47808519715884,0.13014270939988537,0.13028620626297865,0.6789333333333334,74.42448146284326,76.0337240210664,0.19746064536282082,0.19387935862927486,0.08237747653806048,39.5
2026-08-10 23:40:00,80,Wake,76.0337240210664,5.295608992056074,69.33164543501512,84.03889639222787,4.0,1.0406989076113708,0.19387935862927486,2.2737565552491303,0.12339470424852428,0.1314188979129463,0.1482385916507725,1.2737565552491303,0.1985072470823333,0.20409891339061062,0.19824029260513246,1020.0,1500.0,0.68,12.71304347743478,1.2007723759171343,22.402248398663666,74.47937911205162,74.81727913589006,5.049890062892809,0.12869613133127436,0.13088474256591986,0.6828000000000001,72.97993185224519,77.50814241967632,0.18310926559842086,0.19800570592636987,0.08342022940563086,40.0
2026-08-10 23:40:30,81,Wake,77.50814241967632,4.825648615568091,71.44719169591745,85.64607186856519,5.0,1.0413783267997858,0.19800570592636987,2.1211738059105234,0.3011033263422942,0.1328132834038821,0.1525747595758552,1.1211738059105234,0.20155244289274576,0.20025193999297466,0.20202129289896065,1023.0,1500.0,0.682,14.187461876044694,1.2240573183080163,23.87666679727358,75.50726609766264,75.59213352887606,5.374440811243564,0.1292182895252458,0.1309320619032969,0.6853333333333333,76.0337240210664,75.90056044690371,0.19387935862927486,0.1987894739503325,0.08446298227320125,40.5
2026-08-10 23:41:00,82,Wake,75.90056044690371,2.545286573820238,72.97370337414996,79.45260932653687,4.0,1.0396733732314987,0.1987894739503325,2.0982894135964103,0.14537193805082396,0.1323254452712685,0.1535617401268175,1.0982894135964103,0.1958201453688985,0.20683106092300663,0.2017621607162155,1028.0,1500.0,0.6853333333333333,12.579879903272086,1.198669373027408,22.269084824500972,76.4808089625488,75.36936804054696,4.91755854858328,0.13218587552936564,0.13024542453379473,0.6821333333333334,77.50814241967632,76.15353369111799,0.19800570592636987,0.20150088427703058,0.08550573514077164,41.0
2026-08-10 23:41:30,83,Wake,76.15353369111799,3.2872463972262262,71.64846878778738,80.7558294458549,4.0,1.0352861906815611,0.20150088427703058,2.206064777368419,0.09116074268178072,0.1345186861665124,0.15411828148949794,1.206064777368419,0.18990543037005547,0.1974851927966355,0.2081172122318539,1048.0,1500.0,0.6986666666666667,12.832853147486361,1.2026644855568756,22.522058068715246,76.52074551923268,75.71517848620192,4.138935243084897,0.13321913828055434,0.13089980000270365,0.6833333333333333,75.90056044690371,74.0596592207896,0.1987894739503325,0.195839487284206,0.08654848800834203,41.5
2026-08-10 23:42:00,84,Wake,74.0596592207896,6.185895870859849,65.21842184583686,82.92976041422529,5.0,1.0286428137782309,0.195839487284206,2.185261554934086,0.2420141244138247,0.1305776688444452,0.14873798425427684,1.185261554934086,0.20341078376623078,0.20126979051494231,0.20189400658550102,1043.0,1500.0,0.6953333333333334,10.738978677157974,1.1695967033986343,20.42818359838686,75.37125111960377,75.93112395991082,4.427937289906096,0.13247393342740868,0.1323307963198109,0.6882666666666667,76.15353369111799,76.62372299071197,0.20150088427703058,0.2019074101683707,0.08759124087591241,42.0
2026-08-10 23:42:30,85,Wake,76.62372299071197,3.2491772513929247,72.96623224101727,82.07693811022651,5.0,1.0438446645963526,0.2019074101683707,2.330946269502385,0.3520734027148627,0.13454741830254527,0.1567990724544799,1.3309462695023848,0.19886504999724625,0.20345695558722687,0.20571385058565703,1028.0,1500.0,0.6853333333333333,13.303042447080344,1.2100900106074157,22.99224736830923,75.61230530087319,76.04912375383992,4.0186509417734655,0.13321459110450096,0.13295650039773071,0.6893333333333334,74.0596592207896,75.36649738318616,0.195839487284206,0.19590912057976617,0.0886339937434828,42.5
2026-08-10 23:43:00,86,Wake,75.36649738318616,6.87439130716502,70.43382524017377,87.07513652588976,4.0,1.0345137396500859,0.19590912057976617,2.358176310392121,0.14162695446887424,0.1291110184655017,0.15133382524000433,1.3581763103921212,0.19788661165848848,0.19509613756958985,0.20437704670814247,1016.0,1500.0,0.6773333333333333,12.045816839554533,1.1902351133332223,21.735021760783418,75.34995986489591,75.62079474654188,4.4283994800928514,0.13141203520416403,0.1322160474100546,0.6884,76.62372299071197,77.82975761969229,0.2019074101683707,0.20151474688362073,0.08967674661105318,43.0
2026-08-10 23:43:30,87,Wake,77.82975761969229,2.6573705157358494,73.26948907533298,79.88174365336612,4.0,1.0297412810835787,0.20151474688362073,2.0747055285773635,0.28540454060425263,0.1342668852755447,0.1531833559185392,1.0747055285773635,0.2006118326023255,0.19984894399392703,0.21298833474928147,1014.0,1500.0,0.676,14.509077076060663,1.2291364677621093,24.19828199728955,76.60665933119681,76.0066341810996,4.450816268475974,0.13264177401453056,0.13260433541090985,0.6865333333333334,75.36649738318616,77.06754522323793,0.19590912057976617,0.19982279279582987,0.09071949947862357,43.5
2026-08-10 23:44:00,88,Wake,77.06754522323793,5.024695811423568,69.55851114480728,83.57530974619262,5.0,1.048340877681469,0.19982279279582987,2.477377300579157,0.15506049764234375,0.1349006205620087,0.15513804029871234,1.4773773005791568,0.20714582501415918,0.20055828378343143,0.2028314989656997,1054.0,1500.0,0.7026666666666667,13.746864679606304,1.2170991303565337,23.43606960083519,76.75460007537212,76.18943648752358,4.798306151315442,0.13275950810101836,0.1326807222900091,0.6873333333333334,77.82975761969229,73.33379166739428,0.20151474688362073,0.20366482082080084,0.09176225234619395,44.0
2026-08-10 23:44:30,89,Wake,73.33379166739428,2.3599505471219446,68.67745546144839,76.51659426595826,6.0,1.0401376594423064,0.20366482082080084,2.042764942142033,0.1957292584943947,0.13612822748387843,0.15671469818613998,1.0427649421420329,0.19892682553441432,0.1931926453930581,0.20397257392526572,1063.0,1500.0,0.7086666666666667,10.013111123762656,1.158133346606454,19.70231604499154,76.0770315034415,76.04426297684452,4.033117086567861,0.13509857777381062,0.13379083401789577,0.6900000000000001,77.06754522323793,78.46237847556921,0.19982279279582987,0.19070493173393502,0.09280500521376434,44.5
2026-08-10 23:45:00,90,Wake,78.46237847556921,4.912012409950122,71.30329790458566,83.91438638364124,6.0,1.0367959043414625,0.19070493173393502,2.2331876081509594,0.25642175065841205,0.12912544417936983,0.1450824911194708,1.2331876081509594,0.18839914521063666,0.1940054647974891,0.1999915642622381,1013.0,1500.0,0.6753333333333333,15.141697931937586,1.2391272140782517,24.83090285316647,76.28790512206713,76.41199407381598,4.365684118279301,0.13338476407508562,0.13270643919326067,0.688,73.33379166739428,72.1395488160583,0.20366482082080084,0.2012204850247428,0.09384775808133472,45.0
2026-08-10 23:45:30,91,Wake,72.1395488160583,5.521595288622925,62.39649824105835,78.89749292840051,6.0,1.042186800488218,0.2012204850247428,1.9926867999942437,0.1417265197531573,0.13460151852750338,0.15540862569083996,0.9926867999942437,0.2031988724003408,0.21017999973617046,0.2060874012801647,1018.0,1500.0,0.6786666666666666,8.81886827242667,1.1392731126183957,18.508073193655555,74.64523965300727,75.7666043603904,4.095124914570882,0.1332850633969172,0.133804539205661,0.6882666666666666,78.46237847556921,78.77501916378344,0.19070493173393502,0.19553657763538762,0.0948905109489051,45.5
2026-08-10 23:46:00,92,Wake,78.77501916378344,4.992068611421349,70.24411793429708,82.73099195149152,4.0,1.0371969144096345,0.19553657763538762,2.1133351001101244,0.19211388534659485,0.1304369099204467,0.15034751798870144,1.1133351001101244,0.2028144349002156,0.20415919062371513,0.20429552424989264,1026.0,1500.0,0.684,15.454338620151816,1.2440646323992504,25.1435435413807,76.45898215180365,75.95565666920864,4.562064533707982,0.13138795754243998,0.1330385441346414,0.6898666666666667,72.1395488160583,74.05315753296937,0.2012204850247428,0.1970453741377186,0.09593326381647549,46.0
2026-08-10 23:46:30,93,Wake,74.05315753296937,4.943085017324413,66.36926228164644,81.019981138361,5.0,1.039002114757837,0.1970453741377186,2.3109742221618337,0.2923139949095752,0.1320495886794719,0.15136363682945542,1.3109742221618337,0.2192090994476437,0.2098799208297012,0.19680245218670253,1003.0,1500.0,0.6686666666666666,10.73247698933774,1.1694940246566434,20.421681910566626,74.9892418376037,75.35277913115492,4.545742374888151,0.13236267237580734,0.13246833775813405,0.6830666666666667,78.77501916378344,76.53333569818254,0.19553657763538762,0.19603460063203423,0.09697601668404589,46.5
2026-08-10 23:47:00,94,Wake,76.53333569818254,3.1978197181099395,71.39243492631114,80.79098314863572,6.0,1.0480127507849069,0.19603460063203423,2.07801505180399,0.16232876630569917,0.1344086643675157,0.1505626109823925,1.0780150518039902,0.2088681618579036,0.20303961127520787,0.19941121601608414,1061.0,1500.0,0.7073333333333334,13.212655154550916,1.2086625576528134,22.9018600757798,76.45383746497845,75.99268793731258,4.713316209085749,0.13229838765581145,0.1321244251348615,0.6828000000000001,74.05315753296937,59.37204305246653,0.1970453741377186,0.022957697660607672,0.09801876955161627,47.0
2026-08-10 23:47:30,95,Light,59.37204305246653,4.012513160884379,52.37111709306166,64.24257257575597,6.0,1.0019032731631397,0.022957697660607672,1.1531815222668549,0.838458018954647,0.01703246589545417,0.015510429914402402,0.161541981045353,0.023179959211183022,0.024101638329774036,0.02293412748691177,44.0,1500.0,0.029333333333333333,-3.948637491165094,0.9376406340351277,5.740567430063791,69.98617876120615,72.17462085269203,4.533416359272602,0.09449690631414726,0.10970582947807836,0.5536000000000001,76.53333569818254,56.263058026440014,0.19603460063203423,0.023925162476890284,0.09906152241918666,47.5
2026-08-10 23:48:00,96,Light,56.263058026440014,3.184360505609856,49.47043755469279,59.05324123355983,6.0,1.0018455079448394,0.023925162476890284,1.1617394027392791,0.806687230217176,0.01733340900433248,0.016594343355751974,0.19331276978282397,0.022707393022224003,0.02234910999756104,0.023941558610657273,37.0,1500.0,0.024666666666666667,-7.057622517191611,0.8885415877309073,2.6315824040372746,64.05614559236302,68.99932269476838,4.065969402669987,0.05625817975576745,0.08625220757344418,0.42280000000000006,59.37204305246653,57.928254992536715,0.022957697660607672,0.021865149156496604,0.10010427528675704,48.0
2026-08-10 23:48:30,97,Light,57.928254992536715,2.8861711874329736,54.283600897089606,61.42154739721221,6.0,1.0015499014481484,0.021865149156496604,1.1306579449562866,0.8645000707316963,0.016576496258930123,0.01434247935025504,0.13549992926830368,0.023121040494679754,0.022151438180378177,0.021793961640716866,39.0,1500.0,0.026,-5.3924255510949095,0.914839425211496,4.296779370133976,57.85445202381442,64.82996986051903,3.6447899178723118,0.016980790386238925,0.06348012484114088,0.2912,56.263058026440014,57.04867867210507,0.023925162476890284,0.02332109686717163,0.10114702815432743,48.5
2026-08-10 23:49:00,98,Light,57.04867867210507,1.748768574565379,54.54281747839654,59.94101604733461,6.0,0.9994724219599593,0.02332109686717163,1.1117489575216042,0.8397047251691341,0.017241672392757153,0.015712308257451273,0.16029527483086592,0.022337970258222147,0.024085727822929844,0.023337001481969256,42.0,1500.0,0.028,-6.272001871526555,0.9009486029259464,3.41720304970233,57.0799972303606,61.42907408834617,3.0059266293205056,0.01705052588533992,0.040518541583797925,0.16306666666666667,57.928254992536715,60.011116837709324,0.021865149156496604,0.02358767887460471,0.10218978102189781,49.0
2026-08-10 23:49:30,99,Light,60.011116837709324,1.8113757657733147,57.21395356513867,62.39899877337451,5.0,1.0005721503860117,0.02358767887460471,1.1767238940793876,0.8660194877232875,0.017033813621027315,0.016326516599685027,0.1767238940793876,0.023340348721170252,0.0237875155825914,0.023425889848501406,51.0,1500.0,0.034,-3.309563705922301,0.947733289069093,6.3796412153065845,58.32935016745037,58.124630316251526,2.7286378388531802,0.01695066075757153,0.01704357143450025,0.0284,57.04867867210507,59.08204852212213,0.02332109686717163,0.02200000260464064,0.1032325338894682,49.5
2026-08-10 23:50:00,100,Light,59.08204852212213,2.809858387879343,54.63570817750119,62.98745164156447,6.0,1.0012382264643942,0.02200000260464064,1.1230654316398068,0.8740049593318244,0.016768119275945695,0.01429557607545003,0.12599504066817557,0.022996515617220843,0.02178328417994026,0.022016610967760898,35.0,1500.0,0.023333333333333334,-4.2386320215094955,0.9330608580779729,5.45057289971939,58.7139480106455,58.06663141018265,2.4881068842521734,0.01701453509657672,0.016990702110598555,0.027200000000000002,60.011116837709324,56.854877065004764,0.02358767887460471,0.022972427077732442,0.10427528675703858,50.0
2026-08-10 23:50:30,101,Light,56.854877065004764,1.6425755912176054,54.65890293998091,59.41458099323014,6.0,1.000936684389707,0.022972427077732442,1.1301948210397597,0.8420114170131923,0.017296140521335057,0.015147716215782729,0.15798858298680774,0.0227487398434088,0.02198827465877558,0.022898671616153686,49.0,1500.0,0.03266666666666666,-6.46580347862686,0.8978879660939281,3.223401442602025,58.64934747494541,58.1849952178956,2.179749901373723,0.017032691139436024,0.01698324841399907,0.0288,59.08204852212213,58.84045894364839,0.02200000260464064,0.023459424749086626,0.10531803962460896,50.5
2026-08-10 23:51:00,102,Light,58.84045894364839,2.8246262452533832,55.261722697551555,61.728547913170004,4.0,1.000629358517331,0.023459424749086626,1.1742204909818976,0.900047008929278,0.017511816398170087,0.015622963487705407,0.17422049098189762,0.024528402424166706,0.023925179903095478,0.023409734680158806,44.0,1500.0,0.029333333333333333,-4.480221599983231,0.9292455235553557,5.208983321245654,58.259128176925095,58.367436008117934,2.1674409129378054,0.017192025398483614,0.01717031244184706,0.029466666666666662,56.854877065004764,60.05543895398044,0.022972427077732442,0.022943291049665797,0.10636079249217935,51.0
2026-08-10 23:51:30,103,Light,60.05543895398044,1.3458129038486555,58.41731296892777,62.39256024827465,5.0,1.0003638748728216,0.022943291049665797,1.1389598628771929,0.849602131033562,0.017257869393479564,0.01512259743266172,0.15039786896643803,0.022909831126800326,0.02337055093462918,0.02301203200007916,37.0,1500.0,0.024666666666666667,-3.2652415896511826,0.9484332517967611,6.423963331577703,58.583591654211205,58.96878806449301,2.08684977879446,0.017355275437661567,0.017173551841991545,0.0288,58.84045894364839,57.27221065422954,0.023459424749086626,0.022419840809060936,0.10740354535974973,51.5
2026-08-10 23:52:00,104,Light,57.27221065422954,1.374750309690865,55.392214084056846,59.113634971228244,4.0,0.9996539133901761,0.022419840809060936,1.1317496057392047,0.7877267901848714,0.016732244911124815,0.014926520628708863,0.21227320981512865,0.022285700991198604,0.022576837474062236,0.022388658002184068,31.0,1500.0,0.020666666666666667,-6.048469889402085,0.9044787605333089,3.6407350318268,58.72270285061946,58.42100682779706,1.9995246875779706,0.017167310234258156,0.01711323810001104,0.02613333333333333,60.05543895398044,58.4417620093203,0.022943291049665797,0.022679235084901057,0.10844629822732013,52.0
2026-08-10 23:52:30,105,Light,58.4417620093203,2.1699433197674516,54.33943802088576,60.567009830571074,5.0,1.0003769587782065,0.022679235084901057,1.1244667068938998,0.8610986056152654,0.0166657821832909,0.015386406538752888,0.1389013943847346,0.023003638702711465,0.023497761304713517,0.022635315403859223,46.0,1500.0,0.030666666666666665,-4.878918534311325,0.9229490508878934,4.810286386917561,58.589803872510096,58.29294952523669,1.871541673955592,0.016885298829298425,0.017092770681480084,0.027599999999999996,57.27221065422954,53.63147562240274,0.022419840809060936,0.023542130971638875,0.10948905109489052,52.5
2026-08-10 23:53:00,106,Light,53.63147562240274,1.9602380085290418,50.29783598299004,55.3154182765088,4.0,1.0009377942630333,0.023542130971638875,1.1989550660909263,0.8666688918347387,0.017525371302791488,0.015747150518899248,0.19895506609092628,0.023611460280665755,0.02202281609975576,0.023544828282563247,41.0,1500.0,0.027333333333333334,-9.689204921228885,0.8469819837998668,0.0,56.448482761984195,57.64826923671628,1.9350741574178794,0.016974466132402402,0.017138616837771372,0.026533333333333332,58.4417620093203,59.062693693871665,0.022679235084901057,0.024640104796884832,0.1105318039624609,53.0
2026-08-10 23:53:30,107,Light,59.062693693871665,2.723237542194281,54.932342762434914,63.33358679687803,5.0,1.0010859921791297,0.024640104796884832,1.2181242764152076,0.8272967467992579,0.017502537889080814,0.017377436832165118,0.2181242764152076,0.023229467313363384,0.02383649956646012,0.024583647213109603,44.0,1500.0,0.029333333333333333,-4.257986849759959,0.9327551944609004,5.431218071468926,57.0453104418649,57.69271618676093,1.914796416806059,0.017231230458387734,0.017136761135953516,0.026533333333333332,53.63147562240274,56.96999913031303,0.023542130971638875,0.02203593141356415,0.11157455683003129,53.5
2026-08-10 23:54:00,108,Light,56.96999913031303,1.9838894175453168,54.15050984284472,59.48362821276144,4.0,1.0006376850702519,0.02203593141356415,1.1637990312178246,0.866780080223184,0.016732353434813628,0.014353301503299025,0.16379903121782458,0.02328723107918288,0.02348930347157998,0.022000261640234827,34.0,1500.0,0.02266666666666667,-6.350681413318597,0.899706046132233,3.3385235079102884,56.554722815529146,57.075628222027454,2.0424117195453912,0.017253420875561976,0.01703165794422033,0.02613333333333333,59.062693693871665,57.50993789221568,0.024640104796884832,0.02268679839356332,0.11261730969760167,54.0
2026-08-10 23:54:30,109,Light,57.50993789221568,3.6312697471949895,52.8939479432513,61.980506897118126,6.0,1.000788378294439,0.02268679839356332,1.1657154469331494,0.8746208377040074,0.017011964050169456,0.01503015105849146,0.16571544693314944,0.02277068960795364,0.02200309476147561,0.02271093021426992,36.0,1500.0,0.024,-5.810742651415943,0.9082330985465009,3.8784622698129425,57.84754357213345,57.12317366962468,2.4937156070462163,0.017082285124687967,0.017087601772029257,0.0268,56.96999913031303,58.22119088528116,0.02203593141356415,0.02377641973317256,0.11366006256517205,54.5
2026-08-10 23:55:00,110,Light,58.22119088528116,3.0923624215817678,52.15686099629332,60.48831164374861,5.0,1.0001717598205977,0.02377641973317256,1.13398332618746,0.8286532569103365,0.017295811622767835,0.01631571442118605,0.17134674308966347,0.023917497209839485,0.02331071573527993,0.02398719432642944,51.0,1500.0,0.034,-5.099489658350464,0.9194656530130528,4.589715262878421,57.567042635936616,57.079059444816856,2.6781994274090795,0.017013376369250304,0.017213607659924645,0.027466666666666667,57.50993789221568,57.260274496927266,0.02268679839356332,0.023732711715179346,0.11470281543274244,55.0
2026-08-10 23:55:30,111,Light,57.260274496927266,1.7132435563181065,54.214268145895076,58.82655708509214,5.0,1.0005882341411543,0.023732711715179346,1.177211574101997,0.7880735094716237,0.01726507708914246,0.016294316121476183,0.2119264905283763,0.022818695169908934,0.022456075353034333,0.02367398687691664,32.0,1500.0,0.021333333333333333,-6.060406046704358,0.9042902572323368,3.628798874524527,57.6638010914747,57.80481921972175,2.6288005369668928,0.01719095092069325,0.01716154881719484,0.026266666666666667,58.22119088528116,57.78486322427202,0.02377641973317256,0.025999984126771417,0.11574556830031282,55.5
2026-08-10 23:56:00,112,Light,57.78486322427202,3.3427679682174425,54.02522184813329,62.34138309270434,6.0,1.0015730464581896,0.025999984126771417,1.1996148863173486,0.8071094207197826,0.018001057070126118,0.01882645994631097,0.19961488631734858,0.025711115018630736,0.026463909129245837,0.02583313846586739,58.0,1500.0,0.03866666666666667,-5.535817319359602,0.9125748922495376,4.153387601869284,57.75544286882681,57.549253125801826,2.752706622171525,0.017520648594012134,0.017261252653403898,0.028133333333333333,57.260274496927266,60.407154994907174,0.023732711715179346,0.024110268996682786,0.11678832116788321,56.0
2026-08-10 23:56:30,113,Light,60.407154994907174,2.0429395354643476,57.90411454872089,62.97576063650446,4.0,1.000118264116365,0.024110268996682786,1.2144693022182094,0.8116839447819766,0.017206737419004484,0.016889264190220177,0.21446930221820937,0.024257966366693254,0.02429838324877202,0.024219924921489014,42.0,1500.0,0.028,-2.9135255487244507,0.9539877726564094,6.775679372504435,58.48409757203549,58.23668429872066,2.764516645755331,0.017490957192757686,0.01735612945024207,0.029200000000000004,57.78486322427202,55.54703483160275,0.025999984126771417,0.024449008521577494,0.11783107403545359,56.5
2026-08-10 23:57:00,114,Light,55.54703483160275,2.955904401700261,50.753628450669126,59.26997800451635,5.0,1.001343821920204,0.024449008521577494,1.2315658779883836,0.891450152634097,0.017446056029105414,0.017181239887467524,0.23156587798838357,0.023200518217570174,0.02184766573409914,0.024383561265684823,39.0,1500.0,0.026,-7.773645712028873,0.8772336992387127,1.915559209200012,57.91301768359398,57.844103686598075,2.629443576656385,0.01755128350607867,0.01744294784602926,0.029599999999999998,60.407154994907174,57.24837411803867,0.024110268996682786,0.022621678759077314,0.11887382690302398,57.0
2026-08-10 23:57:30,115,Light,57.24837411803867,1.9012774184619217,54.18285113347906,59.446502790161134,5.0,1.0007154096919553,0.022621678759077314,1.1412361613026363,0.8671212988350042,0.016974012629809694,0.014971140776483744,0.14123616130263628,0.022973218645455682,0.02216127886605318,0.02255053941817258,40.0,1500.0,0.02666666666666667,-6.072306425592956,0.9041023189665691,3.6168984956359296,57.73418798151621,57.64954033314958,2.3912265760324156,0.017208935359306534,0.017378588047437634,0.028133333333333333,55.54703483160275,60.3083994394098,0.024449008521577494,0.023273757242994717,0.11991657977059438,57.5
2026-08-10 23:58:00,116,Light,60.3083994394098,3.2404040156716376,56.7256778029163,66.07224687522648,5.0,1.0007126328033091,0.023273757242994717,1.1680725773112792,0.8324737217635934,0.017229676128528455,0.01566249923301572,0.16807257731127923,0.023595464042589328,0.022338596885057453,0.023224764206627665,36.0,1500.0,0.024,-3.0122811042218274,0.9524281628314751,6.676923817007058,57.70126946301707,58.25916532164608,2.696658667903122,0.01721658159581452,0.017371507855314834,0.028666666666666667,57.24837411803867,58.998722961797824,0.022621678759077314,0.024451883277898972,0.12095933263816476,58.0
2026-08-10 23:58:30,117,Light,58.998722961797824,1.7294315441993728,56.43632789020044,61.139619578696895,4.0,0.9999656872960649,0.024451883277898972,1.1846872239831716,0.8252733337588622,0.01750021921101423,0.017077414932128786,0.1846872239831716,0.02308121684633998,0.02330633531805571,0.024520543172334333,39.0,1500.0,0.026,-4.3219575818338,0.9317449284384156,5.367247339395085,58.851832173082094,58.50193726915124,2.3739913830995083,0.017234635989784128,0.017271340283492455,0.02613333333333333,60.3083994394098,57.499627851000945,0.023273757242994717,0.022898539427957523,0.12200208550573514,58.5
2026-08-10 23:59:00,118,Light,57.499627851000945,2.1982760316648995,53.25586516064328,59.66101829271424,6.0,1.0004217667754203,0.022898539427957523,1.1439481825894255,0.8718392647630486,0.017023144102798295,0.015321016937590573,0.14394818258942554,0.022999173515468357,0.023772209837168552,0.02270963303565733,35.0,1500.0,0.023333333333333334,-5.82105269263068,0.9080702758932031,3.8681522285982055,58.93558341740285,57.92043184037,2.405058682339619,0.01725101314744699,0.017234621620251217,0.0252,58.998722961797824,58.046752913200585,0.024451883277898972,0.023551587277172787,0.12304483837330553,59.0
2026-08-10 23:59:30,119,Light,58.046752913200585,2.183344477561915,54.63116121483609,60.43327713574914,6.0,1.0010022167760078,0.023551587277172787,1.1398689763215053,0.8523989891475796,0.017422600992803874,0.015878749207224978,0.1476010108524204,0.023015543175847662,0.0246599541090369,0.023652656257325256,42.0,1500.0,0.028,-5.273927630431039,0.9167108188801446,4.415277290797846,58.18170124199978,58.42037545668957,2.2505466975119495,0.017315321435538798,0.01722993061299091,0.0256,57.499627851000945,60.46266105443493,0.022898539427957523,0.025080659087842235,0.12408759124087591,59.5
2026-08-11 00:00:00,120,Light,60.46266105443493,4.392657097282491,55.92380108630722,66.63432595916548,4.0,1.0013048381203573,0.025080659087842235,1.1793467140051292,0.8392171936056055,0.017767123154250095,0.017750250635487127,0.17934671400512925,0.024567649605991837,0.024362627304661783,0.024948385619004455,47.0,1500.0,0.03133333333333333,-2.8580194891966926,0.9548643592478866,6.831185432032193,58.669680606212154,59.06323284396882,2.7488226332760632,0.01740428941661742,0.017388552717878987,0.026533333333333332,58.046752913200585,59.854541734306736,0.023551587277172787,0.0225220652497345,0.1251303441084463,60.0
2026-08-11 00:00:30,121,Light,59.854541734306736,2.941625925995972,56.733082617181836,63.32946267383112,4.0,1.0001114367216184,0.0225220652497345,1.1486421257581918,0.7771141314896812,0.016755776061159917,0.015049910625797212,0.22288586851031877,0.022695369450126707,0.023720506013981874,0.022543485417813286,26.0,1500.0,0.017333333333333333,-3.466138809324889,0.9452605565896197,6.2230661119039965,59.45465190064741,58.972461302948204,2.68906701534093,0.017315166736071294,0.017293772704405283,0.0252,60.46266105443493,55.96337072767729,0.025080659087842235,0.023845853902527612,0.1261730969760167,60.5
2026-08-11 00:01:00,122,Light,55.96337072767729,1.1493761433175653,54.446012913367404,57.638233348095035,4.0,1.002221996918314,0.023845853902527612,1.2289215242470268,0.8579368728352254,0.017624231075429,0.016215686776870446,0.22892152424702683,0.02237508123670362,0.024023590058420214,0.02389560357224062,39.0,1500.0,0.026,-7.357309815954338,0.8838087374805657,2.3318951052745476,58.76019117213965,58.3653908561241,2.5730559351645685,0.017382376763613,0.017318575077288238,0.0252,59.854541734306736,59.45574748800035,0.0225220652497345,0.02620625485396123,0.12721584984358708,61.0
2026-08-11 00:01:30,123,Light,59.45574748800035,3.3470071863336384,52.55138245156275,63.32178349150476,6.0,1.0010215151660822,0.02620625485396123,1.2592992831720362,0.8011692250871173,0.018323520285948885,0.018763259072872237,0.2592992831720362,0.02433006150918531,0.0229959261552058,0.026126471852027048,49.0,1500.0,0.03266666666666666,-3.864933055631276,0.9389625471102113,5.824271865597609,58.42455331666145,58.75661478352398,2.8028021660983162,0.017567842474179265,0.017578650313918354,0.027066666666666666,55.96337072767729,55.85545889646546,0.023845853902527612,0.02313576110655015,0.12825860271115747,61.5
2026-08-11 00:02:00,124,Light,55.85545889646546,3.6851732780977975,51.432946770731036,60.43118538886415,4.0,1.0012451155175088,0.02313576110655015,1.2117898705027286,0.8664653458297433,0.016867782397126527,0.015883692002632392,0.21178987050272857,0.024373366684227928,0.023034701655279165,0.02314012350794419,30.0,1500.0,0.02,-7.465221647166167,0.8821045259925436,2.223983274062718,57.091525704047704,58.31835598017695,3.1031679262054928,0.01760517791950147,0.017467686594782886,0.025466666666666665,59.45574748800035,58.540763981758516,0.02620625485396123,0.023130926960402115,0.12930135557872785,62.0
2026-08-11 00:02:30,125,Light,58.540763981758516,1.9585447662730184,56.07368792410996,61.60241923927097,6.0,1.0003131449600915,0.023130926960402115,1.1538519675240801,0.8347936503961392,0.017430582785724284,0.015208965302199236,0.16520634960386082,0.023516026023892328,0.023838322081389283,0.023117092528516507,42.0,1500.0,0.028,-4.779916561873108,0.9245125522840919,4.909288359355777,57.95065678874144,57.93397656564167,2.6163454600035982,0.017540628489599898,0.017400378521077724,0.0248,55.85545889646546,57.18299913883872,0.02313576110655015,0.0221324001917059,0.13034410844629823,62.5
2026-08-11 00:03:00,126,Light,57.18299913883872,3.381015185345417,51.67994657875827,61.14753559788171,6.0,0.9997857077540704,0.0221324001917059,1.198328004184991,0.8224156514015095,0.016668877610111404,0.0145615101768881,0.19832800418499108,0.021934461204311702,0.02339527909475899,0.022319237847128207,28.0,1500.0,0.018666666666666668,-6.137681404792907,0.903069876190549,3.551523516435978,57.193074005687556,57.39966804654806,2.7042233118734873,0.016989080930987405,0.017382998830868017,0.025066666666666664,58.540763981758516,57.30135714707815,0.023130926960402115,0.023195948290231912,0.13138686131386862,63.0
2026-08-11 00:03:30,127,Light,57.30135714707815,2.6690008284390254,53.81706242876481,60.61311249427727,5.0,0.9998362490048555,0.023195948290231912,1.1801322682256632,0.8426443283097395,0.016906598391885002,0.0158822467644548,0.1801322682256632,0.02250471526980387,0.023217286434478703,0.023141372525491734,38.0,1500.0,0.025333333333333333,-6.0193233965534745,0.904939060274221,3.669881524675411,57.67504008922513,57.66726533042824,3.008148248897779,0.017002019595906897,0.01723947229415922,0.02493333333333333,57.18299913883872,61.84137540568729,0.0221324001917059,0.025572157797441895,0.132429614181439,63.5
2026-08-11 00:04:00,128,Light,61.84137540568729,2.199854147944418,59.520757742157386,65.40109760704283,4.0,1.000901710574137,0.025572157797441895,1.2513794231752426,0.8288584306330582,0.01787845373369377,0.018305988868918,0.25137942317524264,0.0236319037445209,0.023966417997090216,0.025384947793143132,48.0,1500.0,0.032,-1.479305137944337,0.9766378831490131,8.209899783284548,58.775243897201385,58.14439091396563,2.7787176412199353,0.017151309911896725,0.0171504589837082,0.0248,57.30135714707815,58.18329452590536,0.023195948290231912,0.02290001270541408,0.1334723670490094,64.0
2026-08-11 00:04:30,129,Light,58.18329452590536,2.8297292091243036,55.16800589032072,63.40155596349566,6.0,1.001117290668415,0.02290001270541408,1.1557909472040275,0.8933014399417193,0.01726579943326194,0.015084796660088759,0.15579094720402753,0.02330831345161729,0.022746192502057786,0.022846652569588448,34.0,1500.0,0.02266666666666667,-5.137386017726264,0.918867169878468,4.551818903502621,59.108675692890266,58.60995803985361,2.6076288274252364,0.017350283852946905,0.01723006239093528,0.02533333333333333,61.84137540568729,57.77062850349781,0.025572157797441895,0.022038049961260697,0.13451511991657977,64.5
2026-08-11 00:05:00,130,Light,57.77062850349781,2.3905952143290676,54.00671877417255,60.05811286275867,6.0,1.0000976330494762,0.022038049961260697,1.1441009764936139,0.8965670986102525,0.016792688977573172,0.014272027718928562,0.14410097649361386,0.024790833795410236,0.02537105253422265,0.022064777100900896,35.0,1500.0,0.023333333333333334,-5.550052040133814,0.9123500885889957,4.139152881095072,59.26509947836348,58.45593094420146,2.6940389170364463,0.017312314048176295,0.017102483629305058,0.024399999999999998,58.18329452590536,58.33520967475791,0.02290001270541408,0.021485215715067958,0.13555787278415016,65.0
2026-08-11 00:05:30,131,Light,58.33520967475791,2.3037735225454177,55.911368060053604,61.79193138431263,6.0,0.9995517330590037,0.021485215715067958,1.114354117899916,0.8545247221064323,0.016521959893100572,0.013741916855525267,0.14547527789356773,0.023940982552278816,0.024135235596263013,0.021590664187497582,31.0,1500.0,0.020666666666666667,-4.985470868873712,0.9212663094257423,4.703734052355173,58.0963775680537,58.6863730513853,2.4785905844764464,0.016860149434645227,0.017073100085902893,0.0248,57.77062850349781,57.958092997954935,0.022038049961260697,0.025685132177288426,0.13660062565172054,65.5
2026-08-11 00:06:00,132,Light,57.958092997954935,1.6723480015656262,55.61950212849152,60.35174568751176,6.0,1.0016845387425037,0.025685132177288426,1.1912628056645649,0.7586176305720325,0.017555551709100118,0.01882461925056878,0.24138236942796754,0.02404644427725237,0.024276519528940492,0.025569314874600412,47.0,1500.0,0.03133333333333333,-5.362587545676689,0.9153106457536957,4.326617375552196,58.02131039207021,58.81772022156066,2.279260019101767,0.016956733526591286,0.017202890749345914,0.026000000000000002,58.33520967475791,57.525547823612825,0.021485215715067958,0.022519847638060312,0.13764337851929093,66.0
2026-08-11 00:06:30,133,Light,57.525547823612825,1.059772909202821,55.88875354470291,58.61378330177831,4.0,0.9998972029274149,0.022519847638060312,1.1573946681358263,0.7916531116173092,0.0167943860128872,0.015003423053747484,0.20834688838269078,0.022445901689769395,0.02431313141240856,0.022673539586122286,33.0,1500.0,0.022,-5.795132720018799,0.9084796203978632,3.8940722012100863,57.939616832108555,57.95455470514577,2.0512437713534473,0.016957299205029294,0.0169860772051846,0.024,57.958092997954935,59.11996068894289,0.025685132177288426,0.023844368605134413,0.1386861313868613,66.5
2026-08-11 00:07:00,134,Light,59.11996068894289,2.906897560526715,55.69177462528458,63.73929977323323,4.0,1.0002123065047697,0.023844368605134413,1.1873893179899537,0.8811388241494589,0.017414706538977157,0.01628886074563821,0.18738931798995373,0.023443858254454043,0.022442863717009882,0.023772435480420788,43.0,1500.0,0.028666666666666667,-4.200719854688735,0.9336595908536676,5.48848506654015,58.20120050350355,58.14188793775328,2.0666774416339293,0.01725488142032149,0.017015858626327644,0.0252,57.525547823612825,57.71391355548915,0.022519847638060312,0.023262967404313526,0.1397288842544317,67.0
2026-08-11 00:07:30,135,Light,57.71391355548915,2.1269383409126097,56.134939384735965,61.33214445708449,4.0,1.001102382639475,0.023262967404313526,1.1567054035890783,0.8105656669713035,0.01688381669155374,0.016041123210797325,0.1894343330286965,0.02320284936535003,0.022188641086208227,0.023217641281606576,42.0,1500.0,0.028,-5.606766988142475,0.9114544104705399,4.0824379330864105,58.11980735601495,58.130544948151545,2.013946066950638,0.017030969747806032,0.017034084169123755,0.026133333333333335,59.11996068894289,58.45441499222525,0.023844368605134413,0.02487730392622758,0.14077163712200208,67.5
2026-08-11 00:08:00,136,Light,58.45441499222525,5.605639375274672,53.484938358545044,67.97376126872128,4.0,1.0009079598765513,0.02487730392622758,1.144381154193708,0.7800175210017997,0.017798423489585047,0.01740461901509805,0.21998247899820034,0.022840701798554772,0.023429252409302714,0.024799156204403153,47.0,1500.0,0.03133333333333333,-4.8662655514063715,0.9231488747494867,4.822939369822514,58.42942974555243,58.15438601164501,2.674319237496489,0.017365648906705316,0.01728937688842065,0.02826666666666667,57.71391355548915,59.968906522502344,0.023262967404313526,0.02343514683141154,0.14181438998957246,68.0
2026-08-11 00:08:30,137,Light,59.968906522502344,2.285353342454125,56.88506532096472,62.46883240131763,5.0,1.001359732223919,0.02343514683141154,1.1696961068736653,0.8099520610563489,0.01726363634180969,0.015906660208489073,0.19004793894365113,0.024033402514043362,0.022445135974873173,0.02349870014590891,44.0,1500.0,0.029333333333333333,-3.3517740211292804,0.947066677231624,6.337430900099605,58.71241169007225,58.556548716554495,2.7969203056741887,0.017315292174316158,0.017230993814962566,0.027866666666666668,58.45441499222525,58.45295019120056,0.02487730392622758,0.023632580719366813,0.14285714285714285,68.5
2026-08-11 00:09:00,138,Light,58.45295019120056,1.5892370092168968,55.64665030116065,60.04690067881523,5.0,1.00147439413206,0.023632580719366813,1.163754011474919,0.84506307879944,0.01745298554423873,0.016002062526644354,0.16375401147491897,0.023305195038526415,0.022426083828963387,0.023696971213508947,47.0,1500.0,0.03133333333333333,-4.867730352431067,0.9231257416907116,4.821474568797818,58.958757235309385,58.74202919007204,2.902813125677004,0.017505015125211156,0.017362713721232874,0.029733333333333334,59.968906522502344,57.312654206238626,0.02343514683141154,0.024940980940636993,0.14389989572471323,69.0
2026-08-11 00:09:30,139,Light,57.312654206238626,2.0713610062755925,54.98741477528866,59.84453075409075,4.0,1.0017306608225223,0.024940980940636993,1.2155279844627365,0.8853713062458883,0.01780476947048505,0.01755100855411776,0.21552798446273647,0.023956143473285667,0.024852322991159338,0.02483985505868969,48.0,1500.0,0.032,-6.008026337392998,0.9051174705355051,3.6811785838358873,58.57817030664717,58.38056789353119,2.7357058148267788,0.017507130452177822,0.017440726307534453,0.0304,58.45295019120056,57.55347767642947,0.023632580719366813,0.02353005986496854,0.14494264859228362,69.5
2026-08-11 00:10:00,140,Light,57.55347767642947,2.020418445819938,53.82990648724607,59.81288667029226,5.0,1.00135524116869,0.02353005986496854,1.1409582527723552,0.8072340474030738,0.017304047912403715,0.01600219740284291,0.1927659525969262,0.023358797485746995,0.02369537838971277,0.02348833147990745,40.0,1500.0,0.02666666666666667,-5.767202867202151,0.9089207061944287,3.922002054026734,57.77302735795622,58.34848071771925,2.714401835808245,0.017520600975709164,0.017524772551704447,0.030133333333333335,57.312654206238626,59.37164499851771,0.024940980940636993,0.02392820332701125,0.145985401459854,70.0
2026-08-11 00:10:30,141,Light,59.37164499851771,1.7379651180464737,56.4908647181834,61.31051568986663,5.0,1.0000099460904501,0.02392820332701125,1.1820779821645861,0.8677689322010291,0.017211174311377725,0.0166233117099716,0.18207798216458615,0.02265705597742534,0.02409212919019346,0.02386454833731448,30.0,1500.0,0.02,-3.949035545113915,0.9376343477168916,5.74016937611497,58.079258960395265,58.53192671897774,1.940866984362605,0.01743999723142216,0.017407322716062983,0.027866666666666668,57.55347767642947,60.28341354258208,0.02353005986496854,0.022754944866279134,0.1470281543274244,70.5
2026-08-11 00:11:00,142,Light,60.28341354258208,2.6562273176724074,56.93524374608025,64.4130615030847,5.0,0.9997528615922944,0.022754944866279134,1.116678115425724,0.8641280279637117,0.01748440840896877,0.014565165836623649,0.1358719720362883,0.023197223471896743,0.021914546670033504,0.022725912554991564,44.0,1500.0,0.029333333333333333,-3.0372670010495426,0.9520335698388982,6.651937920179343,59.06951207250975,58.59482812299369,2.015041779406262,0.017333210210916734,0.017451477129494797,0.027866666666666668,59.37164499851771,59.33227860234155,0.02392820332701125,0.02323873104892668,0.1480709071949948,71.0
2026-08-11 00:11:30,143,Light,59.33227860234155,2.302753153189389,57.40253877162797,63.23326938151988,4.0,1.001526076585538,0.02323873104892668,1.2125727364548549,0.880710805763437,0.017294538575308355,0.015597001826519352,0.21257273645485486,0.02210269440989645,0.022778118695696896,0.023113770697895854,40.0,1500.0,0.02666666666666667,-3.9884019412900713,0.9370126488368704,5.700802979938814,59.66244571448044,58.77069380522189,2.15774500820076,0.01733004043188495,0.01741978773570872,0.02693333333333333,60.28341354258208,58.79030706857569,0.022754944866279134,0.02343678267714762,0.14911366006256518,71.5
2026-08-11 00:12:00,144,Light,58.79030706857569,1.4869532824505787,56.70641978846507,61.543288393920974,6.0,1.0012355858937945,0.02343678267714762,1.195493727051071,0.8486878913101764,0.01709194852111081,0.016083368754974462,0.19549372705107104,0.023883528683323104,0.02390935520037653,0.023284809181209985,48.0,1500.0,0.032,-4.5303734750559315,0.9284534936112343,5.158831446172954,59.46866640449978,59.06622437768931,2.0408634634357576,0.01729029850179598,0.017277223545833876,0.02693333333333333,59.33227860234155,54.52104952127691,0.02323873104892668,0.02380720999785592,0.15015641293013557,72.0
2026-08-11 00:12:30,145,Light,54.52104952127691,1.4123683663424933,52.561891944364675,56.06431061990253,4.0,1.0006895584563862,0.02380720999785592,1.1384055002185138,0.8588136767070259,0.0177508637466618,0.015879722132148038,0.1411863232929741,0.022332889639406946,0.023892139954203404,0.02386561917014036,46.0,1500.0,0.030666666666666665,-8.799631022354717,0.8610306941301545,0.8895738988741684,57.54787839739805,58.459738746658786,1.9192534475402685,0.017379116947693656,0.01736658671268549,0.027733333333333332,58.79030706857569,58.47507407520308,0.02343678267714762,0.023769583641665086,0.15119916579770595,72.5
2026-08-11 00:13:00,146,Light,58.47507407520308,2.168043343226932,56.05731324708983,61.188381216327755,4.0,1.0010073478891035,0.023769583641665086,1.2385589568745317,0.8093423616193346,0.017130022953738933,0.016509699266557546,0.23855895687453166,0.022391804753509766,0.02364663243792833,0.023784812339273775,36.0,1500.0,0.024,-4.845606468428542,0.9234751359772636,4.843598452800343,57.26214355501856,58.28042456199586,2.00526909257636,0.017324278407170515,0.017350356441157733,0.028533333333333334,54.52104952127691,58.31785577148128,0.02380720999785592,0.02348072262195436,0.15224191866527634,73.0
2026-08-11 00:13:30,147,Light,58.31785577148128,6.276663011697335,49.35429770021761,65.52098504441943,5.0,1.000539006655455,0.02348072262195436,1.1551938034589901,0.7513352085849778,0.017197644827816588,0.015996120635955992,0.24866479141502218,0.02354691483379742,0.023297704316198195,0.023466833464184638,37.0,1500.0,0.024666666666666667,-5.002824772150348,0.9209922456739372,4.686380149078538,57.10465978932043,57.887313007775695,2.7293562313813453,0.017359510509405773,0.017293003724927297,0.027600000000000003,58.47507407520308,61.2226264532046,0.023769583641665086,0.02358234855482208,0.15328467153284672,73.5
2026-08-11 00:14:00,148,Light,61.2226264532046,2.430069240002495,57.763586832014354,63.91058602045254,4.0,1.0007371400231282,0.02358234855482208,1.1845172251246547,0.8566132183698734,0.01710067759537947,0.016255379557355867,0.18451722512465474,0.02312465785986648,0.023754658600938776,0.023521473958650622,43.0,1500.0,0.028666666666666667,-2.098054090427027,0.9668662106532265,7.591150830801858,59.33851876662965,58.26538257794831,2.754819448743967,0.017142781792311663,0.01725423152894152,0.028000000000000004,58.31785577148128,57.24287376449829,0.02348072262195436,0.02193886182667326,0.1543274244004171,74.0
2026-08-11 00:14:30,149,Light,57.24287376449829,1.9410863569856835,53.82130094320677,60.41084709195335,6.0,0.9992165432192697,0.02193886182667326,1.1097788771536627,0.8561824157449218,0.016678171706955194,0.014274664664728655,0.14381758425507818,0.023646479197215953,0.022333732198706675,0.02210115347604151,30.0,1500.0,0.02,-6.077806779133333,0.9040154539251142,3.6113981420955525,58.927785329728046,57.95589591713283,2.845646063650988,0.016992164710050415,0.017171476166110398,0.0256,61.2226264532046,57.79184545020221,0.02358234855482208,0.023998043344464964,0.1553701772679875,74.5
2026-08-11 00:15:00,150,Light,57.79184545020221,2.258389357601698,55.871228176574874,61.78779164339081,5.0,1.0004181731658852,0.023998043344464964,1.1932346089493369,0.8460737927766122,0.017300650483789377,0.0166363591568962,0.19323460894933686,0.024388488316040062,0.024205423818697187,0.024233476505802775,36.0,1500.0,0.024,-5.528835093429414,0.9126851599514991,4.160369827799471,58.752448555968364,58.61005510291788,3.0148502619028283,0.017026499928708014,0.01708143351353591,0.024266666666666666,57.24287376449829,66.99154662460245,0.02193886182667326,0.005203044285559919,0.15641293013555788,75.0
2026-08-11 00:15:30,151,Heavy,66.99154662460245,1.251108102676656,65.12077816508443,69.16161051987247,6.0,0.9999351944730364,0.005203044285559919,1.0144662667411695,0.9791230547228729,0.004220488557927859,0.003043574531077361,0.020876945277127135,0.005041193249177149,0.005025096210805772,0.005202980254969469,0.0,1500.0,0.0,3.670866080970825,1.0579726252064108,13.36007100219971,60.67542194643432,60.313349612797765,2.8314632137927735,0.01273310358289081,0.014499526634373696,0.019466666666666667,57.79184545020221,67.69700378022262,0.023998043344464964,0.00494662210940331,0.15745568300312826,75.5
2026-08-11 00:16:00,152,Heavy,67.69700378022262,0.8391779352266622,66.78471809473953,68.86899340829257,4.0,1.0000838136200993,0.00494662210940331,1.0176814235591656,0.9845520240702694,0.0039345424619037965,0.0029992450102697184,0.017681423559165577,0.004931128111817354,0.005020995634688884,0.004946607929910891,0.0,1500.0,0.0,4.376323236590991,1.0691136481638956,14.065528157819877,64.16013195167575,62.18917921454604,1.7439661984986388,0.008485227167873678,0.01184690616119114,0.014533333333333332,66.99154662460245,66.44666548122974,0.005203044285559919,0.005184826254440782,0.15849843587069865,76.0
2026-08-11 00:16:30,153,Heavy,66.44666548122974,1.4568115048141579,63.305327829400554,67.55873422984739,6.0,1.0001352600600117,0.005184826254440782,1.0247954994663813,0.9845464265525784,0.004140633872606917,0.003123438762901093,0.024795499466381266,0.005027163956583442,0.004994669773355749,0.0051824802942948694,0.0,1500.0,0.0,3.125984937598119,1.0493675195964474,12.815189858827004,67.04507196201827,63.23398702015106,1.5493146514609715,0.004098554964146191,0.00925489741663663,0.008799999999999999,67.69700378022262,68.32104897196804,0.00494662210940331,0.004976611545386421,0.15954118873826903,76.5
2026-08-11 00:17:00,154,Heavy,68.32104897196804,1.928845737631502,65.84910056868506,72.12395986820638,6.0,0.9999381694807704,0.004976611545386421,1.0171146926952022,0.984836742409232,0.003949153791573449,0.0030289717425691946,0.01711469269520216,0.0050920544116841455,0.004889395608840873,0.00497647282321072,0.0,1500.0,0.0,5.000368428336415,1.0789689622001277,14.6895733495653,67.48823941114013,65.449622061645,1.5468665275901352,0.004008110042028054,0.00670909383356028,0.0048000000000000004,66.44666548122974,68.15762656273358,0.005184826254440782,0.005135831243119098,0.16058394160583941,77.0
2026-08-11 00:17:30,155,Heavy,68.15762656273358,1.8344022867266263,65.13982835607648,70.9460721295492,6.0,1.0000563961992563,0.005135831243119098,1.0174392261156748,0.973506545315734,0.004079433803048015,0.003120602976291285,0.026493454684266005,0.0051167577418103575,0.0049198868712924115,0.005137490827457041,0.0,1500.0,0.0,4.836946019101958,1.0763880927617167,14.526150940330844,67.6417803386438,67.52277828415129,1.462069113415121,0.004056407155742793,0.0040648504974120075,0.0,68.32104897196804,67.32994931496958,0.004976611545386421,0.005068849914252372,0.1616266944734098,77.5
2026-08-11 00:18:00,156,Heavy,67.32994931496958,1.0726613414841393,65.49679894424845,68.16933369351104,4.0,1.000191209726756,0.005068849914252372,1.020880996157253,0.9699824046328508,0.003996196100553336,0.0031241346543874615,0.030017595367149208,0.005085183483475425,0.005164173671242912,0.005071749627937933,0.0,1500.0,0.0,4.009268771337958,1.0633168932632577,13.698473692566843,67.93620828322373,67.5904588222247,1.4263797611766176,0.0040082612317249335,0.004019992005937103,0.0,68.15762656273358,68.06379191714515,0.005135831243119098,0.004949860526745064,0.16266944734098018,78.0
2026-08-11 00:18:30,157,Heavy,68.06379191714515,1.8281455278481813,65.25625452190921,69.79950024223221,4.0,0.9999800928840197,0.004949860526745064,1.0151436893918293,0.9830060091675575,0.003964103347176407,0.002964354934956403,0.016993990832442463,0.004851316982692137,0.004999747412738652,0.004950629240616053,0.0,1500.0,0.0,4.743111373513528,1.0749061970400846,14.432316294742414,67.85045593161611,67.66381644960923,1.6241732797009214,0.004013244416925919,0.004025904182991625,0.0,67.32994931496958,68.40817809280374,0.005068849914252372,0.005296560833125527,0.16371220020855057,78.5
2026-08-11 00:19:00,158,Heavy,68.40817809280374,0.08453818587684635,68.3188855374221,68.53033174188063,4.0,1.0000744716869956,0.005296560833125527,1.0380228944867322,0.960714884934092,0.004161232850384206,0.003277688797925553,0.03928511506590804,0.005045101546944645,0.005118228547066983,0.00529475827893883,0.0,1500.0,0.0,5.087497549172113,1.0803449600587685,14.776702470400998,67.93397310830616,68.05611897192402,1.349718615913459,0.004040510766037983,0.0040300239785470825,0.0,68.06379191714515,68.28366967307845,0.004949860526745064,0.004948843366125693,0.16475495307612095,79.0
2026-08-11 00:19:30,159,Heavy,68.28366967307845,2.155425305762937,64.75829980993055,70.90518502814109,6.0,1.0001049279379792,0.004948843366125693,1.0182336090210633,0.9840673648576391,0.0039041123472349495,0.0030430194404213787,0.0182336090210633,0.005079643252018589,0.0049225345455565055,0.004949079955186637,0.0,1500.0,0.0,4.962989129446825,1.0783786448098427,14.65219405067571,68.25187989434245,68.0486431121461,1.395034529539746,0.00400981618159852,0.004021015689679382,0.0,68.40817809280374,68.07849252925341,0.005296560833125527,0.005084642718831064,0.16579770594369134,79.5
2026-08-11 00:20:00,160,Heavy,68.07849252925341,1.0748092782843428,66.94423896729204,69.69301401627271,6.0,0.9999410488320809,0.005084642718831064,1.016164208596046,0.9779533408418024,0.00406764347568025,0.003051449388916138,0.02204665915819759,0.005105799784858634,0.005060376119500381,0.005087659137856139,0.0,1500.0,0.0,4.757811985621785,1.0751383583495029,14.44701690685067,68.25678009837854,68.03281630545005,1.2431159278512893,0.004044329557766469,0.0040186576242058295,0.0,68.28366967307845,68.3062180146458,0.004948843366125693,0.005183271804273333,0.16684045881126172,80.0
2026-08-11 00:20:30,161,Heavy,68.3062180146458,1.7931108672841654,66.25688089361256,71.66557870524144,5.0,1.0001494499359256,0.005183271804273333,1.0184351137800545,0.9855062375958711,0.004157908299246403,0.0030984577543321373,0.01843511378005447,0.005058757458342888,0.0049212064476764055,0.005182766324785173,0.0,1500.0,0.0,4.985537471014169,1.0787347423971358,14.674742392243054,68.22279340565923,68.22807004538531,1.3872058330112946,0.004043221374053867,0.0040510000639444425,0.0,68.07849252925341,67.19923757355373,0.005084642718831064,0.0050650295876005025,0.1678832116788321,80.5
2026-08-11 00:21:00,162,Heavy,67.19923757355373,1.0910164248791179,65.88878680210236,68.91933373641722,4.0,1.0000460299672644,0.0050650295876005025,1.0165866793199632,0.9851231417376779,0.004037895698584452,0.003058110823450983,0.01658667931996316,0.00498784402896412,0.0050398342842563485,0.005066237126250631,0.0,1500.0,0.0,3.8785570299221064,1.0612526112578584,13.567761951150992,67.86131603915099,68.05515917666702,1.2397800124174818,0.004087815824503702,0.004065758534226052,0.0,68.3062180146458,67.55953308089657,0.005183271804273333,0.004857105583484847,0.1689259645464025,81.0
2026-08-11 00:21:30,163,Heavy,67.55953308089657,1.647157664874153,65.74830071913608,70.90737699425975,6.0,1.0000575976978532,0.004857105583484847,1.0170341906534048,0.9841873919513399,0.0038852757190247934,0.0029153772879464564,0.017034190653404835,0.004913802352808072,0.005017423875127208,0.004857590734629837,0.0,1500.0,0.0,4.238852537264947,1.0669426244454863,13.928057458493832,67.68832955636536,67.88543017428559,1.5523039082169432,0.004027026572285216,0.0040105671079541695,0.0,67.19923757355373,56.234868234214034,0.0050650295876005025,0.02289143652062446,0.16996871741397288,81.5
2026-08-11 00:22:00,164,Light,56.234868234214034,2.0373828768425963,52.341676941203445,58.200861453807086,5.0,1.0000122542291716,0.02289143652062446,1.1428689562045484,0.8108236017931357,0.01666620498668924,0.015692534132050396,0.18917639820686427,0.023714280312125025,0.023379171039632725,0.022897741977372564,41.0,1500.0,0.027333333333333334,-7.085812309417591,0.888096396807753,2.6033926118112944,63.66454629622145,65.47566988651269,1.528695422432875,0.008196458801432828,0.006562985635845028,0.0054666666666666665,67.55953308089657,58.685721010010624,0.004857105583484847,0.022885027702767603,0.1710114702815433,82.0
2026-08-11 00:22:30,165,Light,58.685721010010624,3.2648361288927212,52.561359194131505,61.81557949221097,5.0,1.0012113968388299,0.022885027702767603,1.1396133043813277,0.8512207025771813,0.01747441124102012,0.014826898766676633,0.1487792974228187,0.023687271781626225,0.022350224694303446,0.02288492663799376,35.0,1500.0,0.023333333333333334,-4.634959533621,0.9268018048159283,5.054245387607885,60.82670744170708,63.59711558266415,1.9667007925545508,0.012675297315578052,0.009244339188913002,0.010133333333333333,56.234868234214034,58.571297527287776,0.02289143652062446,0.02270628789226908,0.17205422314911367,82.5
2026-08-11 00:23:00,166,Light,58.571297527287776,1.725205510716242,57.02373042467402,61.81205252536438,5.0,1.000833536641752,0.02270628789226908,1.1885324516095053,0.9162052538393713,0.0168702366324517,0.015220558765854602,0.18853245160950527,0.022092905760683287,0.02334373915145109,0.0227768275624016,43.0,1500.0,0.028666666666666667,-4.749383016343849,0.9249947572330457,4.9398219048850365,57.83062892383748,61.650131485192546,1.9531197212409661,0.017003617620053688,0.01178680485555406,0.015866666666666668,58.685721010010624,59.07982438118139,0.022885027702767603,0.023698924343359334,0.17309697601668406,83.0
2026-08-11 00:23:30,167,Light,59.07982438118139,3.8951193665531108,54.717412433546045,66.05927456812434,5.0,1.0010345589760752,0.023698924343359334,1.1231358194950156,0.8177571189631472,0.01742287673488331,0.016098220199398106,0.18224288103685282,0.023495356953489338,0.023485917861023227,0.023798528361190834,48.0,1500.0,0.032,-4.2408561624502354,0.9330257330458089,5.44834875877865,58.778947639493275,60.026248846718076,2.513940309575765,0.017255841536118376,0.014463801062813832,0.022266666666666667,58.571297527287776,58.283134971719186,0.02270628789226908,0.023057280761423403,0.17413972888425444,83.5
2026-08-11 00:24:00,168,Light,58.283134971719186,2.746555240375666,54.08817634192876,61.68959550767909,6.0,1.0005240593554139,0.023057280761423403,1.1600658443472942,0.8430273170830201,0.017051295700552572,0.015529525081322342,0.1600658443472942,0.022873171793229577,0.024102099808556616,0.02299822281565221,40.0,1500.0,0.02666666666666667,-5.037545571912439,0.920443912973404,4.651659349316446,58.644752293396124,58.1709692248826,2.7338198246760674,0.01711480302262919,0.01709700505911939,0.027600000000000003,59.07982438118139,58.89844764969644,0.023698924343359334,0.02426572176342084,0.17518248175182483,84.0
2026-08-11 00:24:30,169,Light,58.89844764969644,2.106985874667939,55.30840472391948,62.211002571783716,6.0,1.0004108886992444,0.02426572176342084,1.2251403813944022,0.858562946937515,0.01751604339225699,0.0167982828319889,0.22514038139440218,0.023427571886017018,0.02425911301050275,0.024221420343310443,38.0,1500.0,0.025333333333333333,-4.422232893935181,0.9301613176616444,5.266972027293704,58.75380233419901,58.703685107979084,2.747740424241136,0.01733007194256429,0.01726697274023294,0.027200000000000002,58.283134971719186,57.151592949425776,0.023057280761423403,0.02286307666125582,0.1762252346193952,84.5
2026-08-11 00:25:00,170,Light,57.151592949425776,2.269550173614335,54.30941975546534,59.99657884150903,5.0,1.0004898618774836,0.02286307666125582,1.165695563182531,0.8431147744164095,0.017018751205583157,0.015274892683090579,0.16569556318253098,0.02340609098850729,0.02428864652146171,0.023003566044601083,30.0,1500.0,0.02,-6.169087594205848,0.9025738899007096,3.520117327023037,58.11105852361381,58.39685949586211,2.5486832331854585,0.01719536343279757,0.017175840733145546,0.026533333333333336,58.89844764969644,56.699902338268,0.02426572176342084,0.023517541991520192,0.1772679874869656,85.0
2026-08-11 00:25:30,171,Light,56.699902338268,4.032775124389852,50.15718334137934,62.17692987460336,5.0,1.0008306173834614,0.023517541991520192,1.1587168491924908,0.8364972765814219,0.01707944720021635,0.016188180561621055,0.16350272341857808,0.02274520443022441,0.023745818707904275,0.023575152130615444,39.0,1500.0,0.026,-6.620778205363628,0.8954405077689978,3.0684267158652574,57.58331431246341,58.02258045805816,3.0101971559201806,0.017204747266018835,0.017217682846698477,0.026000000000000002,57.151592949425776,57.051409350103626,0.02286307666125582,0.0233079368250239,0.17831074035453598,85.5
2026-08-11 00:26:00,172,Light,57.051409350103626,3.3322004963166614,51.92176765437433,63.284882241864096,6.0,0.9998050976946159,0.0233079368250239,1.1331648539512258,0.8390360643515056,0.017620927335077072,0.01525781195977598,0.16096393564849443,0.02305624306448498,0.022178562849857527,0.02333812068192615,41.0,1500.0,0.027333333333333334,-6.269271193527999,0.9009917275098124,3.4199337277008865,56.9676348792658,57.616897451842604,2.897613381872891,0.017239708580292192,0.01725729296673723,0.025066666666666664,56.699902338268,56.33711152029151,0.023517541991520192,0.023168713595588978,0.17935349322210636,86.0
2026-08-11 00:26:30,173,Light,56.33711152029151,0.7423143017557626,55.094454768218945,57.02939951425052,4.0,1.0006391431116184,0.023168713595588978,1.1006177908072607,0.8709333836071592,0.01737297270425147,0.01534202115136373,0.12906661639284078,0.024476489198371986,0.023525002894897656,0.02318843214608567,51.0,1500.0,0.034,-6.983569023340117,0.8897110870669176,2.7056358978887687,56.69614106955438,57.227692761557066,2.49676519414891,0.017357782413181633,0.01732162836747701,0.026533333333333332,57.051409350103626,60.637887146340475,0.0233079368250239,0.023869493889333505,0.18039624608967675,86.5
2026-08-11 00:27:00,174,Light,60.637887146340475,2.893926539320993,57.23274597619575,65.92754934133559,5.0,1.000324985311961,0.023869493889333505,1.2057739509177143,0.866818076448726,0.017476266406329648,0.016261564084703337,0.20577395091771433,0.02251901415595478,0.022528930880666407,0.02390477943380252,49.0,1500.0,0.03266666666666666,-2.6827933972911495,0.9576316398646008,7.006411523937736,58.0088026722452,57.575580660885876,2.654153327079521,0.017490055481886063,0.01731367297029154,0.028000000000000004,56.33711152029151,57.86122495413365,0.023168713595588978,0.023168745857504277,0.18143899895724713,87.0
2026-08-11 00:27:30,175,Light,57.86122495413365,2.679020754124745,53.52929468480465,61.15143081192808,5.0,1.000068254305111,0.023168745857504277,1.1768618979310252,0.8174526455850654,0.01685220679858897,0.01589964053925055,0.18254735441493464,0.023242472007644364,0.022344763142027994,0.023306568746568248,41.0,1500.0,0.027333333333333334,-5.459455589497978,0.9137808446999224,4.229749331730908,58.27874120692187,57.71750706182745,2.736047443181603,0.017233815303056694,0.0172803640888927,0.02946666666666667,60.637887146340475,66.3761954269365,0.023869493889333505,0.005025337809926509,0.18248175182481752,87.5
2026-08-11 00:28:00,176,Heavy,66.3761954269365,1.029390445355722,65.0441742790978,67.43019291602681,4.0,1.000065997496372,0.005025337809926509,1.0169619784867754,0.9840219993578975,0.004027634088261975,0.003006083735439591,0.016961978486775386,0.004996429517947657,0.005088245009477202,0.005024815800614247,0.0,1500.0,0.0,3.0555148833048804,1.0482546121910274,12.744719804533766,61.62510250913689,59.65276567956115,2.135370507374777,0.012785369097726864,0.014670001466501829,0.024266666666666666,57.86122495413365,66.99556355900788,0.023168745857504277,0.005157423618065047,0.1835245046923879,88.0
2026-08-11 00:28:30,177,Heavy,66.99556355900788,2.4246251212031003,64.3472625159263,70.50165066022119,4.0,1.0000357217624896,0.005157423618065047,1.0139772684298747,0.9499593532156234,0.004016246044110104,0.003235747538616148,0.050040646784376586,0.004998487596986658,0.005070232488183651,0.005163802878390748,1.0,1500.0,0.0006666666666666666,3.6748830153762526,1.0580360631601873,13.364087936605138,63.744327980026014,61.641596521342,1.9538554323520647,0.008298695643653682,0.011949065208308433,0.018933333333333333,66.3761954269365,67.41321011043642,0.005025337809926509,0.0050782644998954105,0.1845672575599583,88.5
2026-08-11 00:29:00,178,Heavy,67.41321011043642,2.1824971874071237,64.31765732316826,70.92830004299006,6.0,0.9999883508836596,0.0050782644998954105,1.0166863463043245,0.9826623633449058,0.004073201003776183,0.0030328105142995985,0.017337636655094246,0.00522874715345286,0.004890974204955143,0.005078634267805995,0.0,1500.0,0.0,4.092529566804799,1.064631800095465,13.781734488033685,66.92832303212693,63.856816239370985,2.2418920094823367,0.004039027045382754,0.009289110868213376,0.012133333333333333,66.99556355900788,68.45533748790149,0.005157423618065047,0.005133989119015008,0.18561001042752867,89.0
2026-08-11 00:29:30,179,Heavy,68.45533748790149,1.1792079449738921,66.2628093138038,69.42707159320139,5.0,0.9999996859431761,0.005133989119015008,1.0405743492717987,0.9836118378375468,0.004031782321572425,0.0031784549209092545,0.040574349271798704,0.004911166412225893,0.005028615200571185,0.00513100827902785,0.0,1500.0,0.0,5.134656944269864,1.0810897308776046,14.823861865498749,67.62137038578193,65.42030630768319,1.8989482906129165,0.00404040978981957,0.006600214051261932,0.0056,67.41321011043642,67.65125389298632,0.0050782644998954105,0.005026530732655409,0.18665276329509906,89.5
2026-08-11 00:30:00,180,Heavy,67.65125389298632,2.200269365188507,65.2413397984272,71.24468479160981,5.0,0.9998780225078556,0.005026530732655409,1.0171205948150495,0.9818121681524277,0.0039938344678908866,0.0030545336727569134,0.018187831847572333,0.005073424567024343,0.005059106486166624,0.005025868177448949,0.0,1500.0,0.0,4.330573349354694,1.068391137179435,14.01977827058358,67.83993383044141,67.37831209545372,1.803198012825669,0.004032939264413165,0.004028539585122315,0.00013333333333333334,68.45533748790149,68.00458329174133,0.005133989119015008,0.004992255323636389,0.18769551616266944,90.0
2026-08-11 00:30:30,181,Heavy,68.00458329174133,1.9522800406243652,65.22937556112679,71.23092722730183,5.0,0.9999811765280155,0.004992255323636389,1.0156949465155536,0.9827229958433271,0.003994941065281828,0.0029938960276533174,0.01727700415667288,0.004927734592450701,0.004985723261139818,0.004995985579494567,0.0,1500.0,0.0,4.683902748109702,1.0739711372003058,14.373107669338587,68.03705822420972,67.70398966841468,1.9877759318793977,0.00400685261824838,0.004022000980526285,0.00013333333333333334,67.65125389298632,67.61171930136828,0.005026530732655409,0.005127004658292154,0.18873826903023982,90.5
2026-08-11 00:31:00,182,Heavy,67.61171930136828,1.7849505101058345,65.38281515894711,70.00338601526217,6.0,1.0000960215907313,0.005127004658292154,1.015946497743131,0.96004170354545,0.004079557349874696,0.003106864776767621,0.03995829645454996,0.005014356369644407,0.005075634203939984,0.005126985871511281,0.0,1500.0,0.0,4.291038757736658,1.0677667820512429,13.980243678965543,67.75585216203199,67.82722081688676,1.8598410096599445,0.00402277762768247,0.0040346632416792035,0.0,68.00458329174133,66.77221136615597,0.004992255323636389,0.004879104246300546,0.1897810218978102,91.0
2026-08-11 00:31:30,183,Heavy,66.77221136615597,0.5304939305041985,66.1160855423852,67.58967394934632,4.0,0.9999754175982087,0.004879104246300546,1.0152479344880934,0.985218692513011,0.003888290963262366,0.0029474490539715976,0.015247934488093362,0.005115168461339191,0.004968744236445159,0.004880608526763671,0.0,1500.0,0.0,3.4515308225243473,1.0545087448980597,13.140735743753233,67.46283798642186,67.69902106803067,1.5294403582793594,0.0039875964594729635,0.003997681233576441,0.0,67.61171930136828,66.97454148062116,0.005127004658292154,0.005143816986289803,0.1908237747653806,91.5
2026-08-11 00:32:00,184,Heavy,66.97454148062116,0.9639212043184299,65.66587300548248,67.98498236872783,5.0,0.999734142103958,0.005143816986289803,1.017736250836571,0.9588899333044038,0.004040968258821002,0.0031937609711017263,0.04111006669559625,0.005104403481200103,0.005161452040533064,0.005145297916608482,0.0,1500.0,0.0,3.653860936989531,1.05770406928068,13.343065858218417,67.11949071604847,67.40286186657461,1.486383010148267,0.0040029388573193546,0.003999518421026156,0.0,66.77221136615597,68.24329569284582,0.004879104246300546,0.004836526111176686,0.19186652763295098,92.0
2026-08-11 00:32:30,185,Heavy,68.24329569284582,1.106555609933738,66.0997923944516,69.19291426783298,5.0,1.000054748485975,0.004836526111176686,1.0150936036870055,0.9790395555835635,0.0038725277482014415,0.0028980184713387016,0.02096044441643652,0.00520161209810192,0.005246775793319693,0.004841455639907169,0.0,1500.0,0.0,4.922615149214195,1.0777410335288837,14.61182007044308,67.33001617987433,67.5212702265465,1.2676402590973133,0.003933928990094936,0.003975257077088267,0.0,66.97454148062116,57.274580193778064,0.005143816986289803,0.023279826565865237,0.19290928050052136,92.5
2026-08-11 00:33:00,186,Light,57.274580193778064,3.5608847870073217,54.364226522625046,64.74116302518408,6.0,0.9998163574705894,0.023279826565865237,1.107446529250434,0.8533180862300652,0.01759096355593578,0.015249329516051261,0.14668191376993478,0.02229247044153209,0.022833068443734728,0.023234170055077368,34.0,1500.0,0.02266666666666667,-6.04610034985356,0.9045161817917063,3.643104571375325,64.16413912241501,65.37526960695386,1.5893612083739046,0.008501486520986075,0.006694461575219057,0.004533333333333334,68.24329569284582,55.96252768217666,0.004836526111176686,0.023467062294596608,0.19395203336809178,93.0
2026-08-11 00:33:30,187,Light,55.96252768217666,3.219657536608891,51.220633264129525,60.34048217020816,5.0,0.9997734205324826,0.023467062294596608,1.1377044825800828,0.8479436769050509,0.017289549277800763,0.015869021291941017,0.1520563230949491,0.023310118652254196,0.022900479667603044,0.023587167886728207,47.0,1500.0,0.03133333333333333,-7.358152861454961,0.8837954235759553,2.331052059773924,60.493467856266854,63.04543128311553,1.8763026136745158,0.012917680193979328,0.009336459960804271,0.0108,57.274580193778064,58.93325666915995,0.023279826565865237,0.02332007945370787,0.19499478623566216,93.5
2026-08-11 00:34:00,188,Light,58.93325666915995,3.265780709772167,55.016390423942504,63.93671377428288,6.0,0.9993238411919624,0.02332007945370787,1.1683682059873786,0.8359263749609185,0.017321558802457816,0.015628400337652313,0.16836820598737856,0.023601785199870745,0.022940722385159894,0.023240321823365974,39.0,1500.0,0.026,-4.387423874471672,0.9307110435831706,5.301781046757213,57.39012151503823,61.477640343716324,2.42335996952811,0.017400690545398122,0.01202311352864336,0.016,55.96252768217666,57.44545745236758,0.023467062294596608,0.021349114586467637,0.19603753910323254,94.0
2026-08-11 00:34:30,189,Light,57.44545745236758,2.291850205914408,53.9492599205661,59.96794289092803,4.0,1.000431677452695,0.021349114586467637,1.107394355476565,0.8652083743337932,0.016404171353867285,0.013670193899219224,0.13479162566620684,0.024282512059746294,0.02356741532845093,0.021436171867054793,30.0,1500.0,0.02,-5.875223091264047,0.9072147828983664,3.8139818299648383,57.44708060123474,59.57182353806561,2.6889457698473054,0.017005093144708622,0.014495754147652617,0.02,58.93325666915995,57.35756926201108,0.02332007945370787,0.02227252746410273,0.19708029197080293,94.5
2026-08-11 00:35:00,190,Light,57.35756926201108,3.5969950571971627,53.802284027572846,63.364412421941495,4.0,1.0007043132486224,0.02227252746410273,1.1868807890237951,0.8845619396145907,0.016891455323968442,0.014534107259469818,0.18688078902379512,0.02197034023377831,0.022784716191259873,0.02230656962836205,38.0,1500.0,0.025333333333333333,-5.963111281620542,0.9058267973365888,3.7260936396083437,57.91209446117954,57.39467825189867,3.1870336592999897,0.016872395160097847,0.01709953966280602,0.025066666666666664,57.44545745236758,58.47850076006403,0.021349114586467637,0.022455131189606018,0.1981230448383733,95.0
2026-08-11 00:35:30,191,Light,58.47850076006403,1.7428690437603762,55.52682141797999,59.85151422667358,4.0,1.0009922137546376,0.022455131189606018,1.1622983851908253,0.9151322891285524,0.017074321417323114,0.014617966788006125,0.1622983851908253,0.02288601709611228,0.022905107904726718,0.02230609857867307,39.0,1500.0,0.026,-4.842179783567595,0.9235292523391145,4.847025137661291,57.76050915814756,57.63546236515587,2.823430510650601,0.016789982698386278,0.016996211235083485,0.02573333333333333,57.35756926201108,58.74608279463279,0.02227252746410273,0.02314048747372113,0.1991657977059437,95.5
2026-08-11 00:36:00,192,Light,58.74608279463279,3.0602649115461835,54.95437020556151,64.72172662626505,6.0,1.000527377309782,0.02314048747372113,1.175151283922569,0.858317849734256,0.01705059089334852,0.015653678083312503,0.17515128392256907,0.023556834656339374,0.022807326184348813,0.023228447767155862,42.0,1500.0,0.028,-4.574597748998833,0.9277550760711317,5.114607172230052,58.19405093890264,58.19217338764709,2.7915519856380597,0.01700545587821336,0.016948419558193033,0.02506666666666667,58.47850076006403,57.11653033422367,0.022455131189606018,0.024398133719752645,0.20020855057351408,96.0
2026-08-11 00:36:30,193,Light,57.11653033422367,1.684709889747033,54.84814523380911,59.772063087271995,5.0,1.0018531119520575,0.024398133719752645,1.1711164604316917,0.805047337094456,0.017460021628352702,0.01714207098489693,0.19495266290554403,0.02432939219128837,0.024462776303431397,0.024466866544503734,41.0,1500.0,0.027333333333333334,-6.204150209407956,0.9020201590358313,3.485054711820929,58.113704629640175,57.82882812065983,2.4753378216330324,0.01719497797967478,0.016976112123372016,0.02533333333333333,58.74608279463279,58.31886519080689,0.02314048747372113,0.023663078535039805,0.20125130344108447,96.5
2026-08-11 00:37:00,194,Light,58.31886519080689,2.2960436186836057,55.320168423374554,61.139488729538215,5.0,1.0005562037968598,0.023663078535039805,1.1951384091106154,0.8313275473809094,0.01724230567479687,0.016215842359741002,0.19513840911061542,0.02559166294931523,0.023549981028118366,0.023438882211551045,40.0,1500.0,0.02666666666666667,-5.001815352824735,0.9210081870585993,4.68738956840415,58.06049277322112,58.00350966834769,2.4761765041868724,0.01725097273216603,0.01714373898755793,0.026666666666666665,57.11653033422367,58.256274794137994,0.024398133719752645,0.023909208962843615,0.20229405630865485,97.0
2026-08-11 00:37:30,195,Light,58.256274794137994,2.815214222231132,55.12724723414757,62.554186744246664,5.0,1.0006936048482635,0.023909208962843615,1.1649093099848253,0.8578184231861568,0.01755825360499627,0.01624312443026562,0.16490930998482534,0.022735299312738284,0.023281428342659418,0.023850229792138508,47.0,1500.0,0.03133333333333333,-5.0644057494936305,0.920019720160715,4.624799171735255,57.89722343972286,58.18325077477307,2.319820337193666,0.017420193636048614,0.017277098643763495,0.02786666666666666,58.31886519080689,57.61921992033922,0.023663078535039805,0.023241351476517506,0.20333680917622524,97.5
2026-08-11 00:38:00,196,Light,57.61921992033922,2.483537892219692,54.042796505361224,61.956319302130325,6.0,1.0012716169156881,0.023241351476517506,1.1561240216006607,0.8851830514975811,0.01706372963349448,0.01583055776118734,0.15612402160066075,0.023409791366728248,0.02397050729773277,0.02319463075066923,48.0,1500.0,0.032,-5.701460623292405,0.9099589490456634,3.98774429793648,58.0647866350947,58.01139460682812,2.4679541068855295,0.017288096304429207,0.017274980286997768,0.029066666666666664,58.256274794137994,57.889504810743965,0.023909208962843615,0.02292770027997525,0.20437956204379562,98.0
2026-08-11 00:38:30,197,Light,57.889504810743965,1.5444431168282124,55.7770114015714,59.699001559531375,4.0,0.9993963480664367,0.02292770027997525,1.1178976549182236,0.8005490254192869,0.016986622077030528,0.01541098654199046,0.19945097458071315,0.022209041828892006,0.021711151642978585,0.023036979937254284,34.0,1500.0,0.02266666666666667,-5.4311757328876595,0.9142274579764621,4.258029188341226,57.921666508407064,57.84007901005034,2.164789747941935,0.01720286843850709,0.01726218652373417,0.028000000000000004,57.61921992033922,58.16846496502458,0.023241351476517506,0.023043603570964376,0.205422314911366,98.5
2026-08-11 00:39:00,198,Light,58.16846496502458,3.3954720399274407,52.998516004633714,63.381898390435644,6.0,1.0005883133325593,0.023043603570964376,1.1698838006002288,0.910861096916029,0.017192439119508525,0.01535492804395456,0.16988380060022878,0.02346816831514814,0.022851482896133476,0.023030472318944242,36.0,1500.0,0.024,-5.152215578607041,0.9186329721289577,4.536989342621844,57.89239656536926,58.05046593621053,2.5069421779780168,0.017080930276677845,0.017208670021965335,0.02733333333333333,57.889504810743965,57.514028388093344,0.02292770027997525,0.02352872522141093,0.2064650677789364,99.0
2026-08-11 00:39:30,199,Light,57.514028388093344,3.5209818652110783,51.01587782427625,60.88203269130257,5.0,1.0011147705911592,0.02352872522141093,1.1795271885449081,0.8070682430192062,0.017005202470451012,0.016299285657799208,0.1929317569807938,0.02291494316172099,0.02333942842946799,0.02357124631056721,39.0,1500.0,0.026,-5.806652155538281,0.9082976982292987,3.8825527656906047,57.8573327212873,57.88949857566782,2.751929827283511,0.017061421222330023,0.017161249381096165,0.027199999999999995,58.16846496502458,57.96081524502173,0.023043603570964376,0.02173863198004469,0.20750782064650677,99.5
2026-08-11 00:40:00,200,Light,57.96081524502173,1.875246934668934,54.21248197620932,60.19468845995551,6.0,1.0003936663596462,0.02173863198004469,1.143919260564936,0.891976021237983,0.016662812594368366,0.013966881184126175,0.14391926056493598,0.022765821416242782,0.022233707614926376,0.021660273584651307,30.0,1500.0,0.02,-5.359865298609897,0.9153536371909863,4.329339622618988,57.881102866046554,57.83040666584456,2.5639363697710715,0.0169534847281093,0.01698216117897058,0.024933333333333335,57.514028388093344,58.591856412327395,0.02352872522141093,0.02358659193417013,0.20855057351407716,100.0
2026-08-11 00:40:30,201,Light,58.591856412327395,2.549053221153967,55.23666186468925,62.130922691226075,6.0,1.000820229156125,0.02358659193417013,1.1584503159054444,0.8337718375013765,0.017463264987891053,0.01587559356056697,0.1662281624986235,0.023883298300908254,0.021544246486109905,0.023735453985363603,45.0,1500.0,0.03,-4.728824131304229,0.9253194360719829,4.960380789924656,58.022233348480825,58.0249339642422,2.5770394355579263,0.017043760017570145,0.017062068249849897,0.024533333333333334,57.96081524502173,65.045264899828,0.02173863198004469,0.004955345952898771,0.20959332638164754,100.5
2026-08-11 00:41:00,202,Heavy,65.045264899828,1.7143168971756562,62.784496738867304,67.5557992065573,4.0,0.9998226230105326,0.004955345952898771,1.0141877512084754,0.9745726713119092,0.003975429808143481,0.002963591393871131,0.025427328688090833,0.004957550445537797,0.005022610160268229,0.004955676759983959,0.0,1500.0,0.0,1.7245843561963738,1.0272357204848428,11.41378927742526,60.53264551905905,59.45608598205901,2.611014191627415,0.012700502463467635,0.014459829796072488,0.02,58.591856412327395,69.32528912427738,0.02358659193417013,0.004973033513933412,0.21063607924921793,101.0
2026-08-11 00:41:30,203,Heavy,69.32528912427738,2.1366907667120367,66.46600430526561,71.93697553028352,6.0,0.9999732108967736,0.004973033513933412,1.0204553051308063,0.982501388145758,0.0039753700143376645,0.002988011585630406,0.02045530513080629,0.005206785039610503,0.005015920534041226,0.004972467723860031,0.0,1500.0,0.0,6.004608580645751,1.0948285541010292,15.693813501874637,64.32080347881093,61.68745081390957,2.359257936984334,0.008471354936790734,0.011816415975038314,0.015200000000000002,65.045264899828,69.34890312705052,0.004955345952898771,0.005016462950867104,0.2116788321167883,101.5
2026-08-11 00:42:00,204,Heavy,69.34890312705052,2.7624310396948513,65.17866569806637,74.29096638090213,6.0,1.000208658233985,0.005016462950867104,1.014826505369136,0.9800131215719736,0.004043935541032754,0.0029757392587396133,0.019986878428026378,0.005079894740186143,0.004989564617658455,0.005017406535988614,0.0,1500.0,0.0,6.028222583418895,1.0952014812801183,15.71742750464778,67.90648571705196,64.05442576170101,2.2075477718810887,0.0039982451211713,0.009224162589154664,0.009999999999999998,69.32528912427738,67.2379141809761,0.004973033513933412,0.005087657362270732,0.2127215849843587,102.0
2026-08-11 00:42:30,205,Heavy,67.2379141809761,1.9705771198493625,64.92305993386552,69.85476745247036,4.0,1.0000475622926552,0.005087657362270732,1.0181288415432028,0.967376528866386,0.003990458029650766,0.003156384691565007,0.03262347113361397,0.00501786286693623,0.005070092326554926,0.00509183574440615,0.0,1500.0,0.0,3.9172336373444807,1.0618634165601755,13.606438558573366,68.63736881076801,65.90984554889187,2.2266138089171745,0.004003254528340394,0.006689691676211143,0.006,69.34890312705052,68.54115161608107,0.005016462950867104,0.004916570765679632,0.21376433785192908,102.5
2026-08-11 00:43:00,206,Heavy,68.54115161608107,1.0982334502184605,66.47382218695974,70.1432468656876,6.0,1.000263392601241,0.004916570765679632,1.0156251889399937,0.985156086137869,0.003929672715825249,0.002966431543592861,0.01562518893999365,0.005181293690524148,0.005028157924985862,0.004916437510328495,0.0,1500.0,0.0,5.220471072449442,1.0824449615454186,14.909675993678327,68.37598964136923,67.89970458964261,1.9364498547300735,0.003988022095502923,0.003982973221797983,0.0,67.2379141809761,68.69508971110466,0.005087657362270732,0.0051039561737394054,0.21480709071949947,103.0
2026-08-11 00:43:30,207,Heavy,68.69508971110466,1.655398584527135,65.94339588544878,70.01730252312274,4.0,0.9998370079923913,0.0051039561737394054,1.0180358597361736,0.982537378906988,0.004074638438434369,0.003078028039838168,0.01803585973617361,0.005107204664000026,0.004993004203451558,0.005104938248866152,0.0,1500.0,0.0,5.374409167473033,1.0848760487305527,15.063614088701918,68.15805183605396,68.62966955189793,1.9246661922003692,0.003998256394636794,0.00400281494785616,0.0,68.54115161608107,67.25334924851425,0.004916570765679632,0.004998549828161467,0.21584984358706985,103.5
2026-08-11 00:44:00,208,Heavy,67.25334924851425,1.5607820232337763,64.91406949856317,69.59033872603722,5.0,1.0000705137914565,0.004998549828161467,1.0142937532395258,0.9839561454242447,0.004030419285230389,0.0029573963151125946,0.0160438545757553,0.005136907715180591,0.004935345421096584,0.0049990013123054665,0.0,1500.0,0.0,3.93266870488263,1.062107176851531,13.621873626111515,68.16319685856666,68.21528157674531,1.8094844435047173,0.0040115768131633355,0.004013824802034706,0.0,68.69508971110466,67.74684637646374,0.0051039561737394054,0.005010129213144931,0.21689259645464026,104.0
2026-08-11 00:44:30,209,Heavy,67.74684637646374,2.179841062764451,65.40554543501167,70.76953649469439,4.0,1.000038241520803,0.005010129213144931,1.0172637266888511,0.9833443224353788,0.004002993451222054,0.0030131214007727792,0.017263726688851122,0.004941774422368022,0.0049915087367637095,0.005008507769860968,0.0,1500.0,0.0,4.426165832832112,1.0699007937822498,14.115370754060997,67.89842844536089,67.89487022662796,1.692966448118637,0.004036017058295605,0.004005636384072565,0.0,67.25334924851425,68.2049663191484,0.004998549828161467,0.005144475474937802,0.21793534932221065,104.5
2026-08-11 00:45:00,210,Heavy,68.2049663191484,2.150742029181615,65.10850906811699,71.31297404946092,5.0,0.999818097710844,0.005144475474937802,1.0192025685302262,0.9804399532205127,0.004091987746633024,0.003123195901067037,0.019560046779487306,0.004903039703945385,0.004846388206313413,0.005144924954903612,0.0,1500.0,0.0,4.884285775516773,1.0771357119598741,14.573490696745658,67.73505398137547,68.08828065426243,1.7289994299850875,0.00404180016102849,0.0040259423274690165,0.0,67.74684637646374,68.93214469252102,0.005010129213144931,0.004924807364446248,0.21897810218978103,105.0
2026-08-11 00:45:30,211,Heavy,68.93214469252102,1.6710162784500753,66.26198922983512,71.16881082678425,6.0,1.0000612781918026,0.004924807364446248,1.0149116533844569,0.9841225372137438,0.00392188527693835,0.002979311744049084,0.015877462786256236,0.004869659607783571,0.0050059702611582844,0.004924145886037624,0.0,1500.0,0.0,5.611464148889397,1.0886197700453135,15.300669070118282,68.29465246271106,68.16647926955041,1.8435559956314105,0.004005622158264476,0.004024384839691637,0.0,68.2049663191484,67.92581854567275,0.005144475474937802,0.0050217119185476675,0.22002085505735142,105.5
2026-08-11 00:46:00,212,Heavy,67.92581854567275,2.264329729834962,64.74431134948847,70.62774753877916,5.0,1.0001591657339113,0.0050217119185476675,1.0184362611043676,0.9824724372797187,0.004030551500924886,0.0029995964598804477,0.01843626110436758,0.00499417899987318,0.004953739606466649,0.005021716692878808,0.0,1500.0,0.0,4.60513800204113,1.0727272348070853,14.294342923270015,68.3543098524474,68.01262503646403,1.9653422246929757,0.004014808174832087,0.00401556745218974,0.0,68.93214469252102,57.19126073475057,0.004924807364446248,0.023913026241842505,0.2210636079249218,106.0
2026-08-11 00:46:30,213,Light,57.19126073475057,2.78930162067602,53.7394003194753,61.52773403497087,5.0,1.000297753105478,0.023913026241842505,1.1276578176278824,0.8199911364879343,0.0176733742795553,0.016111279357320544,0.1800088635120657,0.023546280047147868,0.023797257909728333,0.023848061592788614,49.0,1500.0,0.03266666666666666,-6.129419808881053,0.9032003485076645,3.559785112347832,64.68307465764812,66.0002073337113,2.2110461441814246,0.008541937019139512,0.006744158451054723,0.006533333333333333,67.92581854567275,57.21353524831012,0.0050217119185476675,0.023022255934874072,0.22210636079249219,106.5
2026-08-11 00:47:00,214,Light,57.21353524831012,3.4332305481928493,51.00109298395346,60.25990189414625,5.0,0.999920543505021,0.023022255934874072,1.1240547265732401,0.7870824889374135,0.01705670772511275,0.015462836196685197,0.2129175110625865,0.02389554226169621,0.023977247932093798,0.0230392595976685,41.0,1500.0,0.027333333333333334,-6.1071452953215015,0.9035521216308893,3.582059625907384,60.77687150957782,63.89354510808057,2.4617240412671046,0.012920211168530977,0.009354901305832861,0.012,57.19126073475057,57.59100220302873,0.023913026241842505,0.02243767447134716,0.22314911366006257,107.0
2026-08-11 00:47:30,215,Light,57.59100220302873,2.2935843903035944,53.20692332637009,59.46481085375643,6.0,0.999753292718128,0.02243767447134716,1.1716286467880836,0.8809182597696936,0.01682186901921083,0.014850414905503066,0.17162864678808365,0.023990583094939448,0.022770005307640475,0.02255388894158452,33.0,1500.0,0.022,-5.729678340602895,0.9095133171120166,3.9595265806259903,57.33193272869648,61.770752284856634,2.4902925134915,0.017183983674626296,0.011900877560348421,0.016399999999999998,57.21353524831012,59.02396986465023,0.023022255934874072,0.02246577126246395,0.22419186652763295,107.5
2026-08-11 00:48:00,216,Light,59.02396986465023,2.4127484650023843,56.125107535044535,63.065411554453796,5.0,1.001235510963802,0.02246577126246395,1.189365375135755,0.88749817603232,0.016510184774920687,0.01528565224179206,0.1893653751357549,0.02296916733819319,0.023295860568164954,0.022559147881701377,34.0,1500.0,0.02266666666666667,-4.296710678981391,0.9321436434022419,5.392494242247494,57.942835771996364,59.78911731928248,2.638638950801962,0.016796253839748088,0.014418537459944892,0.02093333333333333,57.59100220302873,56.28836353708537,0.02243767447134716,0.022755300058352385,0.22523461939520334,108.0
2026-08-11 00:48:30,217,Light,56.28836353708537,2.171425074540131,53.72460952349838,59.92226064701226,5.0,1.000904428556449,0.022755300058352385,1.1357435586456757,0.8570284748589012,0.017172962687243498,0.014956972431007383,0.1429715251410988,0.022543665084791477,0.02180990034939677,0.022728329279354555,39.0,1500.0,0.026,-7.032317006546258,0.8889412282658493,2.6568879146826276,57.634445201588115,57.461626317565006,2.620058019742996,0.01683500549379167,0.017047019697208614,0.02613333333333333,59.02396986465023,58.62205346526375,0.02246577126246395,0.023853549993055306,0.22627737226277372,108.5
2026-08-11 00:49:00,218,Light,58.62205346526375,2.957475514543787,54.18269902020331,62.90182170871588,6.0,1.0004136320840777,0.023853549993055306,1.1655972995461148,0.8262269744625542,0.01728979778306497,0.016438547119283043,0.17377302553744578,0.02372736000228675,0.024204630011562846,0.02407259551426035,43.0,1500.0,0.028666666666666667,-4.698627078367878,0.9257963269183399,4.990577842861008,57.978128955666456,57.74778486366764,2.6536927985165493,0.016990981748409715,0.016970304397910547,0.025333333333333336,56.28836353708537,58.03646096914856,0.022755300058352385,0.023221580195261576,0.2273201251303441,109.0
2026-08-11 00:49:30,219,Light,58.03646096914856,2.8349789496893205,53.201795010818024,61.799813230672015,6.0,1.0003807879033524,0.023221580195261576,1.1613868308774797,0.8471746291940375,0.017200474093820063,0.015605463054332257,0.16138683087747974,0.02393422001773607,0.02186431686857662,0.023258762013804,38.0,1500.0,0.025333333333333333,-5.284219574483068,0.9165482820286188,4.404985346745818,57.648959323832564,57.91237000783533,2.5340424788158438,0.017221078188042846,0.01699905767165201,0.02493333333333333,58.62205346526375,59.811288137236595,0.023853549993055306,0.025367121958645718,0.2283628779979145,109.5
2026-08-11 00:50:00,220,Light,59.811288137236595,1.4161509257128957,58.38478954277472,62.469851204997084,6.0,0.9993910010151577,0.025367121958645718,1.1576142684366688,0.8259567957383849,0.01819810263393812,0.017683065818827882,0.17404320426161513,0.02392710566147265,0.024553510868196095,0.02553377147451549,51.0,1500.0,0.034,-3.5093924063950297,0.9445774685890046,6.179812514833856,58.823267523882976,58.3564271946769,2.3585557858977038,0.01756279150360772,0.017274304394597467,0.02733333333333333,58.03646096914856,57.101943353525506,0.023221580195261576,0.02358668935817931,0.22940563086548488,110.0
2026-08-11 00:50:30,221,Light,57.101943353525506,1.7998499275406912,54.881950554404874,59.87073084227653,6.0,1.0006365215213464,0.02358668935817931,1.203938514846195,0.8399104864991411,0.01713828427015517,0.016217776876062216,0.20393851484619496,0.023515563612578522,0.02464083648242855,0.023672904130661764,36.0,1500.0,0.024,-6.218737190106118,0.9017897922650872,3.470467731122767,58.31656415330357,57.97202189245196,2.2359760784053653,0.01751228699930445,0.017399924293644363,0.027599999999999996,59.811288137236595,58.72303124958052,0.025367121958645718,0.02342044641999832,0.23044838373305526,110.5
2026-08-11 00:51:00,222,Light,58.72303124958052,3.309815028470743,53.81237906349573,62.7559889796345,6.0,0.999901494502145,0.02342044641999832,1.1574109766633973,0.8313453601786046,0.01726910951132705,0.015821026216112317,0.1686546398213954,0.022450727102945992,0.023202484889925993,0.023549293001975884,35.0,1500.0,0.023333333333333334,-4.597649294051102,0.9273910315780157,5.091555627177783,58.54542091344754,58.45895543495099,2.463654069191487,0.01753516547180678,0.017419153658461074,0.027066666666666666,57.101943353525506,56.27358578016892,0.02358668935817931,0.023407143413172432,0.23149113660062565,111.0
2026-08-11 00:51:30,223,Light,56.27358578016892,2.547474208789144,53.241443220819285,59.72561081793924,5.0,0.9997361608980873,0.023407143413172432,1.2074717751816342,0.8843441422826147,0.01729805224465239,0.015771536462177552,0.20747177518163418,0.02446578308609481,0.02351142273099087,0.023301335082733892,48.0,1500.0,0.032,-7.047094763462702,0.8887078486371156,2.642110157766183,57.36618679442498,57.989261897932025,2.3816538080405585,0.017235148675378203,0.017420804550778556,0.027733333333333332,58.72303124958052,57.69789759379676,0.02342044641999832,0.023442234600802775,0.23253388946819603,111.5
2026-08-11 00:52:00,224,Light,57.69789759379676,0.8455232812866372,56.63432075358305,58.976043017080634,4.0,1.0010667901810617,0.023442234600802775,1.1823688433229047,0.8677619627319646,0.01724881551308845,0.015910838059791942,0.1823688433229047,0.02322572282698015,0.024163307586126923,0.023329637217517962,42.0,1500.0,0.028,-5.622782949834864,0.9112014763334636,4.066421971394021,57.56483820784874,57.921549222861664,1.9837626743600225,0.01727199242302263,0.017430472834632237,0.02826666666666667,56.27358578016892,58.06958057107907,0.023407143413172432,0.0217052523755775,0.23357664233576642,112.0
2026-08-11 00:52:30,225,Light,58.06958057107907,2.6117356961625293,53.7078867842143,60.62683310657109,4.0,1.000882802669424,0.0217052523755775,1.158155432953413,0.8801071405835235,0.016679720700086196,0.01391704848765611,0.15815543295341294,0.023512903985168,0.02232284989149778,0.021779021017524863,29.0,1500.0,0.019333333333333334,-5.251099972552552,0.9170713276062433,4.438104948676333,57.34702131501493,57.573207709630154,2.222879628449949,0.017075529485942344,0.01712679644786185,0.025333333333333336,57.69789759379676,60.70253028268674,0.023442234600802775,0.02286871391039488,0.2346193952033368,112.5
2026-08-11 00:53:00,226,Light,60.70253028268674,1.8905456105400287,57.20881666620856,62.23052697136407,5.0,1.0012102636684175,0.02286871391039488,1.191647189159045,0.879996812596521,0.01689325557587731,0.015461588861131624,0.191647189159045,0.023945191814644117,0.02366022743623739,0.0227624504199432,41.0,1500.0,0.027333333333333334,-2.618150260944887,0.9586525249181296,7.071054660283998,58.823336149187526,58.29332509546241,2.2410187650498163,0.016940597263017318,0.01707779070900628,0.026000000000000002,58.06958057107907,59.565907410708796,0.0217052523755775,0.023535813927364837,0.23566214807090718,113.0
2026-08-11 00:53:30,227,Light,59.565907410708796,2.9377105967628023,54.102004822340476,62.76739048701964,6.0,1.0003067872636027,0.023535813927364837,1.1849912616967528,0.834227612868015,0.01736308071516858,0.01589188735572935,0.18499126169675284,0.025153381104024285,0.025193029454596044,0.023597817780314275,38.0,1500.0,0.025333333333333333,-3.7547731329228284,0.9407022618726346,5.934431788306057,59.44600608815821,58.461900327688056,2.1665978787082283,0.016978685663710694,0.017096584949774587,0.0264,60.70253028268674,58.54614541133739,0.02286871391039488,0.022635934362124584,0.23670490093847757,113.5
2026-08-11 00:54:00,228,Light,58.54614541133739,1.7834778080496472,55.37763863672576,60.84848208276824,6.0,1.0000524274017066,0.022635934362124584,1.1639226035102057,0.8218903418052619,0.017100600554153557,0.01483097211129955,0.17810965819473812,0.022413116800669475,0.02276860366597781,0.022724492313053977,36.0,1500.0,0.024,-4.774535132294233,0.9245975392035735,4.914669788934653,59.60486103491098,58.91641225392175,2.013798598560329,0.017118978948399814,0.017057094611674817,0.0248,59.565907410708796,57.66854402201943,0.023535813927364837,0.023432798271305514,0.23774765380604795,114.0
2026-08-11 00:54:30,229,Light,57.66854402201943,1.8461111976048892,54.900140497420956,60.099921239506806,4.0,1.000709263497231,0.023432798271305514,1.1293374742857158,0.7821703820119247,0.017120204688840932,0.016015544978064036,0.21782961798807532,0.02123451524941037,0.022679196832448772,0.02337143627961108,44.0,1500.0,0.029333333333333333,-5.652136521612192,0.9107379062719084,4.037068399616693,58.59353228135521,58.910541539566296,2.213916181823979,0.017194628652721023,0.017031372446825316,0.02506666666666667,58.54614541133739,57.97325019569509,0.022635934362124584,0.02457709786580481,0.23879040667361837,114.5
2026-08-11 00:55:00,230,Light,57.97325019569509,2.6416247167964295,54.87774505352227,62.53837949629763,5.0,1.0008811995745572,0.02457709786580481,1.1917859363600662,0.8906963189988995,0.018012050646055537,0.016744440382391923,0.19178593636006624,0.02196103726525062,0.022492421950362204,0.024429070545081776,38.0,1500.0,0.025333333333333333,-5.3474303479365375,0.9155500177504907,4.341774573292348,58.06264654301731,58.89127546448949,2.2198939859507596,0.017410951963016678,0.017297838436019182,0.026266666666666667,57.66854402201943,55.66389930890853,0.023432798271305514,0.02266361291904212,0.23983315954118875,115.0
2026-08-11 00:55:30,231,Light,55.66389930890853,2.888835770365314,52.52224948622861,59.44536759176668,4.0,0.9995740125799714,0.02266361291904212,1.1749444666087667,0.8457395154219208,0.016892108152267576,0.015115472139443439,0.17494446660876672,0.022022131746370674,0.02343921384148341,0.022605723726058763,37.0,1500.0,0.024666666666666667,-7.656781234723091,0.8790792965428234,2.032423686505794,57.101897842207684,57.88354926973385,2.4195520179158168,0.01734145449572135,0.017297608951297234,0.02573333333333333,57.97325019569509,58.51977760714129,0.02457709786580481,0.02384785463093695,0.24087591240875914,115.5
2026-08-11 00:56:00,232,Light,58.51977760714129,1.9892649700700022,56.89385505517108,61.921397275341356,4.0,1.0012488084690352,0.02384785463093695,1.183384454599445,0.8074867055306608,0.017564983941307528,0.016178721588316045,0.19251329446933918,0.023503978498050134,0.02286320926759663,0.023854240520346202,37.0,1500.0,0.024666666666666667,-4.800902936490331,0.9241811222609613,4.888301984738554,57.38564237058164,57.67432330902035,2.2298628925772563,0.01748971424654355,0.017337989596525025,0.0256,55.66389930890853,59.30281592296354,0.02266361291904212,0.023929596075339274,0.24191866527632952,116.0
2026-08-11 00:56:30,233,Light,59.30281592296354,2.247530148575443,55.339705196127,61.47042804034231,6.0,0.9997493694276283,0.023929596075339274,1.1320554494795436,0.8417490597107747,0.017589111674702892,0.016226876917864713,0.15825094028922526,0.024345377309374347,0.02404233107647377,0.023944825103848513,53.0,1500.0,0.035333333333333335,-4.017864620668085,0.9365473556794839,5.6713403005608,57.828830946337796,57.82565741134558,2.3226733606824155,0.017348734589426,0.017435691820634893,0.027866666666666668,58.51977760714129,57.81211388863162,0.02384785463093695,0.02295636234171261,0.2429614181438999,116.5
2026-08-11 00:57:00,234,Light,57.81211388863162,1.7631603795586082,54.93126766328204,59.527781502600426,6.0,1.000845655407841,0.02295636234171261,1.1651196203797411,0.818662729764325,0.016695016644295374,0.015779294162905765,0.18133727023567503,0.023673201327924085,0.02253794330259478,0.02291346968657011,37.0,1500.0,0.024666666666666667,-5.508566655000003,0.9130052518749497,4.180638266228883,58.544902472912156,57.85437138466801,2.3060831970731597,0.01728303742010193,0.01735065421172578,0.02693333333333333,59.30281592296354,57.65309697438185,0.023929596075339274,0.022771480411056613,0.2440041710114703,117.0
2026-08-11 00:57:30,235,Light,57.65309697438185,1.7494487484354078,55.171842412659615,59.78763597868364,4.0,0.9998824944246498,0.022771480411056613,1.171171518481026,0.8522567517897206,0.01654272167991618,0.015649041091779545,0.17117151848102607,0.023353644308198467,0.023356773306848443,0.02277311439863785,37.0,1500.0,0.024666666666666667,-5.667583569249771,0.9104939567832901,4.021621351979114,58.256008928659014,57.79034074040537,2.127648003400955,0.016942283332971483,0.01705678841849791,0.0268,57.81211388863162,55.90280375408366,0.02295636234171261,0.02287402427346823,0.24504692387904067,117.5
2026-08-11 00:58:00,236,Light,55.90280375408366,3.2947589646751148,53.64702451207407,61.57172910463267,4.0,1.001469394621973,0.02287402427346823,1.143795813978555,0.8594782866890531,0.017656410960880352,0.014616130096533803,0.1437958139785549,0.02217437210137107,0.022736922996540284,0.022855722131769153,31.0,1500.0,0.020666666666666667,-7.417876789547961,0.8828522257521125,2.2713281316809244,57.12267153903238,57.83812162944039,2.208832642262915,0.01696471642836397,0.017209648980220465,0.026000000000000002,57.65309697438185,56.33073385899397,0.022771480411056613,0.0236055004574311,0.24608967674661106,118.0
2026-08-11 00:58:30,237,Light,56.33073385899397,1.333948123356448,54.45276914238467,58.21714547951908,4.0,1.0002006768944045,0.0236055004574311,1.1284375641323785,0.8236192624729327,0.017467345949913855,0.015879286776419015,0.1763807375270673,0.023175469231994032,0.023477737900456184,0.023568525999914422,43.0,1500.0,0.028666666666666667,-6.989946684637651,0.8896103670297546,2.699258236591234,56.628878195819844,57.400312879810926,2.0777692729202046,0.017222159530236796,0.01719012138194173,0.0268,55.90280375408366,56.47009176610044,0.02287402427346823,0.02304206917665569,0.24713242961418144,118.5
2026-08-11 00:59:00,238,Light,56.47009176610044,3.323372540136446,53.693759248651126,63.41064468274244,6.0,1.00149887099986,0.02304206917665569,1.1246029588863984,0.7908826092327988,0.017129718330768536,0.015484066524157668,0.20911739076720115,0.0237144928517521,0.02256946556941846,0.022975446738137246,46.0,1500.0,0.030666666666666665,-6.850588777531186,0.8918111947200136,2.838616143697699,56.2345431263927,56.83376804843831,2.2929377512324054,0.017417825080520918,0.01709824271315486,0.025866666666666666,56.33073385899397,59.29955984715074,0.0236055004574311,0.023894375806732003,0.24817518248175183,119.0
2026-08-11 00:59:30,239,Light,59.29955984715074,2.779233817318106,55.85036529728906,64.37038377718255,5.0,1.0007784805231126,0.023894375806732003,1.1606534573966703,0.8242090069057744,0.017348707772002148,0.016448998928806507,0.17579099309422563,0.023052217121228832,0.02465288205442744,0.02377801259939304,44.0,1500.0,0.029333333333333333,-4.021120696480885,0.9364959336829917,5.668084224748,57.366795157415055,57.13125724014213,2.4961524387843044,0.017315257350894845,0.017228980938696216,0.0268,56.47009176610044,58.28335673821117,0.02304206917665569,0.02408911914328161,0.2492179353493222,119.5
2026-08-11 01:00:00,240,Light,58.28335673821117,2.957745595783549,53.40684662422355,61.31536636088582,4.0,1.0010900388190425,0.02408911914328161,1.1950515984981294,0.784848975768795,0.017554804419427066,0.01653186884541188,0.21515102423120502,0.02225044489895438,0.022739350252687796,0.024160805903078654,38.0,1500.0,0.025333333333333333,-5.037323805420456,0.9204474152492811,4.651881115808429,58.01766945048745,57.257309192908,2.737811808253933,0.017344410174065916,0.017431397486598395,0.02693333333333333,59.29955984715074,55.525364353220674,0.023894375806732003,0.0224254225460491,0.2502606882168926,120.0
2026-08-11 01:00:30,241,Light,55.525364353220674,1.3999143153475815,53.73907815137204,57.389931204784524,5.0,1.0010135781805058,0.0224254225460491,1.1720299410407293,0.8585858550593539,0.01669049728368957,0.015011802607281908,0.17202994104072933,0.02376584829845759,0.023240164086422217,0.022424051563374424,31.0,1500.0,0.020666666666666667,-7.795316190410951,0.8768914654187975,1.8938887308179346,57.70276031286087,57.181821312735394,2.358842878388426,0.01719800315837293,0.017238214751160236,0.02693333333333333,58.28335673821117,56.757254128658964,0.02408911914328161,0.022356699431513284,0.251303441084463,120.5
2026-08-11 01:01:00,242,Light,56.757254128658964,0.9287519355733559,55.162496714350645,57.47581757554837,4.0,1.0013597652002664,0.022356699431513284,1.1837938054538544,0.8679286471048913,0.01671907650564809,0.014904477571158535,0.18379380545385438,0.022917901777169035,0.024490467415553815,0.022391636738559748,40.0,1500.0,0.02666666666666667,-6.56342641497266,0.8963462433027694,3.125778506256225,56.85532507336361,57.267125366668395,2.2778036408318076,0.016988126069588244,0.017088560862307083,0.026533333333333332,55.525364353220674,66.74629755449843,0.0224254225460491,0.004799814229475869,0.2523461939520334,121.0
2026-08-11 01:01:30,243,Heavy,66.74629755449843,2.44009512580081,63.16113079902296,69.38267017391723,6.0,0.9998030610318356,0.004799814229475869,1.0147654127527181,0.9840172953804903,0.003852353164278202,0.0028699088299694244,0.01598270461950968,0.004977983916130663,0.004931150498500127,0.004800064387461858,0.0,1500.0,0.0,3.4256170108668016,1.054099497691064,13.114821932095687,59.676305345459355,59.32236652434799,2.1011481579646807,0.012420642317871954,0.014433087829009015,0.0204,56.757254128658964,69.4392778937876,0.022356699431513284,0.004948887734536647,0.2533889468196038,121.5
2026-08-11 01:02:00,244,Heavy,69.4392778937876,2.1678137360267553,67.1384925882296,73.05851672493728,5.0,0.9999607792084182,0.004948887734536647,1.0183002044423999,0.9783763767477216,0.003954075697271208,0.0029762918976116545,0.0216236232522784,0.004819518403124307,0.004964174808027844,0.004950242489425014,0.0,1500.0,0.0,6.11859735015598,1.0966287364195322,15.807802271384865,64.31427652564834,61.35031013367537,1.9788641417064103,0.008175168455732499,0.011754161414062827,0.014533333333333334,66.74629755449843,68.66145140604473,0.004799814229475869,0.0050081282227397985,0.25443169968717416,122.0
2026-08-11 01:02:30,245,Heavy,68.66145140604473,1.7625355508778593,67.02484414380193,71.2269212489224,4.0,1.0000731466615924,0.0050081282227397985,1.0144063384866906,0.982425236451546,0.004028046205898875,0.002976834307221128,0.017574763548453998,0.004975611496158404,0.0050311568468557714,0.005009406057654294,0.0,1500.0,0.0,5.340770862413109,1.0843448114669743,15.029975783641994,68.28234228477693,63.42592906724208,1.7398221327252723,0.003944825022482762,0.009048809771357188,0.009466666666666668,69.4392778937876,67.1854325520695,0.004948887734536647,0.005119851801275596,0.25547445255474455,122.5
2026-08-11 01:03:00,246,Heavy,67.1854325520695,2.235677101697029,65.38189742046926,71.44577085953341,5.0,1.0001832942487727,0.005119851801275596,1.0158702724556188,0.9592400986202322,0.004036444750693492,0.003154931540185474,0.040759901379767816,0.005033335309877533,0.005144065887427127,0.005122984202957891,0.0,1500.0,0.0,3.8647520084378755,1.0610345936786771,13.55395692966676,68.42872061730061,65.75794270701185,1.9069746899951618,0.004006188884621192,0.006517999264757973,0.005333333333333334,68.66145140604473,69.38989771591163,0.0050081282227397985,0.0050954914853128435,0.25651720542231493,123.0
2026-08-11 01:03:30,247,Heavy,69.38989771591163,1.8219977550870536,66.39901775826397,71.89317907186313,6.0,1.0002108468746271,0.0050954914853128435,1.0149798528828669,0.9828689941095788,0.004079905881298783,0.0030598787363520295,0.017131005890421158,0.005085774005441271,0.0049484280469209805,0.005094383068277814,0.0,1500.0,0.0,6.0692171722800055,1.0958488936027457,15.75842209350889,68.41226055800861,68.28447142446238,2.0856238538979013,0.00404813227929705,0.003990165139888112,0.0,67.1854325520695,68.74001964327783,0.005119851801275596,0.004916978747451023,0.2575599582898853,123.5
2026-08-11 01:04:00,248,Heavy,68.74001964327783,2.0818275290972377,65.87743687167523,71.57640130215088,4.0,1.0000029294482946,0.004916978747451023,1.015701195307602,0.9823148935302033,0.0039050989277352633,0.0029877903121124883,0.017685106469796708,0.004934857513530448,0.0049157525155453016,0.004917270512493144,0.0,1500.0,0.0,5.4193390996462085,1.08558561046911,15.108544020875094,68.43844997041965,68.68321584221826,2.013970334557187,0.004007149853242513,0.004000714292579524,0.0,69.38989771591163,68.96939487482632,0.0050954914853128435,0.005051942699839584,0.2586027111574557,124.0
2026-08-11 01:04:30,249,Heavy,68.96939487482632,2.2393892510577467,65.33395088725091,71.02805494590649,4.0,1.0000798660030363,0.005051942699839584,1.0163329051565018,0.9806858925173783,0.0040044729497444335,0.003081022560071341,0.019314107482621745,0.0049403849990997655,0.0050401699145047945,0.005052659777531431,0.0,1500.0,0.0,5.648714331194697,1.0892080483453175,15.337919252423582,69.03310407800525,68.589239238426,2.0282854375633854,0.003996492586259493,0.004010793743074169,0.0,68.74001964327783,66.69575315919313,0.004916978747451023,0.005123126055915618,0.2596454640250261,124.5
2026-08-11 01:05:00,250,Heavy,66.69575315919313,2.124589439820532,62.93819346546617,68.8161491837527,5.0,1.0000952246925163,0.005123126055915618,1.017542304983749,0.9846257230004384,0.004083192398212835,0.0030956466474782373,0.01754230498374909,0.005117334350683539,0.004984889015334264,0.005122472433439878,0.0,1500.0,0.0,3.375072615561507,1.0533012688206325,13.064277536790392,68.13505589243243,68.19609958905569,2.1006962153519195,0.003997588091897511,0.0040218229815369615,0.0,68.96939487482632,67.57904383189508,0.005051942699839584,0.005088045560734538,0.26068821689259647,125.0
2026-08-11 01:05:30,251,Heavy,67.57904383189508,1.3960571487937945,65.98770221377481,69.99011396207803,6.0,1.0002461594041874,0.005088045560734538,1.0298340520245257,0.9829262564655967,0.004014277832496985,0.003135980797757483,0.029834052024525715,0.005102239682196822,0.005180831996725533,0.00508413989176811,0.0,1500.0,0.0,4.258363288263453,1.0672507504926323,13.947568209492339,67.74806395530486,68.2748218450208,1.9327722247712729,0.0040339810601514176,0.00401738959789766,0.0,66.69575315919313,68.7878901815335,0.005123126055915618,0.004944951704515643,0.26173096976016685,125.5
2026-08-11 01:06:00,252,Heavy,68.7878901815335,2.4604936350034374,64.23294235449808,71.71994096003746,6.0,1.0001726208831334,0.004944951704515643,1.0240055309368614,0.9840883935397459,0.00393330066917346,0.003001914584921685,0.02400553093686142,0.0051447580337675375,0.005152827716983526,0.004944339424421079,0.0,1500.0,0.0,5.467209637901874,1.086341612107827,15.15641455913076,67.68756239087391,68.15442033814517,2.0604714007545497,0.00401025696662776,0.003988068555472596,0.0,67.57904383189508,67.96543772316663,0.005088045560734538,0.004918228526890308,0.26277372262773724,126.0
2026-08-11 01:06:30,253,Heavy,67.96543772316663,1.6726982045041077,66.02283827611195,70.90413758630788,6.0,1.000093410459356,0.004918228526890308,1.0143938644329382,0.9857317453583891,0.003907664016806508,0.0029879523571152006,0.01439386443293822,0.004971793500159636,0.004846993249855777,0.004918676645023432,0.0,1500.0,0.0,4.644757179535006,1.073352925768612,14.333962100763891,68.11079057886506,67.99950395412293,1.9786455358359238,0.003951747506158985,0.003988581573286845,0.0,68.7878901815335,68.61335073627328,0.004944951704515643,0.005016804833195732,0.2638164754953076,126.5
2026-08-11 01:07:00,254,Heavy,68.61335073627328,1.0015826974010267,67.6405128982846,70.30905870454838,5.0,1.0000368904622385,0.005016804833195732,1.0296369547370887,0.9811168820563576,0.003988224912915886,0.00304364151709384,0.029636954737088717,0.005038881215262098,0.004994259608998003,0.005015353119148516,0.0,1500.0,0.0,5.292670192641651,1.0835851754466646,14.981875113870537,68.45555954699114,67.92829512641232,1.73108422510458,0.003943063199631952,0.003985331965921135,0.0,67.96543772316663,68.21821365566875,0.004918228526890308,0.0048931294484093595,0.264859228362878,127.0
2026-08-11 01:07:30,255,Heavy,68.21821365566875,2.625054388877371,63.75344318478692,71.7730544665148,6.0,0.9998453287195431,0.0048931294484093595,1.0145185936099061,0.9859749897341619,0.00390645702703371,0.00295063255927064,0.01451859360990615,0.005216911589736899,0.005025427894700938,0.004893406846063345,0.0,1500.0,0.0,4.897533112037124,1.0773449222274616,14.586738033266009,68.26566737170289,68.23278722570744,1.8311772149159473,0.0039341153189187015,0.00394998489168531,0.0,68.61335073627328,67.91990022012541,0.005016804833195732,0.005210580115623261,0.2659019812304484,127.5
2026-08-11 01:08:00,256,Heavy,67.91990022012541,1.4343331182497248,65.8813251122295,70.23339940173271,5.0,0.999915150935909,0.005210580115623261,1.0250161797745039,0.9760677927326095,0.004094217820370138,0.003224085132928292,0.025016179774503877,0.005194086933420344,0.005213208545986983,0.00520775653980505,0.0,1500.0,0.0,4.599219676493789,1.0726337688888965,14.288424597722674,68.25048820402247,68.30095850335351,1.8388324088071335,0.003996299920106578,0.00396597288925994,0.0,68.21821365566875,68.7379358250135,0.0048931294484093595,0.005166270397094575,0.2669447340980188,128.0
2026-08-11 01:08:30,257,Heavy,68.7379358250135,1.3524633224611655,66.32306710822795,70.37860956499364,6.0,1.000099307353304,0.005166270397094575,1.0268123356889225,0.9832193284080835,0.004114644642976583,0.0031256857213002196,0.026812335688922495,0.005005228790333617,0.00490936601563891,0.005165266055335702,0.0,1500.0,0.0,5.41725528138187,1.0855527015008797,15.106460202610755,68.29201656693589,68.2909676320495,1.6172263462986791,0.00403843983012681,0.004002241684020564,0.0,67.91990022012541,68.03615321244348,0.005210580115623261,0.004975476386532777,0.26798748696558916,128.5
2026-08-11 01:09:00,258,Heavy,68.03615321244348,1.8629966306286245,65.24860454215072,70.47305080099477,4.0,1.000042995906146,0.004975476386532777,1.0188700829287802,0.9847261636233579,0.004002786750098562,0.0029554884797823146,0.01887008292878023,0.005125653665821006,0.005060759463058065,0.004974925379394147,0.0,1500.0,0.0,4.715472668811856,1.0744697092376103,14.404677590040741,68.23132975252747,68.3051107299049,1.6552860315235827,0.004070549737815094,0.004021266230678976,0.0,68.7379358250135,68.36356644024423,0.005166270397094575,0.0053174057012956655,0.26903023983315955,129.0
2026-08-11 01:09:30,259,Heavy,68.36356644024423,1.5701765981243625,65.46038000427582,69.85999930870028,5.0,1.0000323825078725,0.0053174057012956655,1.0171056237448004,0.9543076507893684,0.004166495299096316,0.0033039626120154675,0.04569234921063159,0.0049531664717442974,0.005099506393845515,0.005320976424726398,0.0,1500.0,0.0,5.042885896612603,1.0796404247919882,14.732090817841488,68.37921849256708,68.25515387069908,1.7690048116682497,0.00409464223072382,0.004056920307915062,0.0,68.03615321244348,68.60498875235271,0.004975476386532777,0.004893593890876865,0.27007299270072993,129.5
2026-08-11 01:10:00,260,Heavy,68.60498875235271,1.91663110088182,66.76059377578406,71.81680925665127,4.0,1.0000749323604678,0.004893593890876865,1.0163023346322853,0.9859670056611833,0.0038803306390823586,0.0029826012403389368,0.016302334632285254,0.005081211703660803,0.004948166102521225,0.0048927408387151785,0.0,1500.0,0.0,5.284308208721086,1.0834531177389968,14.973513129949971,68.33490280168014,68.33250889003587,1.6273201540691395,0.004016537562759079,0.004051695030324791,0.0,68.36356644024423,68.49062518564519,0.0053174057012956655,0.005315710473778015,0.2711157455683003,130.0
2026-08-11 01:10:30,261,Heavy,68.49062518564519,1.5462572161364525,66.71890533584708,71.30850468195983,6.0,0.9999630980385056,0.005315710473778015,1.0219526931923515,0.9812959725422675,0.0042092922873393215,0.003246536313602719,0.02195269319235149,0.00509075312960317,0.0052022922231355,0.005315968621513925,0.0,1500.0,0.0,5.1699446420135615,1.0816470163875003,14.859149563242447,68.48639345941405,68.44665388313982,1.6497049736464848,0.0040853727418393325,0.004074709923718628,0.0,68.60498875235271,68.69006137677134,0.004893593890876865,0.005092548826508356,0.2721584984358707,130.5
2026-08-11 01:11:00,262,Heavy,68.69006137677134,2.7580912829679924,64.35659731311544,72.02976048542621,4.0,1.0000474569098676,0.005092548826508356,1.0168925065717718,0.978218281907367,0.0040056114495592345,0.0031450568554202336,0.021781718092632962,0.004961654438518258,0.0050988213675742695,0.0050938836188021515,0.0,1500.0,0.0,5.369380833139715,1.0847966381131975,15.0585857543686,68.59522510492309,68.4370789934914,1.9308305657478502,0.0040317447919936385,0.004052903285035159,0.0,68.49062518564519,67.05827352490023,0.005315710473778015,0.005082103828809583,0.2732012513034411,131.0
2026-08-11 01:11:30,263,Heavy,67.05827352490023,1.8203226261550176,63.622429476449824,68.82826983735568,6.0,1.0000315295765905,0.005082103828809583,1.0162878176746775,0.9707781253542073,0.004031440271746656,0.0030945537281392046,0.029221874645792734,0.004924041033349298,0.005100768436914854,0.005083053977019116,0.0,1500.0,0.0,3.7375929812686053,1.0590264183704277,13.42679790249749,68.07965336243892,68.24150305598273,1.9222957648531291,0.004082114669548404,0.004058633989364778,0.0,68.69006137677134,67.76306082193051,0.005092548826508356,0.005113655792174702,0.27424400417101147,131.5
2026-08-11 01:12:00,264,Heavy,67.76306082193051,2.186037247113093,63.65387141814157,70.83126542277692,6.0,0.9997529974141838,0.005113655792174702,1.0137748194144858,0.9701750190193253,0.0040498317702534975,0.003131987942327866,0.029824980980674654,0.004877748678591555,0.004922354837519902,0.005116619457772154,0.0,1500.0,0.0,4.442380278298884,1.0701568624998878,14.13158519952777,67.83713190786736,68.12140193232,2.045467894650875,0.004028961163853129,0.004035301283596214,0.0,67.05827352490023,68.73919153220614,0.005082103828809583,0.004870986919818455,0.27528675703858185,132.0
2026-08-11 01:12:30,265,Heavy,68.73919153220614,1.7476492443046916,66.16932494317133,71.44020618898872,6.0,1.0000375485390822,0.004870986919818455,1.0206247088060785,0.9858073235193918,0.0038488978235716982,0.0029856170232524363,0.020624708806078473,0.004892562407858782,0.005072524530390373,0.004870758889447542,0.0,1500.0,0.0,5.418510988574511,1.0855725324183911,15.107715909803396,67.85350862634563,68.14824248829068,2.011671523335449,0.00397672328852395,0.004029014720494081,0.0,67.76306082193051,68.17348552437758,0.005113655792174702,0.00491040060469664,0.27632950990615224,132.5
2026-08-11 01:13:00,266,Heavy,68.17348552437758,2.4626053217132826,65.16912526246075,72.0273845941095,4.0,1.000003156277342,0.00491040060469664,1.0147900430587806,0.9841447291283101,0.0038799312926723404,0.003009680585184037,0.01585527087168992,0.0049255144924592875,0.005034939931107397,0.004909961266110034,0.0,1500.0,0.0,4.852804980745958,1.076638547455315,14.542009901974843,68.22524595950473,68.08481455603717,2.1949411444508153,0.003926220295499178,0.003963142521560685,0.0,68.73919153220614,67.6078456037058,0.004870986919818455,0.0049357049870148275,0.2773722627737226,133.0
2026-08-11 01:13:30,267,Heavy,67.6078456037058,2.106908047712833,64.0955624821055,69.972719649613,6.0,1.0001062669699528,0.0049357049870148275,1.014976514458425,0.9858773410935421,0.0039160983508803,0.0030061021429716272,0.014976514458425072,0.004994519296963569,0.005020220023768412,0.004935712655764217,0.0,1500.0,0.0,4.287165060074173,1.0677056061821708,13.976369981303058,68.17350755342984,67.86837140142404,2.0647044973997835,0.003881642489041446,0.003945239901824898,0.0,68.17348552437758,69.56347268895681,0.00491040060469664,0.005080741373982869,0.278415015641293,133.5
2026-08-11 01:14:00,268,Heavy,69.56347268895681,1.172872562564679,67.54979582687358,70.48109098279981,4.0,1.0003140724931647,0.005080741373982869,1.0162349637463783,0.9797101974433687,0.004039120341904853,0.003098077033237626,0.020289802556631265,0.004917716500761803,0.005260633068239866,0.005082719076544817,0.0,1500.0,0.0,6.242792145325183,1.0985900987122768,15.931997066554068,68.4482679390134,68.36941123423537,1.9352144846817159,0.003945049995152498,0.003946775915856538,0.0,67.6078456037058,67.57206690932243,0.0049357049870148275,0.004967805048983328,0.2794577685088634,134.0
2026-08-11 01:14:30,269,Heavy,67.57206690932243,1.6782748203331184,64.60126699980333,69.76235451733776,6.0,0.9999624482043705,0.004967805048983328,1.024034369337284,0.9818731828854111,0.003995304249980061,0.002952632908465005,0.02403436933728398,0.005064062724526822,0.005078614569809979,0.0049677823921138835,0.0,1500.0,0.0,4.251386365690806,1.0671405665446276,13.940591286919691,68.24779506732835,68.33121245171375,1.8336619993257208,0.003983507647588405,0.003935870411801851,0.0,69.56347268895681,67.71659288827925,0.005080741373982869,0.005075226906486737,0.2805005213764338,134.5
2026-08-11 01:15:00,270,Heavy,67.71659288827925,2.6444224695495464,63.28195313412885,70.84642379356536,5.0,0.9999276638020667,0.005075226906486737,1.0208952537499831,0.9850313610797711,0.004020605671682518,0.003098046273168425,0.020895253749983134,0.005218711788301004,0.004891552663150348,0.005075797219262876,0.0,1500.0,0.0,4.395912344647627,1.0694230116749708,14.085117265876512,68.28404416218616,68.12669272292837,2.0130166443746917,0.004018343421189143,0.0039702119814240145,0.0,67.57206690932243,68.23839806116554,0.004967805048983328,0.005066059078975108,0.28154327424400416,135.0
2026-08-11 01:15:30,271,Heavy,68.23839806116554,1.182505807197532,67.06716866353544,70.01520128354052,4.0,0.9998637015550276,0.005066059078975108,1.017167691290689,0.9812531552573475,0.004024599790349272,0.003079955906387068,0.018746844742652535,0.0051200786483466924,0.005140973666117525,0.005067325220946772,0.0,1500.0,0.0,4.917717517533916,1.0776636870500045,14.606922438762801,67.84235261958908,68.13967523028596,1.7569967414715417,0.004013503237337283,0.003999145680959401,0.0,67.71659288827925,77.67625845233862,0.005075226906486737,0.20440164878333084,0.28258602711157454,135.5
2026-08-11 01:16:00,272,Wake,77.67625845233862,2.47402672506925,74.95401826403464,80.94048223169534,4.0,1.0395382133774729,0.20440164878333084,2.228875109675181,0.12618099637035016,0.1344029079544849,0.15899422214597916,1.2288751096751809,0.19854684159810546,0.2134454196633279,0.20556114835795078,1011.0,1500.0,0.674,14.35557790870699,1.226712312398714,24.044782829935876,71.21041646726114,70.15335780001253,1.8304204769428254,0.04748270447217223,0.03009650760168032,0.1348,68.23839806116554,75.5253723146018,0.005066059078975108,0.1997450351951643,0.28362877997914493,136.0
2026-08-11 01:16:30,273,Wake,75.5253723146018,5.062999986805,68.47256941666244,83.27987637136758,5.0,1.0458900726823626,0.1997450351951643,2.325560401704857,0.36274689475262173,0.13656305121151038,0.15282182730131305,1.3255604017048568,0.2063436375589819,0.20751540643806304,0.20488217634625377,1061.0,1500.0,0.7073333333333334,12.204691770970172,1.1927441661426939,21.893896692199057,73.813342942702,71.34573772514152,2.6084459617908893,0.09166351965211485,0.056601293775601434,0.2762666666666667,77.67625845233862,74.64663401775924,0.20440164878333084,0.1964539096350256,0.2846715328467153,136.5
2026-08-11 01:17:00,274,Wake,74.64663401775924,0.8657410251034175,73.81782723202328,76.10073816218488,4.0,1.0448487206635044,0.1964539096350256,2.248373001625464,0.30286135261723957,0.13346896316880882,0.15096881209933063,1.2483730016254642,0.21531247068784878,0.20495801912932976,0.20368337492808805,1049.0,1500.0,0.6993333333333334,11.325953474127616,1.17886657845257,21.0151583953565,75.94942159489989,72.76065114682889,2.4459392027449494,0.13481164077826804,0.08249602555936718,0.41613333333333336,75.5253723146018,75.57095985048625,0.1997450351951643,0.20368179892388913,0.2857142857142857,137.0
2026-08-11 01:17:30,275,Wake,75.57095985048625,2.309801818075007,72.43243507563959,78.88861836847522,4.0,1.042731452026809,0.20368179892388913,2.055531815498027,0.13982701205583836,0.13649663179012977,0.1571016286202686,1.055531815498027,0.215572229044812,0.21193150903820948,0.20527761010347956,1005.0,1500.0,0.67,12.250279306854623,1.1934641131725277,21.939484228083508,75.24765539428243,74.33152453927029,2.3790150724500414,0.13550954872348298,0.10899123078305664,0.5501333333333334,74.64663401775924,72.62531849934221,0.1964539096350256,0.1860326590560393,0.2867570385818561,137.5
2026-08-11 01:18:00,276,Wake,72.62531849934221,6.250700547091472,66.38298515927052,83.68309824928637,5.0,1.035207853851168,0.1860326590560393,2.3901763829572826,0.19216807641609143,0.12442565294939485,0.14270949546677864,1.3901763829572826,0.20548912570708625,0.1926325497754672,0.19236314789772288,999.0,1500.0,0.666,9.30463795571059,1.1469446928843279,18.993842876939475,74.2809707891959,75.20890862690563,3.3926540204288287,0.13146374930277782,0.13307144141486577,0.6833333333333333,75.57095985048625,73.82322709911152,0.20368179892388913,0.20044539876958956,0.28779979144942647,138.0
2026-08-11 01:18:30,277,Wake,73.82322709911152,2.2669583134877893,70.82906388689473,77.04653600868883,4.0,1.041534435721764,0.20044539876958956,2.0218206207623344,0.1896893372029601,0.13734542428246155,0.15178834496526972,1.0218206207623344,0.21003206773356908,0.20406116101892346,0.2047548997741348,1043.0,1500.0,0.6953333333333334,10.502546555479896,1.1658628186764832,20.19175147670878,74.00650181631333,74.43830235626021,3.351240338112537,0.13275590300732873,0.13365994468046108,0.6876,72.62531849934221,77.05406549370102,0.1860326590560393,0.20142676949773367,0.28884254431699685,138.5
2026-08-11 01:19:00,278,Wake,77.05406549370102,3.374839287148853,71.95078575212034,82.16772603235752,5.0,1.040470818278019,0.20142676949773367,2.0934534626371666,0.26390320813393525,0.1337939103998716,0.15591606762068075,1.0934534626371666,0.21601806912685162,0.20671055750549072,0.20511085995731632,1023.0,1500.0,0.682,13.733384950069393,1.2168862499923117,23.42258987129828,74.5008703640516,74.74404099208004,3.013608198181308,0.13185499587724267,0.1331061165181333,0.6825333333333333,73.82322709911152,75.80801281312836,0.20044539876958956,0.2058206935351892,0.28988529718456724,139.0
2026-08-11 01:19:30,279,Wake,75.80801281312836,3.982613795949608,69.68316227401682,80.62474260863131,4.0,1.0334120717057285,0.2058206935351892,2.187047596094191,0.10637588432719698,0.13578178558113926,0.15824610935935376,1.187047596094191,0.205143748557329,0.2075149071337409,0.2086050805153328,1007.0,1500.0,0.6713333333333333,12.487332269496733,1.1972078026055364,22.176537190725618,75.56176846864697,74.97631675115387,3.6369827523505456,0.13564037342115745,0.1335686810005994,0.6769333333333334,77.05406549370102,75.07352033471182,0.20142676949773367,0.20461748436278648,0.2909280500521376,139.5
2026-08-11 01:20:00,280,Wake,75.07352033471182,2.382370729247304,70.08430228938592,77.13476755404118,6.0,1.0473904077444938,0.20461748436278648,2.0840088706990874,0.26902614617835174,0.1356726237592498,0.16033435319801428,1.0840088706990874,0.1993894164388195,0.20290592691714632,0.19983151338631905,1012.0,1500.0,0.6746666666666666,11.752839791080191,1.1856082355745023,21.442044712309077,75.97853288051374,74.876828847999,3.651496534585005,0.13508277324675355,0.13340387939442339,0.6778666666666667,75.80801281312836,76.914028928005,0.2058206935351892,0.18684518325824118,0.291970802919708,140.0
2026-08-11 01:20:30,281,Wake,76.914028928005,5.63251954310823,71.18172564531986,85.92123030380588,4.0,1.0371286828051876,0.18684518325824118,2.1381586346160066,0.18297083565086888,0.12545185498833922,0.14335792155872892,1.1381586346160066,0.19443118600886447,0.20399624919107023,0.19324288791967495,1005.0,1500.0,0.67,13.593348384373371,1.2146747044989001,23.282553305602256,75.93185402528172,75.73457093373153,3.5278603337883565,0.13230208810957608,0.1336091198022123,0.6786666666666668,75.07352033471182,75.93284253226398,0.20461748436278648,0.200419468762145,0.2930135557872784,140.5
2026-08-11 01:21:00,282,Wake,75.93284253226398,5.690659138700326,65.44967627286837,81.63390687456372,5.0,1.0412495253598655,0.200419468762145,2.1520535825672864,0.08856796648168822,0.13496897584271664,0.15379487104998912,1.1520535825672864,0.20404010423184893,0.20215971993107024,0.20369917147115246,1051.0,1500.0,0.7006666666666667,12.612161988632351,1.1991791920167667,22.301366909861237,75.97346393166026,76.15649402036203,4.212600498830865,0.1320311515301019,0.13313383011426333,0.6797333333333333,76.914028928005,78.80748113971454,0.18684518325824118,0.20484806941372985,0.2940563086548488,141.0
2026-08-11 01:21:30,283,Wake,78.80748113971454,4.1963675659951045,73.15107850783878,85.84610420326831,5.0,1.043775755520049,0.20484806941372985,2.2255326110251903,0.22111683225820133,0.13522013223208187,0.1599830120763504,1.2255326110251903,0.2007863992067946,0.20538847174043712,0.2071701619861693,1016.0,1500.0,0.6773333333333333,15.486800596082915,1.2445772923336098,25.1760055173118,77.21811753332784,76.50717714956474,4.376906154600115,0.1318803210210459,0.13341907448070536,0.6788000000000001,75.93284253226398,77.0292355032729,0.200419468762145,0.211158011292358,0.29509906152241916,141.5
2026-08-11 01:22:00,284,Wake,77.0292355032729,5.1061631872216715,71.3153678666552,86.9974696886738,6.0,1.049069489446488,0.211158011292358,2.497750195812547,0.26001423793900263,0.1407616155466104,0.1648686996254621,1.497750195812547,0.2084037073903519,0.2104816927238376,0.21367467322374828,1032.0,1500.0,0.688,13.708554959641276,1.2164941191716234,23.39775988087016,77.2565197250838,76.75142168759365,4.601616032854528,0.13698357454046964,0.13441504047379957,0.6821333333333334,78.80748113971454,79.78475460477193,0.20484806941372985,0.18988639105784982,0.2961418143899896,142.0
2026-08-11 01:22:30,285,Wake,79.78475460477193,7.406399104318452,68.83605900823024,92.83683126528342,6.0,1.0377053543981654,0.18988639105784982,2.128130527045327,0.19500886359239775,0.1296762060258211,0.14374497156427676,1.128130527045327,0.19928850520666389,0.20172487661383953,0.19583457784053196,1032.0,1500.0,0.688,16.46407406114031,1.2600110093541337,26.153278982369194,78.54049041591979,77.69366854160566,5.606421707868757,0.1352193179348378,0.13321575692711388,0.6848,77.0292355032729,72.88184830411777,0.211158011292358,0.1998437914340016,0.29718456725756,142.5
2026-08-11 01:23:00,286,Wake,72.88184830411777,3.6715820714668377,68.09870566319725,77.39757513044745,5.0,1.0461027172563864,0.1998437914340016,2.1172528605653707,0.21539173400858908,0.13256578076430936,0.15649062362802474,1.1172528605653707,0.20819315545105924,0.203970435201265,0.20838999902926755,1018.0,1500.0,0.6786666666666666,9.561167760486143,1.1509959728543653,19.250372681715028,76.56527947072087,76.88723241682821,5.214234213540478,0.13433453411224697,0.13463854208230788,0.6865333333333332,79.78475460477193,77.52147259609463,0.18988639105784982,0.20128225983547723,0.29822732012513037,143.0
2026-08-11 01:23:30,287,Wake,77.52147259609463,6.938275534648976,65.11672574315334,85.19605394443509,6.0,1.0420370745527632,0.20128225983547723,2.060859348432283,0.3219480352455818,0.13533875378990662,0.1548066067195653,1.0608593484322828,0.19396715980325951,0.19477021429962854,0.2043606264407463,1034.0,1500.0,0.6893333333333334,14.200792052463001,1.224267836835358,23.889996973691886,76.72935850166145,77.20495842959436,5.463757492730208,0.13252691352667903,0.13471249767174587,0.6842666666666666,72.88184830411777,73.96805465859072,0.1998437914340016,0.19612319333322098,0.29927007299270075,143.5
2026-08-11 01:24:00,288,Wake,73.96805465859072,3.28505335971839,67.96228409974226,77.11964843745527,5.0,1.044263450447334,0.19612319333322098,2.1414428258338893,0.06565493088350267,0.13263598443304217,0.1511001510330197,1.1414428258338893,0.1987305454029413,0.2056782655901429,0.2008173492192734,1031.0,1500.0,0.6873333333333334,10.647374114959092,1.1681500265560543,20.336579036187977,74.79045851960105,76.23707313336959,5.2814946514748655,0.13351350632908607,0.13419566811193792,0.6862666666666667,77.52147259609463,74.4882576225372,0.20128225983547723,0.19560730494697143,0.30031282586027114,144.0
2026-08-11 01:24:30,289,Wake,74.4882576225372,4.16821983457219,69.34073643032289,79.02962425765263,5.0,1.0347102052467734,0.19560730494697143,2.0346369865546063,0.32314572491576365,0.13103797796794991,0.14931866737605745,1.0346369865546063,0.20386700385911072,0.20828702156284123,0.19784856068962053,1029.0,1500.0,0.686,11.16757707890558,1.1763653988401226,20.856782000134466,75.32592829240751,75.72887755722245,5.093905980944969,0.13300423873029957,0.13225094059620585,0.6858666666666666,73.96805465859072,75.02835637563653,0.19612319333322098,0.1989840201503264,0.3013555787278415,144.5
2026-08-11 01:25:00,290,Wake,75.02835637563653,3.049075697076336,69.95139361940768,78.82484075197938,5.0,1.02902838020332,0.1989840201503264,2.044708470464041,0.1536013613240514,0.1314317216816357,0.15219392125908007,1.044708470464041,0.19289401531169745,0.20441322019506114,0.20631584261440475,1017.0,1500.0,0.678,11.70767583200491,1.1848949779359628,21.396880753233795,74.49488955225483,74.77759791139536,4.222441299496546,0.13170189469420926,0.13260204372736875,0.6838666666666666,74.4882576225372,76.80108728297834,0.19560730494697143,0.20007431248265858,0.3023983315954119,145.0
2026-08-11 01:25:30,291,Wake,76.80108728297834,1.8659618660736623,73.96141613475478,79.74472861712283,6.0,1.0417442264279657,0.20007431248265858,2.014187919333058,0.2677908252729488,0.13421986882239637,0.15413415510125106,1.0141879193330579,0.20779043148446533,0.2140046152914295,0.20438457343815122,1040.0,1500.0,0.6933333333333334,13.48040673934672,1.2128910590286208,23.169611660575605,75.43923376038403,75.5614457071675,3.861317258417911,0.13222985615732732,0.13293286133898613,0.6868000000000001,75.02835637563653,77.88437627753626,0.1989840201503264,0.20397739624310182,0.3034410844629823,145.5
2026-08-11 01:26:00,292,Wake,77.88437627753626,3.057057957697628,73.1662885538417,82.46185810985773,6.0,1.0477579893799143,0.20397739624310182,1.9863072173824,0.2573231046458358,0.13589608865905786,0.15943605870347166,0.9863072173823999,0.2165786380015867,0.20361314925445986,0.2093578870349848,1011.0,1500.0,0.674,14.563695733904638,1.2299990399482426,24.252900655133523,76.57127331205038,75.63402644345581,3.085073743027641,0.13384922638769667,0.1330443283128164,0.6837333333333333,76.80108728297834,77.79648437675742,0.20007431248265858,0.1949683466838415,0.3044838373305527,146.0
2026-08-11 01:26:30,293,Wake,77.79648437675742,4.075488311600086,74.68091139232442,86.62438827455178,6.0,1.035254584857639,0.1949683466838415,2.153503490403321,0.17026775455971313,0.13123154892230454,0.14843794167788732,1.1535034904033208,0.20636026384406744,0.20499499656339987,0.20140077691409136,1037.0,1500.0,0.6913333333333334,14.475803833125795,1.2286109957891422,24.16500875435468,77.49398264575734,76.39971238708915,3.2431607334039803,0.13378250213458623,0.13276344121066888,0.6845333333333333,77.88437627753626,77.57561585139318,0.20397739624310182,0.1976737801358775,0.30552659019812306,146.5
2026-08-11 01:27:00,294,Wake,77.57561585139318,4.43804721306217,68.91375105766834,83.01656152830219,6.0,1.0331969068269633,0.1976737801358775,2.2272290318721675,0.1167904958603455,0.1301800128196535,0.15241431113369955,1.2272290318721675,0.188583369479894,0.20736494797643995,0.20590258892392493,1022.0,1500.0,0.6813333333333333,14.254935307761556,1.2251229011655849,23.94414022899044,77.75215883522895,77.01718403286034,3.2971262091019766,0.1324358834670053,0.1325918481810096,0.6836,77.79648437675742,57.674907841854406,0.1949683466838415,0.02403466279736783,0.30656934306569344,147.0
2026-08-11 01:27:30,295,Light,57.674907841854406,2.2134546307422895,53.64994024193428,59.86731211348797,5.0,0.9994206593009759,0.02403466279736783,1.2278300956111174,0.8155070431066187,0.01694649318898982,0.017053358027797474,0.22783009561111744,0.022446464531197727,0.02159142363598176,0.024100493043930065,35.0,1500.0,0.023333333333333334,-5.645772701777219,0.9108384077159917,4.043432219451667,71.01566935666834,73.54649432610393,3.130001995835167,0.09278601831031595,0.1096948024824804,0.5526666666666668,77.57561585139318,56.81662450139975,0.1976737801358775,0.02281975919076097,0.30761209593326383,147.5
2026-08-11 01:28:00,296,Light,56.81662450139975,1.5895488491382936,54.12576617818822,58.130509758069806,4.0,1.0004431393536937,0.02281975919076097,1.1403837516249733,0.8511193058657053,0.017051316121563145,0.015172026909204741,0.14888069413429472,0.02255346457921735,0.022321833185190588,0.022875792851142145,37.0,1500.0,0.024666666666666667,-6.504056042231873,0.8972838575581922,3.185148878997012,64.02238273154911,69.54960176978821,3.0747193924480936,0.05472594071006882,0.08626109194231377,0.4189333333333334,57.674907841854406,60.62847775673585,0.02403466279736783,0.023772009460125094,0.3086548488008342,148.0
2026-08-11 01:28:30,297,Light,60.62847775673585,3.33075267835165,55.65440309028527,64.15036622241921,4.0,1.000662014055152,0.023772009460125094,1.2632072862068389,0.8898915537387538,0.017027884838427407,0.01660113954855961,0.26320728620683886,0.024457957893613585,0.024157268133846676,0.023673998931515505,35.0,1500.0,0.023333333333333334,-2.692202786895777,0.9574830408678142,6.997002134333108,58.37333669999668,66.09842206562811,3.1294583365788977,0.01700856471632679,0.06248745117818768,0.2888,56.81662450139975,57.33995719382263,0.02281975919076097,0.02160829692535595,0.3096976016684046,148.5
2026-08-11 01:29:00,298,Light,57.33995719382263,3.8121845652441624,52.03472409056691,62.77617520264104,4.0,1.000538177084598,0.02160829692535595,1.1303169885826188,0.9035703694161795,0.016824117077772444,0.013570453755941233,0.13031698858261875,0.02338921012938493,0.022843650177538484,0.021677688674917473,29.0,1500.0,0.019333333333333334,-5.980723349808997,0.9055486564821752,3.708481571419888,58.261686483986075,62.007116629041164,3.076797587307713,0.01696777267925433,0.03960596480928126,0.1544,60.62847775673585,58.36733479644796,0.023772009460125094,0.02361070016992615,0.310740354535975,149.0
2026-08-11 01:29:30,299,Light,58.36733479644796,4.190921826868531,53.833685661085596,64.0016873680675,5.0,1.000494567547186,0.02361070016992615,1.1813921129343457,0.8268294371318916,0.0171761458340296,0.016207707236405397,0.18139211293434565,0.023457365824063756,0.022357835945074338,0.023603316540445084,36.0,1500.0,0.024,-4.953345747183661,0.9217736495461302,4.735859174045224,58.77858991566882,58.16546041805211,3.027372510068985,0.017009382583409813,0.017005191412156485,0.022933333333333333,57.33995719382263,58.12694063335134,0.02160829692535595,0.02283313387023992,0.31178310740354537,149.5
2026-08-11 01:30:00,300,Light,58.12694063335134,1.2540544738058814,56.48474293911917,60.01452006429447,4.0,0.9999100123074638,0.02283313387023992,1.1291831171635334,0.8360479968715234,0.0168743562063982,0.015382334112243693,0.16395200312847658,0.022592797361703585,0.02467110910932148,0.022975134762789687,37.0,1500.0,0.024666666666666667,-5.193739910280286,0.9179771937747653,4.4954650109486,57.94474420787398,58.2558669763515,2.8354924786817035,0.016958206372733414,0.01699076401563816,0.023200000000000002,58.36733479644796,57.878746636779795,0.02361070016992615,0.023458098930139466,0.31282586027111575,150.0
2026-08-11 01:30:30,301,Light,57.878746636779795,2.443223959382689,54.70021315408158,62.08853754490447,6.0,0.9989940808282234,0.023458098930139466,1.1461861496553165,0.8819960426749546,0.017335672209025065,0.015835679583067912,0.1461861496553165,0.023056062063169423,0.022084455144992438,0.023660820729746884,47.0,1500.0,0.03133333333333333,-5.44193390685183,0.914057558129022,4.247271014377056,58.1243406888597,58.46829140342752,3.0062275007305828,0.01712872474981762,0.01704763523313054,0.024533333333333334,58.12694063335134,58.34897311847025,0.02283313387023992,0.02265989472155825,0.31386861313868614,150.5
2026-08-11 01:31:00,302,Light,58.34897311847025,2.652757344578104,54.36055769763757,62.15723519122319,6.0,1.0008825586214656,0.02265989472155825,1.1727403519515174,0.8474625412738437,0.016634977939684305,0.015411919006361387,0.17274035195151738,0.022449543734581263,0.02193973808124079,0.022565713445763327,42.0,1500.0,0.028,-4.971707425161377,0.9214836703826077,4.717497496067509,58.1182201295338,58.012390475774396,2.870628433975874,0.016948335451702524,0.016969053853381925,0.025466666666666665,57.878746636779795,59.67400067616191,0.023458098930139466,0.02256668038895417,0.3149113660062565,151.0
2026-08-11 01:31:30,303,Light,59.67400067616191,3.133692658418855,54.70250394071413,62.811015530388836,4.0,1.001548924309894,0.02256668038895417,1.1399423402276638,0.8627075997358209,0.016818090225457702,0.01512633701407427,0.13994234022766383,0.0234064085739476,0.022636949759701073,0.0225470318641675,35.0,1500.0,0.023333333333333334,-3.6466798674697145,0.9424093386842717,6.042525053759171,58.63390681047065,58.47919917224225,2.734930052610812,0.016929580124722357,0.016967848482918973,0.026266666666666667,58.34897311847025,57.034585059258816,0.02265989472155825,0.02289178770586436,0.3159541188738269,151.5
2026-08-11 01:32:00,304,Light,57.034585059258816,1.9584213891120201,54.844491369093724,60.547621945284064,5.0,1.0013178212046174,0.02289178770586436,1.2094850153920063,0.9062838722044186,0.016786836453909187,0.015619626082829506,0.20948501539200626,0.02468345449993904,0.02292317203253084,0.022777235649000114,46.0,1500.0,0.030666666666666665,-6.286095484372808,0.9007260277305245,3.4031094368560773,58.35251961796366,58.21264922480442,2.28842996505951,0.016746634873017065,0.01688998660689489,0.027600000000000003,59.67400067616191,58.40756689442685,0.02256668038895417,0.023121057961667264,0.3169968717413973,152.0
2026-08-11 01:32:30,305,Light,58.40756689442685,2.1951215211891695,56.09547281714786,62.04403734914243,5.0,1.00122844526133,0.023121057961667264,1.156198759021841,0.8706282459350903,0.01717211016969802,0.015530970071010217,0.156198759021841,0.02366785947360142,0.023771123040140094,0.023159699796844607,48.0,1500.0,0.032,-4.9131136492047744,0.9224090201333298,4.776091272024111,58.372050876615866,58.26877447701952,2.4766433745361676,0.016925678949688303,0.016949537399554855,0.029066666666666664,57.034585059258816,57.91148835175456,0.02289178770586436,0.024270972377675663,0.3180396246089677,152.5
2026-08-11 01:33:00,306,Light,57.91148835175456,2.199012774301244,55.14884517734535,61.277292914586596,4.0,1.0002473285400244,0.024270972377675663,1.2061904671808195,0.8318764869920989,0.017493706377261522,0.016825917768453675,0.20619046718081946,0.024226697012997882,0.02369604464474324,0.02434379190302145,46.0,1500.0,0.030666666666666665,-5.409192191877068,0.9145746358782448,4.280012729351817,57.784546768480084,58.27532282001448,2.4278011375198787,0.01715088433362291,0.01698114423320215,0.028933333333333332,58.40756689442685,58.50059510437222,0.023121057961667264,0.021677759899817385,0.31908237747653806,153.0
2026-08-11 01:33:30,307,Light,58.50059510437222,2.125279050259918,55.74443758539515,61.05554181358103,4.0,1.000653943753098,0.021677759899817385,1.0709512802283265,0.8433071492514916,0.01681093719569413,0.013702018366239847,0.15669285074850836,0.02438738373128509,0.023736014802970655,0.02164312744209288,30.0,1500.0,0.02,-4.820085439259401,0.9238781801162405,4.869119481969484,58.27321678351788,58.305647217194874,2.322305478656241,0.01715891791421789,0.017016336084404112,0.02733333333333333,57.91148835175456,55.91803821401798,0.024270972377675663,0.02316589162333026,0.32012513034410844,153.5
2026-08-11 01:34:00,308,Light,55.91803821401798,3.0895582480156674,52.16304155350986,60.76215084446891,4.0,1.0004012726415956,0.02316589162333026,1.2040005869634924,0.8610888610980741,0.01714556300254896,0.01558362036762961,0.20400058696349244,0.02282830442446822,0.023675207477458934,0.023358709699019792,37.0,1500.0,0.024666666666666667,-7.402642329613641,0.8830928179220564,2.286562591615244,57.44337389004826,57.55445472476608,2.313478596575604,0.017150068858501535,0.017081830639822364,0.027599999999999996,58.50059510437222,57.57708013850458,0.021677759899817385,0.023755785058449764,0.32116788321167883,154.0
2026-08-11 01:34:30,309,Light,57.57708013850458,2.2568037860774384,54.251269101228914,60.599078252057694,4.0,0.9999002134744129,0.023755785058449764,1.1503356409003473,0.8046680384680563,0.01747692257258533,0.016090508335220837,0.19533196153194365,0.025269306713765646,0.022269188594933077,0.023692969921604426,47.0,1500.0,0.03133333333333333,-5.743600405127047,0.9092934511155581,3.945604516101838,57.331904485631604,57.66295374061524,2.3731550759686875,0.017144474256942807,0.01721984786355759,0.027733333333333332,55.91803821401798,57.76421922628194,0.02316589162333026,0.023411864341926717,0.3222106360792492,154.5
2026-08-11 01:35:00,310,Light,57.76421922628194,2.108489796894167,55.0099329710592,61.550448197218024,6.0,1.0010575203189143,0.023411864341926717,1.1810793703693572,0.8231824234108487,0.017134236401438508,0.015989111424007142,0.18107937036935717,0.022714393374970908,0.02381576163222059,0.023364311678855172,36.0,1500.0,0.024,-5.556461317349687,0.9122488692533719,4.132743603879199,57.086445859601504,57.53428420698625,2.3558287311096873,0.0172522406588576,0.01721227310990569,0.02613333333333333,57.57708013850458,57.99881756400417,0.023755785058449764,0.023836267320868878,0.3232533889468196,155.0
2026-08-11 01:35:30,311,Light,57.99881756400417,1.649137839796501,56.53021194483004,60.78600486674365,4.0,1.0015528512301843,0.023836267320868878,1.2076005818033868,0.9027005165703329,0.017575098233948927,0.016176987012483268,0.2076005818033868,0.025115965620964388,0.023899761273617353,0.023651823457095777,50.0,1500.0,0.03333333333333333,-5.321862979627454,0.9159537937063014,4.367341941601431,57.78003897626357,57.55175004943618,2.2458537442087385,0.017395419069324253,0.017228551481243172,0.026666666666666665,57.76421922628194,56.010275156841026,0.023411864341926717,0.022628215996628495,0.32429614181439,155.5
2026-08-11 01:36:00,312,Light,56.010275156841026,3.7801533231458797,51.25751114598502,61.13510941064554,6.0,1.0003993193803624,0.022628215996628495,1.1844764327776545,0.8399771305466173,0.016924311297561445,0.015025421866318459,0.18447643277765446,0.022474102061448273,0.022177768628719004,0.022588630728220826,26.0,1500.0,0.017333333333333333,-7.310405386790599,0.8845494817170623,2.3787995344382864,57.25777064904238,57.053686059929944,2.576828598785931,0.01721121531098296,0.017251226301616636,0.02613333333333333,57.99881756400417,58.23267980356193,0.023836267320868878,0.02396393584969156,0.32533889468196037,156.0
2026-08-11 01:36:30,313,Light,58.23267980356193,4.073836235316916,51.35803189178271,61.95771346249696,4.0,0.9998823380571845,0.02396393584969156,1.1311090454555666,0.8413340640620024,0.017576153816060917,0.016289962638848705,0.1586659359379976,0.022850914587726198,0.02420238154774202,0.024071489753254408,42.0,1500.0,0.028,-5.088000740069695,0.9196470932341959,4.60120418115919,57.41392417480238,57.516614377838735,2.7736841962461805,0.017358521115857097,0.017337344464319025,0.026799999999999997,56.010275156841026,68.32875557048075,0.022628215996628495,0.005085533064593739,0.32638164754953075,156.5
2026-08-11 01:37:00,314,Heavy,68.32875557048075,1.4707193715406726,66.31650245095899,70.16402110433654,5.0,0.9999861382977064,0.005085533064593739,1.016720595561748,0.9794365761452223,0.004011648648176493,0.0031256221495008603,0.020563423854777718,0.004830413765201533,0.004937474059385468,0.005085335988859812,0.0,1500.0,0.0,5.008075026849127,1.0790906696493616,14.697279948078013,60.85723684362791,59.66694946423396,2.6164673133388274,0.012837371253932951,0.014644289679437258,0.020533333333333334,58.23267980356193,56.9612520898622,0.02396393584969156,0.024327559902440662,0.32742440041710114,157.0
2026-08-11 01:37:30,315,Light,56.9612520898622,1.6306522016336933,55.04737494610181,59.55299699684451,4.0,0.9995087339363036,0.024327559902440662,1.1625724043489338,0.8238693417419762,0.01748379904033557,0.01692301049663858,0.17613065825802376,0.022384822462248648,0.02227230120722275,0.02433720909589181,49.0,1500.0,0.03266666666666666,-6.359428453769425,0.8995679073697351,3.3297764674594603,61.174229154634965,59.50635603695001,2.5208997942867324,0.013023867168190992,0.01471420220721667,0.022266666666666664,68.32875557048075,57.73058873407769,0.005085533064593739,0.024470945871961722,0.3284671532846715,157.5
2026-08-11 01:38:00,316,Light,57.73058873407769,3.5832190908534725,50.31960010307465,61.81605702616187,6.0,1.0013759657446575,0.024470945871961722,1.1720827323578682,0.8498089226796507,0.018132237332160253,0.016490677455130977,0.1720827323578682,0.023132011603818867,0.02230228838072037,0.024270714766459412,45.0,1500.0,0.03,-5.5900918095539325,0.9117177553753227,4.099113111674953,61.006865464806886,59.45271027096472,2.9077160444981267,0.013209228340224104,0.014825630026858935,0.0216,56.9612520898622,58.82752373247191,0.024327559902440662,0.023182144716366707,0.3295099061522419,158.0
2026-08-11 01:38:30,317,Light,58.82752373247191,2.7146514761371243,53.26412445700881,61.16457581985342,6.0,1.0007028918069028,0.023182144716366707,1.1994780583775146,0.8615689958088073,0.017085261307930703,0.015684378743912864,0.19947805837751464,0.022341979122063517,0.02236500444893247,0.02325114192341413,32.0,1500.0,0.021333333333333333,-4.493156811159714,0.9290412425674474,5.196048110069171,57.83978818547061,60.0161599860909,2.694615675096376,0.017567099226808842,0.014857820028932786,0.0224,57.73058873407769,59.69027653900757,0.024470945871961722,0.022616520592413862,0.3305526590198123,158.5
2026-08-11 01:39:00,318,Light,59.69027653900757,2.040075609396499,56.477638681120915,62.01388150348238,4.0,1.0011053896546867,0.022616520592413862,1.143820226231808,0.8357719549595817,0.016785767339500133,0.015197595363080942,0.16422804504041832,0.02354630783179603,0.023880256889158312,0.022736088645040158,37.0,1500.0,0.024666666666666667,-3.6304040046240544,0.9426663773437732,6.058800916604831,58.749463001852405,60.30767933318002,2.2878635499122923,0.01733442199319703,0.01469974273362063,0.021733333333333334,58.82752373247191,68.01520204645433,0.023182144716366707,0.004983583077902619,0.3315954118873827,159.0
2026-08-11 01:39:30,319,Heavy,68.01520204645433,2.0426909250540346,64.74229989241647,70.94133185057491,5.0,0.9999078148103977,0.004983583077902619,1.0173985036049202,0.9829891816253143,0.003997742480750175,0.0029770209037131034,0.017398503604920235,0.00515190846875751,0.00503419245328653,0.004984907238958142,0.0,1500.0,0.0,4.69452150282271,1.0741388352512717,14.383726424051595,62.17766743931128,60.244968628374735,2.4022578606149647,0.01262292370939367,0.014696961500135367,0.021733333333333334,59.69027653900757,66.53436541617096,0.022616520592413862,0.004855599682131163,0.33263816475495306,159.5
2026-08-11 01:40:00,320,Heavy,66.53436541617096,1.3786288297977554,65.14297965026729,69.08235580008923,5.0,0.9999370677376374,0.004855599682131163,1.0170028486719493,0.9831360960098637,0.0038633773269813065,0.002941959274382483,0.017002848671949344,0.004878117664187716,0.0049395888906692735,0.004856247800768749,0.0,1500.0,0.0,3.213684872539332,1.0507525321103415,12.902889793768217,64.74661466721096,62.159591293636495,2.3518531862477774,0.008215629049077204,0.011972877157464513,0.0152,68.01520204645433,69.02149162464484,0.004983583077902619,0.005205649508050428,0.33368091762252344,160.0
2026-08-11 01:40:30,321,Heavy,69.02149162464484,1.0528096361259598,67.57970199150726,70.67970860988711,5.0,1.0002126856073135,0.005205649508050428,1.016766593286283,0.9712436522605766,0.004107238751984625,0.003205403531916019,0.02875634773942337,0.005055657103680087,0.005001823692985537,0.005205851876841757,0.0,1500.0,0.0,5.700811081013214,1.090030792974264,15.390016002242099,67.85701969575672,64.41777187174992,1.845771295302275,0.003989452853238702,0.009167877441429387,0.0092,66.53436541617096,67.47321817715442,0.004855599682131163,0.004964186270350455,0.3347236704900938,160.5
2026-08-11 01:41:00,322,Heavy,67.47321817715442,1.6164893013895913,65.49825216924685,70.6070784938996,6.0,0.999842040352169,0.004964186270350455,1.0159277860200808,0.9819385687001506,0.003935357322875222,0.0030300262900462083,0.018061431299849384,0.00502693160765256,0.005016047431255158,0.0049636706014331376,0.0,1500.0,0.0,4.1525376335227975,1.065579485215126,13.841742554751683,67.67635840599009,66.14691076068644,1.6261388603527682,0.003968657800613717,0.006537896644418293,0.004933333333333333,69.02149162464484,69.12756202259857,0.005205649508050428,0.005112119815987726,0.3357664233576642,161.0
2026-08-11 01:41:30,323,Heavy,69.12756202259857,1.51532602351251,66.67556496174885,70.78272324995385,4.0,0.9999100589703257,0.005112119815987726,1.0199033959306534,0.9839556421699319,0.004069785722308518,0.0030949479117308274,0.019903395930653378,0.005041124113150222,0.005054277237616086,0.005111860878026997,0.0,1500.0,0.0,5.806881478966943,1.0917059233904738,15.496086400195829,68.54075727479928,68.03436785740463,1.5211889431759702,0.004037460599056121,0.0039947003209799695,0.0,67.47321817715442,68.21646341906109,0.004964186270350455,0.004929965591980948,0.3368091762252346,161.5
2026-08-11 01:42:00,324,Heavy,68.21646341906109,1.493470574000705,66.09131670280117,70.16904026582752,4.0,1.0001193837391893,0.004929965591980948,1.0177686585228392,0.9827678156497783,0.003949083068404528,0.0029535666801580023,0.017768658522839154,0.005008386456320779,0.005033974483509167,0.004930292004875985,0.0,1500.0,0.0,4.895782875429461,1.0773172813904928,14.584987796658346,68.2724145396047,68.07462013192597,1.4113448729653044,0.003984742037862756,0.00398496843851084,0.0,69.12756202259857,69.22451680932153,0.005112119815987726,0.004954289301591258,0.337851929092805,162.0
2026-08-11 01:42:30,325,Heavy,69.22451680932153,2.7654079084012975,65.57506958068409,73.3601918389053,4.0,0.999834213677842,0.004954289301591258,1.0161740319385093,0.9823129868073984,0.003986825060294544,0.0029457925125649475,0.017687013192601575,0.005061260912263862,0.00509082381770716,0.004955015965553069,0.0,1500.0,0.0,5.903836265689904,1.09323709434269,15.59304118691879,68.85618075032706,68.61265041055609,1.6887006886860128,0.004001897950335863,0.004009657985173487,0.0,68.21646341906109,68.08917301305416,0.004929965591980948,0.005022505524477435,0.33889468196037537,162.5
2026-08-11 01:43:00,326,Heavy,68.08917301305416,1.988694208991464,65.89219614960265,70.9973790193918,4.0,1.0002242697489971,0.005022505524477435,1.0228172220270149,0.9827004667238378,0.003995606518075825,0.0030513910297488085,0.02281722202701486,0.005015342256044009,0.005079618914229307,0.005021511413036033,0.0,1500.0,0.0,4.76849246942254,1.0753070312650346,14.457697390651425,68.51005108047893,68.42618668823795,1.8758776032591136,0.003977171548924965,0.003987331538391726,0.0,69.22451680932153,68.41934551791279,0.004954289301591258,0.0049378418827714255,0.33993743482794575,163.0
2026-08-11 01:43:30,327,Heavy,68.41934551791279,2.5681587749439228,64.42759056792478,71.70819521959878,6.0,1.0000614052238836,0.0049378418827714255,1.017090457092099,0.9843078912930204,0.0039361233608076925,0.0029821109887587685,0.01709045709209911,0.004997429594695397,0.005006280408545742,0.00493799708567541,0.0,1500.0,0.0,5.098664974281164,1.080521323057605,14.787869895510049,68.57767844676283,68.61541215638962,2.06621149796998,0.003972851646392687,0.003987484745978221,0.0,68.08917301305416,69.14918530791654,0.005022505524477435,0.00506259175056598,0.3409801876955162,163.5
2026-08-11 01:44:00,328,Heavy,69.14918530791654,1.816878496589495,66.50802376697506,72.31148031731536,6.0,0.9998314120495849,0.00506259175056598,1.0154737798558018,0.9823207894585488,0.004018255345320932,0.0030841337697518336,0.017679210541451162,0.00508535843210592,0.00502110709451254,0.005062249987983019,0.0,1500.0,0.0,5.828504764284915,1.092047411907848,15.5177096855138,68.5525679462945,68.61973681345322,2.126521992585377,0.003983328408068149,0.003977178670580704,0.0,68.41934551791279,69.31965684915549,0.0049378418827714255,0.0050613727540067335,0.3420229405630866,164.0
2026-08-11 01:44:30,329,Heavy,69.31965684915549,1.8826220574492154,66.52769736204762,71.12718435927695,4.0,0.9999016123243654,0.0050613727540067335,1.0154573272994907,0.9836046916936758,0.004081683342486083,0.0029945008568023714,0.016395308306324186,0.005275442596947095,0.004935316044582578,0.005061582094766733,0.0,1500.0,0.0,5.998976305523868,1.0947396056710135,15.688181226752754,68.96272922499494,68.8403754994721,2.2043522892750786,0.004012020682871569,0.004003698725397015,0.0,69.14918530791654,69.0521536679675,0.00506259175056598,0.005143814134596387,0.34306569343065696,164.5
2026-08-11 01:45:00,330,Heavy,69.0521536679675,1.2211324583966847,67.06624967425654,70.8082893617049,6.0,0.9998481940169938,0.005143814134596387,1.0169617426310615,0.9832225745209493,0.00412777128835931,0.003073007175186321,0.016961742631061538,0.0051044688079911246,0.005017772087110533,0.005144240887423342,0.0,1500.0,0.0,5.731473124335878,1.0905150272411643,15.420678045564763,69.17366527501319,68.8059028712013,1.8954971992741563,0.004075903325388775,0.004031887971009969,0.0,69.31965684915549,68.16398132292855,0.0050613727540067335,0.005259275846856466,0.34410844629822734,165.0
2026-08-11 01:45:30,331,Heavy,68.16398132292855,2.2211674418001452,66.4776720892886,72.23200760281524,5.0,0.9999989862207773,0.005259275846856466,1.0247354357353964,0.9781750961751977,0.0042170180356302465,0.0031427284878343103,0.024735435735396383,0.005063530917444257,0.005148637634619817,0.005259114746147442,0.0,1500.0,0.0,4.843300779296925,1.0764884511302688,14.53250570052581,68.84526394668386,68.82086453317618,1.941991845835893,0.0041421575554918795,0.004076170274520853,0.0,69.0521536679675,67.08032580766735,0.005143814134596387,0.005167460847144712,0.34515119916579773,165.5
2026-08-11 01:46:00,332,Heavy,67.08032580766735,1.896133185039522,63.84087987862687,69.53640555081397,6.0,1.0000672905607007,0.005167460847144712,1.0192924723092416,0.9829699187713894,0.004061522758781304,0.003195498788332495,0.019292472309241582,0.005017128899788106,0.00497218555781355,0.00516575975795655,0.0,1500.0,0.0,3.7596452640357256,1.059374681885251,13.448850185264611,68.09882026618781,68.55306059112709,1.8075867278550124,0.00413543736092362,0.004101250154115574,0.0,68.16398132292855,68.96800385164873,0.005259275846856466,0.004967624400243633,0.3461939520333681,166.0
2026-08-11 01:46:30,333,Heavy,68.96800385164873,1.2248238997307084,67.79018072071351,70.98440456802626,4.0,1.000059539999738,0.004967624400243633,1.0158640620418482,0.9836681039772387,0.003942218658961517,0.00302320181899925,0.016331896022761305,0.004991677368341815,0.005122688678751324,0.004967466759477582,0.0,1500.0,0.0,5.647323308017107,1.0891860804326916,15.336528229245992,68.07077032741489,68.51682429987352,1.6891758084832553,0.004073586484457689,0.004086042816843692,0.0,67.08032580766735,66.87567032340873,0.005167460847144712,0.004907489782935493,0.3472367049009385,166.5
2026-08-11 01:47:00,334,Heavy,66.87567032340873,2.3146509604285854,62.52551197314813,69.13933724735942,6.0,0.999947632683784,0.004907489782935493,1.0166848679685618,0.9828941831729928,0.003918291076272321,0.002955197683240262,0.01710581682700718,0.004868483286484133,0.0051234343494096345,0.004907127189276566,0.0,1500.0,0.0,3.5549897797771024,1.056142633800777,13.244194701005988,67.64133332757494,68.02802699472417,1.7755815890791289,0.003974010831338381,0.0040533643636009396,0.0,68.96800385164873,66.37593545442363,0.004967624400243633,0.005078459550527063,0.3482794577685089,167.0
2026-08-11 01:47:30,335,Heavy,66.37593545442363,1.5711097585586995,64.46934298095668,68.76390246246547,5.0,0.9998746964655537,0.005078459550527063,1.0152289827314003,0.9701525198976653,0.004029874249812778,0.0030929865684771684,0.029847480102334734,0.0051639281539557795,0.004964625720310043,0.00507945448436573,0.0,1500.0,0.0,3.0552549107920015,1.0482505065416465,12.744459832020887,67.40653654316037,67.4927833520154,1.845577049111532,0.003963461328348871,0.0040337849558916335,0.0,66.87567032340873,68.34660268452369,0.004907489782935493,0.005135605033150331,0.34932221063607927,167.5
2026-08-11 01:48:00,336,Heavy,68.34660268452369,1.4510893256360868,66.13181095287791,70.47160214011933,6.0,1.0001162611801484,0.005135605033150331,1.0173724852913704,0.9844778315668367,0.004092359041043884,0.0031049240244674114,0.017372485291370365,0.00518865082548812,0.004949098345393455,0.0051350662148430155,0.0,1500.0,0.0,5.025922140892064,1.079372522495694,14.71512706212095,67.19940282078535,67.52930762433442,1.6915614258787204,0.004013508122376328,0.004008853156974361,0.0,66.37593545442363,68.87905322235657,0.005078459550527063,0.004985408770244242,0.35036496350364965,168.0
2026-08-11 01:48:30,337,Heavy,68.87905322235657,2.6483171046892,65.89438534312264,72.96255153358,6.0,1.0001238233932837,0.004985408770244242,1.0153143004374432,0.984129010788037,0.003943036593394961,0.003053210648203097,0.01587098921196295,0.005019068416212988,0.0050406133835114875,0.004985905039910631,0.0,1500.0,0.0,5.55837267872495,1.087781316167234,15.247577599953836,67.86719712043464,67.88905310727228,1.841998209808656,0.0040217566280838744,0.003985155923897092,0.0,68.34660268452369,68.73841668836947,0.005135605033150331,0.004965276797303185,0.35140771637122004,168.5
2026-08-11 01:49:00,338,Heavy,68.73841668836947,2.299208776986683,66.00803881518733,72.50363047081025,6.0,1.000054932163555,0.004965276797303185,1.0172748433140888,0.9856402883186325,0.0039671355571666185,0.002986440471111806,0.017274843314088795,0.00497328740117821,0.004919768607188697,0.004965189922131393,0.0,1500.0,0.0,5.4177361447378445,1.0855602955973398,15.10694106596673,68.65469086508325,67.84313567461642,2.056875185259851,0.0040008437305351545,0.003990139303538112,0.0,68.87905322235657,67.70912635362596,0.004985408770244242,0.005080249081657202,0.3524504692387904,169.0
2026-08-11 01:49:30,339,Heavy,67.70912635362596,1.4781554049951808,66.23267976570766,70.0170427554621,6.0,0.9999661279134648,0.005080249081657202,1.0183587777711232,0.9804421232860268,0.0040614994550050645,0.0030519338503510614,0.019557876713973243,0.004982261419608003,0.005021078462838133,0.005080879110438701,0.0,1500.0,0.0,4.388445809994337,1.069305095465145,14.077650731223223,68.442198754784,68.00982688065986,1.88957607417317,0.003990557201855548,0.004018780979284662,0.0,68.73841668836947,67.63292397910115,0.004965276797303185,0.005059527777341237,0.3534932221063608,169.5
2026-08-11 01:50:00,340,Heavy,67.63292397910115,2.37312847009798,63.076972949132774,69.43575087957393,5.0,1.0000888697642356,0.005059527777341237,1.0157395300776313,0.9811732719789669,0.00399716463802653,0.0031031264913298443,0.018826728021033134,0.005010351574507862,0.004976360163389605,0.005060644811534083,0.0,1500.0,0.0,4.312243435469526,1.0681016596544337,14.001448356698411,68.02682234036554,68.26122458559537,2.0499798164810263,0.004008599883399405,0.0040122390569274115,0.0,67.70912635362596,68.66799157160605,0.005080249081657202,0.004973773896521629,0.3545359749739312,170.0
2026-08-11 01:50:30,341,Heavy,68.66799157160605,2.24150744489158,67.13025872609096,73.0501049511704,5.0,1.000171322123329,0.004973773896521629,1.015512688347728,0.9843621060039045,0.003986641270189149,0.0029790047711419684,0.015637893996095498,0.004992890614961913,0.004953612692142309,0.004972528773460175,0.0,1500.0,0.0,5.347311027974428,1.0844480978736453,15.036515949203313,68.00334730144439,68.32550236301184,2.2080634403321246,0.004015101787740248,0.003991095502756464,0.0,67.63292397910115,67.46011332547937,0.005059527777341237,0.005018745292249939,0.3555787278415016,170.5
2026-08-11 01:51:00,342,Heavy,67.46011332547937,1.1874337561857475,66.01190655079755,69.25306100704294,4.0,1.0001812117851565,0.005018745292249939,1.016537906542073,0.98314013367326,0.004005563570086565,0.0030292082308015626,0.01685986632673997,0.0049306993653712265,0.005031368404498194,0.005018189082786566,0.0,1500.0,0.0,4.139432781847745,1.0653725251578028,13.82863770307663,67.92034295872887,68.04171438363639,1.9158867706314342,0.003996456492767415,0.004003600898094785,0.0,68.66799157160605,68.83048602664029,0.004973773896521629,0.004890099294542735,0.35662148070907196,171.0
2026-08-11 01:51:30,343,Heavy,68.83048602664029,1.0450676652042092,67.66577615557345,70.50763108888907,4.0,1.0002524356316413,0.004890099294542735,1.0146271342313895,0.976493465806518,0.003923212528240755,0.0029300509068724894,0.02350653419348203,0.0050624667797598165,0.005079481855672599,0.004890334254000776,0.0,1500.0,0.0,5.5098054830086625,1.0870143124758758,15.199010404237548,68.31953030790858,68.06012825129056,1.6650585482749396,0.00397180578950549,0.003994816292309613,0.0,67.46011332547937,68.5200594721352,0.005018745292249939,0.005099280582278378,0.35766423357664234,171.5
2026-08-11 01:52:00,344,Heavy,68.5200594721352,1.689599518872548,65.61072979290059,70.76643229401503,5.0,0.9996758263618588,0.005099280582278378,1.0149491297286943,0.9851993103399262,0.004101805531699785,0.0030467921466001088,0.014949129728694333,0.005009147574700282,0.005120919593981166,0.005099193517464176,0.0,1500.0,0.0,5.199378928503577,1.0821118611465477,14.888583849732463,68.27021960808496,68.2223148749924,1.7073473710504128,0.004010193876675702,0.004002877507648556,0.0,68.83048602664029,67.99825315339582,0.004890099294542735,0.005090595381068288,0.3587069864442127,172.0
2026-08-11 01:52:30,345,Heavy,67.99825315339582,1.1097707935208605,66.68094819335154,69.73684238706109,6.0,0.9999331071913157,0.005090595381068288,1.0202219156453383,0.9807753334110638,0.004080995670385621,0.003043700103476244,0.020221915645338262,0.005015930266339966,0.004993841940145258,0.005091109417899035,0.0,1500.0,0.0,4.677572609764198,1.0738711676754813,14.366777530993083,68.44959955072379,68.29538070985134,1.4546758357349892,0.00403533791010872,0.004019643714120375,0.0,68.5200594721352,67.89135859414739,0.005099280582278378,0.005258998132396967,0.3597497393117831,172.5
2026-08-11 01:53:00,346,Heavy,67.89135859414739,1.0718647973215913,66.6326256174219,69.09909023435807,4.0,1.000253683547725,0.005258998132396967,1.0478717223906133,0.9848756172670605,0.004088794425786131,0.0033171036828235105,0.047871722390613325,0.004894718105664599,0.004905793424870592,0.0052576454198659,0.0,1500.0,0.0,4.570678050515767,1.0721830215859147,14.259882971744652,68.13655707322614,68.14005411435963,1.2207473062209915,0.004090531875957179,0.004040074345239771,0.0,67.99825315339582,67.83991638193311,0.005090595381068288,0.005132803270407863,0.3607924921793535,173.0
2026-08-11 01:53:30,347,Heavy,67.83991638193311,1.3782063093767132,66.4384281402268,70.76689784514213,6.0,1.0000849649986376,0.005132803270407863,1.0175930166212743,0.9774141023461894,0.004107499131286145,0.0030791783563455196,0.022585897653810583,0.005036382768050148,0.005060546877788245,0.005133186772070404,0.0,1500.0,0.0,4.5192358383014835,1.0713706138263543,14.208440759530369,67.90984270982545,68.21601472565037,1.2589018168591846,0.004092429742485966,0.004060461457479687,0.0,67.89135859414739,68.04155880859793,0.005258998132396967,0.005024188514920589,0.3618352450469239,173.5
2026-08-11 01:54:00,348,Heavy,68.04155880859793,1.7586526442135006,65.68318899769214,70.58387226209183,6.0,1.0001821239601731,0.005024188514920589,1.0145815440994375,0.9825260276863226,0.004038946487978155,0.0029937519332065552,0.01747397231367742,0.004948196966962647,0.00511574388693522,0.0050235600616030515,0.0,1500.0,0.0,4.720878264966302,1.074555077810848,14.410083186195187,67.92427792822616,68.05822928204189,1.4016188126610427,0.004078413348350143,0.004083608249427167,0.0,67.83991638193311,68.52236647184527,0.005132803270407863,0.005056354394950138,0.36287799791449427,174.0
2026-08-11 01:54:30,349,Heavy,68.52236647184527,1.5703513875355517,66.4259529539845,70.96978275464998,6.0,1.000156295419774,0.005056354394950138,1.0171749717806202,0.9825002349167045,0.003986243151199115,0.003114645014298105,0.017499765083295538,0.004941545314169823,0.004942417870685661,0.005055784901677722,0.0,1500.0,0.0,5.201685928213649,1.0821482947364942,14.890890849442535,68.13461388745878,68.0586906819839,1.3777691863936434,0.004044229590154471,0.004060495773327033,0.0,68.04155880859793,69.74058419438128,0.005024188514920589,0.004988263677096644,0.36392075078206465,174.5
2026-08-11 01:55:00,350,Heavy,69.74058419438128,1.9518697492750077,67.25399172697342,72.3802750638648,5.0,1.0000309623255361,0.004988263677096644,1.0161175969233645,0.9834350141071067,0.003996509505237133,0.002985237838496891,0.016564985892893347,0.0050144446391825045,0.005075800904243628,0.004988420674222458,0.0,1500.0,0.0,6.41990365074966,1.101387154964735,16.109108571978545,68.76816982494151,68.407156890181,1.5461889775444728,0.004007233048138135,0.004043598540297336,0.0,68.52236647184527,59.429377396543,0.005056354394950138,0.023823535389968335,0.36496350364963503,175.0
2026-08-11 01:55:30,351,Light,59.429377396543,1.5988566272842772,57.065992716918515,61.43639785095971,4.0,0.9999499416632971,0.023823535389968335,1.1611433861159632,0.8293991438978652,0.01738699643543216,0.016286672443087218,0.17060085610213482,0.023235440338826775,0.024084449312410668,0.02386741993333561,45.0,1500.0,0.03,-3.891303147088621,0.9385460940457314,5.797901774140264,65.89744268758986,66.71476065066011,1.65158734353701,0.008456583030622803,0.006703238942226542,0.006,69.74058419438128,58.472786303773916,0.004988263677096644,0.02366371278256072,0.3660062565172054,175.5
2026-08-11 01:56:00,352,Light,58.472786303773916,3.626105116254409,54.007533248773804,63.18278794383895,6.0,1.0001726389223813,0.02366371278256072,1.148893902896017,0.8497499087064907,0.017535450563377325,0.015890534301665205,0.1502500912935093,0.022772083013790793,0.022449955311246588,0.02364296693496342,40.0,1500.0,0.02666666666666667,-4.847894239857709,0.9234390060524187,4.841310681371176,62.54758263156608,64.84133463502829,2.101167104912549,0.012972985501348873,0.009388829228644778,0.011333333333333334,59.429377396543,59.77463948337018,0.023823535389968335,0.023075194752806647,0.3670490093847758,176.0
2026-08-11 01:56:30,353,Light,59.77463948337018,2.127451888868815,57.61084276106672,62.426999163187055,4.0,1.0012188413338876,0.023075194752806647,1.1839299018197689,0.8703680534665815,0.01696134250232601,0.01569277055194326,0.18392990181976887,0.024823557715923497,0.023104542204981912,0.022998301906179106,36.0,1500.0,0.024,-3.5460410602614445,0.9439986900043184,6.143163860967441,59.22560106122904,63.18795076998273,2.1749269538436122,0.0172945965003785,0.01197330843151435,0.016133333333333333,58.472786303773916,60.8736206599477,0.02366371278256072,0.02384165975059871,0.3680917622523462,176.5
2026-08-11 01:57:00,354,Light,60.8736206599477,3.5482944459311208,56.592047898819246,65.76866881267534,5.0,1.0007431809282403,0.02384165975059871,1.2025713104822375,0.836316417529625,0.017024640036850572,0.01670744412443397,0.20257131048223753,0.02214195303558811,0.02251359486515571,0.023822851783111727,41.0,1500.0,0.027333333333333334,-2.4470598836839272,0.9613544917288473,7.242145037544958,59.70701548236394,61.65820160760321,2.570515565522726,0.017173811034184635,0.014580987808644641,0.0216,59.77463948337018,67.76164240087022,0.023075194752806647,0.004974002923345881,0.3691345151199166,177.0
2026-08-11 01:57:30,355,Heavy,67.76164240087022,2.2619606670784305,64.28390390772297,70.91699484586192,5.0,0.9999750762196379,0.004974002923345881,1.0161250458984696,0.9847923688451479,0.003984498391092864,0.0029774315857227143,0.016125045898469637,0.00497874068492434,0.0049203576644930086,0.004973703476942057,0.0,1500.0,0.0,4.440961857238591,1.0701344619026718,14.130166778467476,62.80330084806271,61.262413248901,2.6325337490834104,0.012656826976756482,0.014578585585815786,0.0216,60.8736206599477,67.43684319630863,0.02384165975059871,0.005071819532545213,0.37017726798748696,177.5
2026-08-11 01:58:00,356,Heavy,67.43684319630863,2.9428274836692814,61.88702134406955,70.92985050621752,6.0,0.9997685869071727,0.005071819532545213,1.0177126359863713,0.9841790733117104,0.004072097008711419,0.0030323145189578445,0.017712635986371295,0.005106178435678849,0.005049043520853339,0.005071707370126033,0.0,1500.0,0.0,4.116162652677005,1.065005028646853,13.80536757390589,65.35736875237552,62.863906408854135,2.901327920360411,0.008360411812218286,0.011915605700471638,0.0156,67.76164240087022,69.70538557669455,0.004974002923345881,0.005329674688537534,0.37122002085505734,178.0
2026-08-11 01:58:30,357,Heavy,69.70538557669455,1.14354201776607,67.7294241794495,70.47163246878961,4.0,1.0000076303635852,0.005329674688537534,1.042397427551721,0.9714817434180041,0.004146203001865563,0.0033488044397078634,0.042397427551720934,0.0051745094776123645,0.005137083106026315,0.005332027207687546,0.0,1500.0,0.0,6.384705033062929,1.100831276263108,16.073909954291814,68.30129039129115,65.11042626343826,2.4048153006627433,0.004067599467223282,0.009237756188169285,0.010266666666666665,67.43684319630863,68.04734399969995,0.005071819532545213,0.004950229906850832,0.3722627737226277,178.5
2026-08-11 01:59:00,358,Heavy,68.04734399969995,2.047686278068227,65.08186051184234,70.645979625598,5.0,0.9998106827147313,0.004950229906850832,1.020288750193906,0.9838796207476558,0.0039177804768863195,0.003031767355868581,0.02028875019390597,0.005116958703035613,0.005135838198927238,0.004950279192480908,0.0,1500.0,0.0,4.726663456068323,1.0746464411861678,14.415868377297208,68.39652425756772,66.76496716670422,2.388862178502626,0.004045360162487767,0.006629043783081348,0.0054666666666666665,69.70538557669455,68.08383834033825,0.005329674688537534,0.004972578940988904,0.3733055265901981,179.0
2026-08-11 01:59:30,359,Heavy,68.08383834033825,2.838131903509759,62.74958837258076,70.20851528084617,5.0,0.9999354564345376,0.004972578940988904,1.0166599225699364,0.982231292118489,0.003948636600065738,0.0030230739648295446,0.01776870788151097,0.005018180728070969,0.005020451470020212,0.004973435790900566,0.0,1500.0,0.0,4.763157796706622,1.0752227827593315,14.452362717935507,68.61218930557759,68.20701070278231,2.2468296700183537,0.004004206692939207,0.004013843095724381,0.0,68.04734399969995,68.34479518396256,0.004950229906850832,0.0050655810512139935,0.3743482794577685,179.5
2026-08-11 02:00:00,360,Heavy,68.34479518396256,2.047688419152264,65.78231176985099,70.93010031577072,5.0,0.9999588434844936,0.0050655810512139935,1.0247217149157846,0.9835794487013203,0.004037332126457829,0.003059698440346433,0.024721714915784565,0.005070705862763216,0.005099896598946356,0.005064139253908839,0.0,1500.0,0.0,5.024114640330936,1.0793439773103675,14.713319561559821,68.15865917466692,68.32364125940077,2.2039752204331204,0.003967916401136628,0.004024409842797373,0.0,68.08383834033825,69.07933353186895,0.004972578940988904,0.0050760195794743125,0.3753910323253389,180.0
2026-08-11 02:00:30,361,Heavy,69.07933353186895,0.7564740913734621,68.32152475584195,70.33917803815133,4.0,0.9998955486854353,0.0050760195794743125,1.0158336358965825,0.98438521349942,0.004019779954516658,0.0031013309990368504,0.015833635896582487,0.004868296461766388,0.0050307794448572855,0.005076351288128101,0.0,1500.0,0.0,5.75865298823733,1.0909442687412256,15.447857909466215,68.50265568538994,68.65213932651287,1.7667045419739567,0.004001916227013408,0.004013946431958421,0.0,68.34479518396256,68.50209615414684,0.0050655810512139935,0.005112866621165227,0.37643378519290926,180.5
2026-08-11 02:01:00,362,Heavy,68.50209615414684,1.976977322804886,67.2417707651769,71.91840383764037,4.0,1.000201706231328,0.005112866621165227,1.0304437845280587,0.9813758167424725,0.004063188014835454,0.003110079363244545,0.030443784528058737,0.00516004587429728,0.005058339318572178,0.0051126307409408355,0.0,1500.0,0.0,5.1814156105152165,1.0818281731344457,14.870620531744102,68.64207495665947,68.4114814420033,1.9333916029817195,0.0040401000319366465,0.0039973434345524,0.0,69.07933353186895,67.62449044744908,0.0050760195794743125,0.0049126240035480195,0.37747653806047965,181.0
2026-08-11 02:01:30,363,Heavy,67.62449044744908,0.5038449341268088,66.86130338431994,68.37069679368527,5.0,0.9999990762815296,0.0049126240035480195,1.0193378762133398,0.984526716965248,0.003928754495165126,0.002949366638824647,0.019337876213339822,0.004859357206783298,0.0050305846911246795,0.00491270540317208,0.0,1500.0,0.0,4.303809903817452,1.0679684720200042,13.993014825046338,68.40197337782165,68.32691073155313,1.624623334193436,0.004003907488172412,0.003999538238208161,0.0,68.50209615414684,67.48576888622493,0.005112866621165227,0.00507369934441309,0.37851929092805003,181.5
2026-08-11 02:02:00,364,Heavy,67.48576888622493,3.044913477316415,63.98280671897347,72.6596289878112,6.0,1.000020288980635,0.00507369934441309,1.014590423321323,0.9832077841639049,0.004063180010726481,0.0030386518195847628,0.016792215836095137,0.004896598449214081,0.00511556710844258,0.0050744285985576615,0.0,1500.0,0.0,4.165088342593307,1.065777693904021,13.854293263822193,67.87078516260696,68.20729684073048,1.665979648954767,0.004018374173575687,0.004022446920340309,0.0,67.62449044744908,67.37701904319843,0.0049126240035480195,0.005082835437846846,0.3795620437956204,182.0
2026-08-11 02:02:30,365,Heavy,67.37701904319843,2.444001475833042,64.50701853805666,71.18320746090296,4.0,1.00007422899255,0.005082835437846846,1.021138899324283,0.9834573160946825,0.004028496574283455,0.0031003131104056576,0.021138899324282923,0.005073927274014054,0.005065205267440515,0.005083118847096798,0.0,1500.0,0.0,4.056338499566806,1.0640602480065222,13.745543420795691,67.4957594589575,68.01374161257766,1.7452422602909228,0.004006810360058354,0.004020679809905435,0.0,67.48576888622493,67.41684259534848,0.00507369934441309,0.005024556338784187,0.3806047966631908,182.5
2026-08-11 02:03:00,366,Heavy,67.41684259534848,1.434177312739578,66.22936475539498,69.93349040993004,6.0,1.0002164505427946,0.005024556338784187,1.0161558670389794,0.9860223892811363,0.004035551859334253,0.0030012228224035966,0.01615586703897942,0.005138351170726971,0.0050467715390345325,0.0050256553546121265,0.0,1500.0,0.0,4.09616205171686,1.0646891665811198,13.785366972945745,67.4265435082573,67.68124342527355,1.8807829045641458,0.004042409481448063,0.004023834190868954,0.0,67.37701904319843,69.40852854282774,0.005082835437846846,0.0049042644296961495,0.3816475495307612,183.0
2026-08-11 02:03:30,367,Heavy,69.40852854282774,2.98477085696168,65.6816875190531,74.97512520597999,6.0,0.9999985116059805,0.0049042644296961495,1.0152716985303942,0.9844470814863384,0.0039028354918379513,0.00296979577334026,0.015552918513661584,0.00491385298723743,0.005058841406320379,0.004903996483604698,0.0,1500.0,0.0,6.087847999196114,1.0961431233355308,15.777052920425,68.06746339379156,67.86252990300973,2.082341611395505,0.00398896130848522,0.003991763686269453,0.0,67.41684259534848,58.11156864079119,0.005024556338784187,0.023172612060246206,0.38269030239833157,183.5
2026-08-11 02:04:00,368,Light,58.11156864079119,3.290905921551592,52.63462278214969,62.87185844420826,5.0,1.0000765363754403,0.023172612060246206,1.1827062788019214,0.8664941141337505,0.017039028878091524,0.015705008831675214,0.18270627880192136,0.023016586732143424,0.022784494858606206,0.02316088431276241,38.0,1500.0,0.025333333333333333,-5.209111902840434,0.9177344296031207,4.480093018388452,64.97897992632248,65.95994554167815,2.639753808880461,0.008325805409754576,0.006613818562854734,0.005066666666666666,69.40852854282774,57.86066898914889,0.0049042644296961495,0.022408292099987914,0.38373305526590196,184.0
2026-08-11 02:04:30,369,Light,57.86066898914889,3.129157603810902,53.452008623222525,61.64802739720505,5.0,1.0005060595579887,0.022408292099987914,1.1678871222280538,0.8815373838263063,0.01674693897845615,0.014897237528027752,0.1678871222280538,0.02390070791338191,0.022573176654741164,0.022461986769832975,37.0,1500.0,0.024666666666666667,-5.460011554482733,0.9137720645513203,4.229193366746152,61.79358872425595,64.03492556226294,2.6566026341793587,0.012562934449461875,0.009150570356400666,0.01,58.11156864079119,56.53978938817862,0.023172612060246206,0.022969040026416827,0.38477580813347234,184.5
2026-08-11 02:05:00,370,Light,56.53978938817862,3.863433677765903,50.97534399391129,61.817711433335695,4.0,1.000209433945431,0.022969040026416827,1.1439276323566951,0.8102571328009455,0.016905376246277956,0.015550849375015443,0.18974286719905453,0.02148987049684577,0.024102497250735717,0.023050298229070714,41.0,1500.0,0.027333333333333334,-6.780891155453006,0.8929119033902269,2.9083137657758797,57.504009006039574,61.86747963125898,2.940489074565931,0.016897114700941875,0.011725946290799568,0.015466666666666667,57.86066898914889,58.06858426614914,0.022408292099987914,0.022638025097620917,0.3858185610010427,185.0
2026-08-11 02:05:30,371,Light,58.06858426614914,2.493252128314332,54.76842878240574,61.23361260499391,6.0,1.000159236530606,0.022638025097620917,1.1158033744288287,0.7867039309846092,0.01681452745831857,0.01515840370707433,0.21329606901539078,0.023768587966736483,0.023892447303720386,0.02264280608214959,33.0,1500.0,0.022,-5.252096277482487,0.9170555933323634,4.437108643746399,57.4896808811589,59.99782796541912,3.152304037680882,0.016822280894350894,0.014281741410596429,0.019866666666666664,56.53978938817862,57.74758710173192,0.022969040026416827,0.022946510814282013,0.38686131386861317,185.5
2026-08-11 02:06:00,372,Light,57.74758710173192,1.827171157290048,56.37462207506082,61.16510856374103,5.0,1.0008248338816423,0.022946510814282013,1.2145562519263429,0.8166783457750282,0.016923156527761427,0.015518681729423799,0.21455625192634287,0.02225365930869489,0.02130542526194034,0.022898307993725265,33.0,1500.0,0.022,-5.573093441899708,0.9119862042850357,4.116111479329177,57.451986918686565,57.665639677199955,2.9207840977465556,0.016881020077452652,0.016885805617781125,0.024266666666666666,58.06858426614914,56.74489516828014,0.022638025097620917,0.022216775760860175,0.38790406673618355,186.0
2026-08-11 02:06:30,373,Light,56.74489516828014,2.1551487475396516,53.07688089180739,58.609034575279985,4.0,0.999832274401764,0.022216775760860175,1.1027468722389377,0.8441551358282111,0.016669746192018744,0.014687845961145038,0.1558448641717889,0.022491753039227586,0.023922444192417205,0.022291661555007156,34.0,1500.0,0.02266666666666667,-6.5757853753514866,0.8961510628297751,3.1134195458773988,57.52035551205373,57.39230498269774,2.693632662944167,0.016802476726032915,0.016811949080566567,0.023733333333333335,57.74758710173192,57.361681800494694,0.022946510814282013,0.02280289464944297,0.38894681960375393,186.5
2026-08-11 02:07:00,374,Light,57.361681800494694,1.8942046808928603,54.33796993826014,59.06115103208919,4.0,1.0000796555340927,0.02280289464944297,1.1228900704616696,0.8618067911960914,0.017110748574484285,0.015073175930058353,0.13819320880390862,0.024452679894737192,0.025168194282894876,0.022739957939163384,40.0,1500.0,0.02666666666666667,-5.958998743136931,0.905891745130079,3.7302061780919544,57.2847213568356,57.29250754496691,2.4466420783605587,0.016901217098088155,0.0168847109997722,0.024133333333333333,56.74489516828014,61.39818709396645,0.022216775760860175,0.023484726862503216,0.3899895724713243,187.0
2026-08-11 02:07:30,375,Light,61.39818709396645,3.354828610891439,57.28872441515201,65.55882349329964,6.0,1.0011841744849257,0.023484726862503216,1.2023512106079166,0.8632476165260764,0.017384130153232372,0.015834351386545834,0.2023512106079166,0.023705268461644165,0.02413923795595786,0.023430535806018532,35.0,1500.0,0.023333333333333334,-1.9224934496651755,0.969638774675827,7.76671147156371,58.50158802091377,58.264187086124466,2.344921064985666,0.017054874973245135,0.01698046178116308,0.023333333333333334,57.361681800494694,57.16480606411879,0.02280289464944297,0.02171179835631256,0.3910323253388947,187.5
2026-08-11 02:08:00,376,Light,57.16480606411879,2.576544637118765,53.12075730102759,60.17455189266567,5.0,1.0005596071674763,0.02171179835631256,1.1610960055876547,0.892264440538914,0.016321785376089012,0.014328805609120199,0.1610960055876547,0.02387571760050133,0.023734283891675662,0.0218096118341274,29.0,1500.0,0.019333333333333334,-6.155874479512832,0.9027825597156828,3.5333304417160534,58.64155831952666,58.083431445718396,2.3615795667465527,0.01693888803460189,0.016881913364717168,0.0228,61.39818709396645,57.42140292858679,0.023484726862503216,0.02290449723300792,0.3920750782064651,188.0
2026-08-11 02:08:30,377,Light,57.42140292858679,1.2723394439726337,55.1290258976626,59.329275604122934,6.0,1.0002367491630502,0.02290449723300792,1.1650055627522107,0.8608579284494282,0.01713721729821809,0.015198283683914028,0.16500556275221068,0.023452875311858006,0.025165509819004856,0.02277846377878875,36.0,1500.0,0.024,-5.899277615044838,0.906834898734547,3.7899273061840475,58.66146536222402,58.01819461108937,2.2506132240830703,0.016947710942513156,0.0169247255188085,0.023200000000000002,57.16480606411879,57.31428814254578,0.02171179835631256,0.024276173975268826,0.3931178310740355,188.5
2026-08-11 02:09:00,378,Light,57.31428814254578,3.815993028350794,51.151654724488814,61.031077532071144,5.0,1.0001691328307951,0.024276173975268826,1.1377338249136888,0.8200272745647417,0.017591308665674845,0.016730424029920022,0.17997272543525833,0.024104736340111548,0.02468638570040576,0.024378631236274585,38.0,1500.0,0.025333333333333333,-6.006392401085847,0.9051432746850044,3.682812520143038,57.30016571175046,58.132073205942504,2.5827820802452983,0.01701677044666065,0.01710903801353972,0.023733333333333335,57.42140292858679,56.992333405880345,0.02290449723300792,0.023472774914617068,0.39416058394160586,189.0
2026-08-11 02:09:30,379,Light,56.992333405880345,2.5707269736739504,51.49075936215936,59.19122598954575,6.0,1.0011028901736867,0.023472774914617068,1.1613267330271193,0.7968885797963285,0.017130180118366672,0.01608553567773874,0.20311142020367146,0.0246390679852799,0.022515754397145423,0.02368076461200143,43.0,1500.0,0.028666666666666667,-6.32834713775128,0.9000587630546598,3.3608577834776057,57.242674825670974,58.058203527019636,2.7180865388015163,0.017286235360753202,0.017112924322316196,0.024133333333333333,57.31428814254578,57.674521131820526,0.024276173975268826,0.02313273556832473,0.39520333680917624,189.5
2026-08-11 02:10:00,380,Light,57.674521131820526,4.769581386149415,51.645881073629965,63.339793970574505,4.0,1.0014572677677203,0.02313273556832473,1.1897878114875173,0.8880430838565682,0.017364651892322343,0.015353043635687945,0.18978781148751733,0.023119287504665523,0.023130274777013148,0.023068331890447744,36.0,1500.0,0.024,-5.646159411811098,0.9108323005479929,4.043045509417787,57.32704756008223,57.31347033459044,3.0010370938531117,0.01736204689212129,0.01710902867013419,0.024266666666666666,56.992333405880345,55.365056164980345,0.023472774914617068,0.02338307877552345,0.3962460896767466,190.0
2026-08-11 02:10:30,381,Light,55.365056164980345,2.1115109570502133,52.78187503360195,58.13986771379611,4.0,1.0005243964590826,0.02338307877552345,1.1698634744288001,0.8340397998760486,0.017148037299806813,0.01590560220277962,0.16986347442880012,0.023752554704743505,0.02399547307963316,0.02330419722593545,40.0,1500.0,0.02666666666666667,-7.9556243786512795,0.874359777716391,1.7335805425776059,56.677303567560415,56.95352035476276,2.908030357839402,0.017214289770165276,0.01727427905487775,0.025733333333333337,57.674521131820526,58.07530250080538,0.02313273556832473,0.023650806559806666,0.397288842544317,190.5
2026-08-11 02:11:00,382,Light,58.07530250080538,2.089494646649415,55.409002056524955,61.61855859655941,5.0,1.0009687156637295,0.023650806559806666,1.1678091699860524,0.8368304780835532,0.017272762973482743,0.016184891727423836,0.16780916998605244,0.022968060399757597,0.02251518196487828,0.023741241947215223,37.0,1500.0,0.024666666666666667,-5.245378042826246,0.9171616919181423,4.443826878402639,57.03829326586876,57.08430026920647,3.0714613983747574,0.0172618173885373,0.017301388189930683,0.025866666666666666,55.365056164980345,59.208762755464214,0.02338307877552345,0.022575437851748394,0.3983315954118874,191.0
2026-08-11 02:11:30,383,Light,59.208762755464214,1.5965752182090547,57.13206214660431,61.621986606924686,4.0,1.0002351648694576,0.022575437851748394,1.079684718510559,0.7921416742234949,0.01697671521211125,0.014882769813473959,0.2078583257765051,0.022228488558289298,0.022171671726906175,0.022697197538694956,36.0,1500.0,0.024,-4.1119177881674105,0.9350620089224395,5.577287133061475,57.54970714041665,57.46319519179017,2.62757783634641,0.01713250516180027,0.017178469499217964,0.0256,58.07530250080538,59.07583244776642,0.023650806559806666,0.022648872249547272,0.3993743482794578,191.5
2026-08-11 02:12:00,384,Light,59.07583244776642,1.576499670758631,57.3929287463346,61.559665962345235,6.0,1.0011047649166767,0.022648872249547272,1.1480449209335855,0.8572070020627555,0.016842379033857366,0.01518308888788162,0.14804492093358546,0.023416981233596996,0.02341921325051997,0.0225414551493747,33.0,1500.0,0.022,-4.244848095865201,0.9329626899233932,5.444356825363684,58.78663256801202,57.87989500016738,2.428732375763346,0.017030619073150455,0.0171209092823161,0.024266666666666666,59.208762755464214,58.25132482994561,0.022575437851748394,0.023299441413299496,0.40041710114702816,192.0
2026-08-11 02:12:30,385,Light,58.25132482994561,3.2389038416319136,53.32215804304621,62.16266092307537,6.0,1.0017993504387332,0.023299441413299496,1.1748394627713667,0.83880764000407,0.01707086357941321,0.015958923799122813,0.17483946277136675,0.022179350361419832,0.024260981356943948,0.023234436602495436,37.0,1500.0,0.024666666666666667,-5.069355713686015,0.9199415472139006,4.61984920754287,58.84530667772543,57.99525573979239,2.1225968668598454,0.016963319275127273,0.017062151619734275,0.024399999999999998,59.07583244776642,57.77665236175825,0.022648872249547272,0.023082530475754363,0.40145985401459855,192.5
2026-08-11 02:13:00,386,Light,57.77665236175825,3.3638338375339365,54.996432143380126,63.53074951588263,4.0,0.9999545517642464,0.023082530475754363,1.1518463306918707,0.8690137765838926,0.01724475193679754,0.015343526626710673,0.1518463306918707,0.022685586026279167,0.023315478217043453,0.02325268548697652,49.0,1500.0,0.03266666666666666,-5.544028181873372,0.9124452211461433,4.145176739355513,58.36793654649011,58.477574979147974,2.37306144295659,0.017052664850022704,0.01708149454713242,0.0256,58.25132482994561,56.851744509595534,0.023299441413299496,0.023677174489364284,0.40250260688216893,193.0
2026-08-11 02:13:30,387,Light,56.851744509595534,0.4787328034323889,56.2893913687258,57.70015254759979,6.0,1.000915020891081,0.023677174489364284,1.1699430191922962,0.8623862887637654,0.016888082344169043,0.01662042507782167,0.16994301919229615,0.022485469223112887,0.023318751187225473,0.023557612841796933,45.0,1500.0,0.03,-6.468936034036091,0.8978384948093124,3.2202688871927947,57.62657390043314,58.23286338090601,2.050909074313185,0.017067899286793264,0.017004558421269682,0.026666666666666665,57.77665236175825,58.45603556754949,0.023082530475754363,0.02470741155806691,0.4035453597497393,193.5
2026-08-11 02:14:00,388,Light,58.45603556754949,2.763434210441588,54.31802925612487,61.46647090575542,4.0,1.000545277355612,0.02470741155806691,1.1711803711375233,0.8766472964705592,0.01791826053974426,0.01702026593576274,0.17118037113752327,0.024560470477566605,0.024832363815988297,0.02457178326781437,50.0,1500.0,0.03333333333333333,-4.864644976082133,0.9231744678939433,4.824559945146753,57.69481081296777,58.08231794332306,2.2842808727596915,0.01735036494023695,0.017192867486796284,0.028533333333333334,56.851744509595534,60.0806811881191,0.023677174489364284,0.021948833215183913,0.4045881126173097,194.0
2026-08-11 02:14:30,389,Light,60.0806811881191,2.5655613377411526,55.6520027442788,63.48417894026316,5.0,1.0008745405394703,0.021948833215183913,1.1890187898675184,0.8884848931736118,0.016065403795254445,0.014980617529279691,0.1890187898675184,0.021688605124055422,0.023341836104328068,0.02190305029391232,27.0,1500.0,0.018,-3.2399993555125235,0.9488318930293244,6.449205565716362,58.462820421754714,58.283287691393596,2.482093206156196,0.016957248893055915,0.0170374724390757,0.027733333333333332,58.45603556754949,58.5473180580992,0.02470741155806691,0.02299294098937463,0.4056308654848801,194.5
2026-08-11 02:15:00,390,Light,58.5473180580992,2.4488025250827827,55.36188747442555,62.09327652417211,6.0,1.0009364937105731,0.02299294098937463,1.1784314584055386,0.8525857069550403,0.016991891666903076,0.015518633103177505,0.17843145840553865,0.022483031712435746,0.02318309969269819,0.0228457055170244,38.0,1500.0,0.025333333333333333,-4.773362485532424,0.9246160583785372,4.915842435696462,59.028011604589274,58.34248633702432,2.32407294284637,0.01699185200063393,0.01702167805657367,0.027866666666666668,60.0806811881191,58.86404106403045,0.021948833215183913,0.022508979653619633,0.40667361835245047,195.0
2026-08-11 02:15:30,391,Light,58.86404106403045,2.0485282177305755,56.710844588865925,61.277755576684555,6.0,1.000996800033054,0.022508979653619633,1.1530893793209016,0.8753656576087745,0.017370406714682336,0.014349799507988866,0.1530893793209016,0.02307528792917409,0.02415225103386139,0.02241077277977922,37.0,1500.0,0.024666666666666667,-4.456639479601172,0.9296179472276788,5.232565441627713,59.1640134367496,58.55996407747875,2.061011818885697,0.016809234058946618,0.01704680901215063,0.026266666666666667,58.5473180580992,56.98167898412846,0.02299294098937463,0.022728737856858635,0.40771637122002086,195.5
2026-08-11 02:16:00,392,Light,56.98167898412846,1.8220028152001115,53.72228214741142,59.05099119883307,6.0,1.000309816520305,0.022728737856858635,1.1473841563530416,0.8497090900353174,0.01754416197559498,0.014453161986781307,0.15029090996468264,0.023883743348922914,0.02251562314306011,0.02279078723465427,30.0,1500.0,0.02,-6.339001559503167,0.8998905017273902,3.3502033617257183,58.131012702086046,58.58595097238534,2.3296658212392423,0.017302153452393467,0.01717802493843582,0.024266666666666666,58.86404106403045,56.42843759070322,0.022508979653619633,0.02325181783964004,0.40875912408759124,196.0
2026-08-11 02:16:30,393,Light,56.42843759070322,2.367695591410458,53.85429304518182,59.38304401900744,5.0,1.0005730366837142,0.02325181783964004,1.1526128473176274,0.8346336681856268,0.01736014864946217,0.015479038818908037,0.1653663318143732,0.02206844103665472,0.022753581126203175,0.02328794746367195,36.0,1500.0,0.024,-6.892242952928406,0.891153365792093,2.7969619683004794,57.42471921295405,58.18043137701609,2.250518097433016,0.017424905779913163,0.0170664025603794,0.022399999999999996,56.98167898412846,59.24571415132871,0.022728737856858635,0.0243225548680969,0.4098018769551616,196.5
2026-08-11 02:17:00,394,Light,59.24571415132871,3.397535680524828,55.18950211664973,62.67395337865547,4.0,1.000808474597964,0.0243225548680969,1.2119515833642955,0.7814312306550706,0.017262680445516015,0.017153430278610052,0.21856876934492941,0.02317066772655262,0.023161662719882625,0.02429200793347456,47.0,1500.0,0.03133333333333333,-4.074966392302912,0.9356455685991084,5.6142385289259735,57.55194357538681,58.013437969658,2.4169129659897512,0.01738899702352439,0.017305857890431715,0.02506666666666667,56.42843759070322,58.19571432709526,0.02325181783964004,0.02276815561107739,0.410844629822732,197.0
2026-08-11 02:17:30,395,Light,58.19571432709526,1.7978213081503807,55.262295508074814,60.0865106311849,4.0,1.0006114287111199,0.02276815561107739,1.1372942218689797,0.8796009271863351,0.01706244910680261,0.015087597074311981,0.13729422186897966,0.022450962214281164,0.02261306054803637,0.02290534846175359,42.0,1500.0,0.028,-5.1249662165363645,0.9190633111878044,4.564238704692521,57.95662202304241,57.943117223457214,2.2867167226032707,0.01722842606726026,0.017319969378411623,0.0256,59.24571415132871,56.02823866472589,0.0243225548680969,0.02216718565760934,0.4118873826903024,197.5
2026-08-11 02:18:00,396,Light,56.02823866472589,0.8116991880372273,54.825379016409016,57.28067427009159,5.0,1.0012740380609007,0.02216718565760934,1.1809624259152673,0.8826067629596979,0.016766478521222424,0.014556527434691687,0.18096242591526734,0.022066021006500028,0.021955160703266204,0.02215765928372556,22.0,1500.0,0.014666666666666666,-7.292441878905734,0.8848331727281292,2.396763042323151,57.82322238104996,57.375956743596305,2.0393509166646013,0.01703053602451368,0.017199183739719643,0.023600000000000003,58.19571432709526,56.361727983526514,0.02276815561107739,0.024161156647033773,0.4129301355578728,198.0
2026-08-11 02:18:30,397,Light,56.361727983526514,1.5588544225914245,54.34955396084043,58.72541967780603,4.0,0.9996096909120463,0.024161156647033773,1.1424679886669942,0.738541704427961,0.017298581276656587,0.016872252888145957,0.26145829557203903,0.022776046970609413,0.021645751444394873,0.024238048691412464,45.0,1500.0,0.03,-6.958952560105111,0.8900998457319171,2.7302523611237746,56.861893658449226,57.251966543475916,1.9867212381428636,0.017042502968227204,0.017150067599931963,0.0256,56.02823866472589,57.857942243834685,0.02216718565760934,0.02121388740290786,0.41397288842544316,198.5
2026-08-11 02:19:00,398,Light,57.857942243834685,3.3369854968337833,53.22365708185658,62.50373375319415,4.0,1.0005838214035303,0.02121388740290786,1.1723167582980953,0.8712972353076931,0.01650890227644235,0.013335141986546277,0.17231675829809534,0.02254413797111388,0.023425381710321182,0.021275221815103353,23.0,1500.0,0.015333333333333332,-5.462738299796939,0.9137290020748783,4.226466621431946,56.749302964029035,57.537867474102214,2.180579219227529,0.016857987358107118,0.016979818325327998,0.023866666666666668,56.361727983526514,58.20874559806418,0.024161156647033773,0.02320034635208279,0.41501564129301355,199.0
2026-08-11 02:19:30,399,Light,58.20874559806418,2.903539059256121,54.737022582856895,63.01372882199832,6.0,1.000781438643488,0.02320034635208279,1.1655113133687784,0.8812562388745749,0.01735380850103719,0.01541791320897438,0.16551131336877845,0.022831273329204076,0.023045871904575084,0.023207718047058238,40.0,1500.0,0.02666666666666667,-5.111934945567441,0.9192691092123525,4.577269975661444,57.47613860847514,57.3304737634493,2.0817798949737876,0.017053764018045373,0.016998043936432235,0.022933333333333333,57.857942243834685,60.240550385776345,0.02121388740290786,0.024171240959888596,0.41605839416058393,199.5
2026-08-11 02:20:00,400,Light,60.240550385776345,3.5965893969320644,56.43889268670251,65.41700836815836,4.0,1.0009983623880392,0.024171240959888596,1.1845069251417584,0.7784031173743813,0.01732277445411493,0.016886891431246623,0.22159688262561872,0.02389807241824147,0.023762058515162107,0.024044248463698004,42.0,1500.0,0.028,-3.0801301578552795,0.9513566479164277,6.609074763373606,58.76907940922508,57.73944097518553,2.441533512730124,0.01706182841053149,0.017050109005894695,0.022933333333333333,58.20874559806418,57.569259668575775,0.02320034635208279,0.02323860992526972,0.4171011470281543,200.0
2026-08-11 02:20:30,401,Light,57.569259668575775,2.1308250432530014,54.26815142463949,60.15375948104618,6.0,0.9996752512202635,0.02323860992526972,1.1482602592067783,0.8421470707079373,0.017250932539943215,0.015573817114988633,0.15785292929206274,0.024517808741444,0.023563747852304574,0.023215399446863343,42.0,1500.0,0.028,-5.7514208750558495,0.9091699453373249,3.937784046173036,58.67285188413877,58.047645175955495,2.705358683773279,0.017309171831698444,0.017146999809638856,0.0256,60.240550385776345,57.00773040970613,0.024171240959888596,0.02402389882997543,0.4181438998957247,200.5
2026-08-11 02:21:00,402,Light,57.00773040970613,2.3016292677858794,54.19775220080095,60.60687140329419,5.0,1.000237569518994,0.02402389882997543,1.1602416810278715,0.7474425241147251,0.017629506806584545,0.01632190687468346,0.2525574758852749,0.022781664658691546,0.022690035204565782,0.024057772696570737,39.0,1500.0,0.026,-6.312950133925497,0.9003019222199372,3.376254787303388,58.27251348801942,58.17684566119142,2.85391365281217,0.017401071266880896,0.017213184915624447,0.0248,57.569259668575775,58.08611070694796,0.02323860992526972,0.023195823900690752,0.4191866527632951,201.0
2026-08-11 02:21:30,403,Light,58.08611070694796,3.098666735342214,54.85389737235536,61.81887583598664,4.0,1.000864991029958,0.023195823900690752,1.146554918249873,0.8350109435870903,0.0171740036519907,0.015615634936664416,0.16498905641290973,0.023264530951247267,0.02292314452570444,0.02329575862185607,38.0,1500.0,0.025333333333333333,-5.2345698366836615,0.9173323819052017,4.454635084545224,57.55436692840996,58.22247935381408,2.806249900513856,0.017351480999506154,0.017346205190734116,0.0268,57.00773040970613,57.62028046848288,0.02402389882997543,0.02314141405709374,0.42022940563086547,201.5
2026-08-11 02:22:00,404,Light,57.62028046848288,2.678389421802623,51.81862603629727,59.396682163355855,6.0,1.0017241938810924,0.02314141405709374,1.2144570632583502,0.819476030471251,0.01668172502661809,0.01613127208988045,0.21445706325835023,0.023883604233891506,0.024266626633668926,0.023011612694691628,35.0,1500.0,0.023333333333333334,-5.7004000751487425,0.9099756978887674,3.988804846080143,57.57137386171234,58.10478632789782,2.761219973023157,0.01716174516173111,0.017211788495850294,0.02613333333333333,58.08611070694796,55.33904113800861,0.023195823900690752,0.023339366928878807,0.42127215849843586,202.0
2026-08-11 02:22:30,405,Light,55.33904113800861,1.5991873642047725,52.69563830431232,57.48668845188582,6.0,0.9999773859507762,0.023339366928878807,1.1521840818469817,0.8390523062206502,0.01713016304900681,0.015851942276910603,0.1609476937793498,0.022689107908685714,0.022608660691036765,0.02349052997283346,36.0,1500.0,0.024,-7.981639405623014,0.8739489320535144,1.7075655156058716,57.01514410447982,57.124484478344264,2.361739566477698,0.016995297242538534,0.017173266214828672,0.025333333333333336,57.62028046848288,59.60408536348084,0.02314141405709374,0.023624993271139077,0.42231491136600624,202.5
2026-08-11 02:23:00,406,Light,59.60408536348084,2.6555522823151083,55.5687449041235,63.806087514181364,5.0,1.0004766314216478,0.023624993271139077,1.173078617841566,0.851208045354194,0.017235116995552788,0.01616534029097675,0.17307861784156597,0.023088043207426547,0.023362246484471962,0.023592055986303623,40.0,1500.0,0.02666666666666667,-3.716595180150783,0.9413051921071848,5.972609741078102,57.52113565665746,57.53144961732528,2.4666850142901193,0.01701566835705923,0.017170103105950588,0.02506666666666667,55.33904113800861,58.3694609827477,0.023339366928878807,0.021496532683002632,0.4233576642335766,203.0
2026-08-11 02:23:30,407,Light,58.3694609827477,3.191150729243931,53.43093890078843,62.140767994026135,5.0,1.0013046317517043,0.021496532683002632,1.1204333468268362,0.8229932308442469,0.01612863478174756,0.014271304126671762,0.17700676915575309,0.023404559122125544,0.02441534916925605,0.021565617980217205,42.0,1500.0,0.028,-4.951219560883928,0.9218072276170145,4.7379853603449575,57.77086249474572,57.8037957319336,2.6445893065817296,0.016831304942102384,0.016869928700983187,0.025466666666666665,59.60408536348084,57.59592249752247,0.023624993271139077,0.022341611991471565,0.424400417101147,203.5
2026-08-11 02:24:00,408,Light,57.59592249752247,2.103434908898624,55.302604017857746,60.990134242565695,5.0,1.000451873287836,0.022341611991471565,1.1734009812179835,0.8945094657894835,0.01680784423309942,0.01472576612885022,0.17340098121798353,0.02147742648106202,0.02282213917360767,0.022412299431357193,35.0,1500.0,0.023333333333333334,-5.724758046109152,0.9095910214962952,3.9644468751197337,58.523156281250344,57.705758090048505,2.445542941293012,0.016723865336799922,0.016796696817204932,0.025066666666666664,58.3694609827477,57.85290644276049,0.021496532683002632,0.022708482200709614,0.4254431699687174,204.0
2026-08-11 02:24:30,409,Light,57.85290644276049,0.6136686426903593,57.406233875588946,58.90280414909578,4.0,1.0006841090720953,0.022708482200709614,1.1306117763779662,0.8576190383177862,0.017200241090149417,0.01484233389744362,0.1423809616822138,0.023249917119591023,0.02213988173171377,0.02275034190380775,39.0,1500.0,0.026,-5.467774100871132,0.9136494735380565,4.221430820357753,57.93942997434357,57.752283284904024,2.032598785470559,0.0167122400349988,0.0169004000299112,0.0256,57.59592249752247,57.25245245379464,0.022341611991471565,0.024068698256694155,0.4264859228362878,204.5
2026-08-11 02:25:00,410,Light,57.25245245379464,1.0412113308829254,55.54676955158117,58.44548056143787,6.0,1.001093911452891,0.024068698256694155,1.215227707851154,0.8591806522081968,0.01760179547419126,0.016452223987148323,0.21522770785115397,0.023890246468190265,0.0231179435421329,0.024026633845863492,46.0,1500.0,0.030666666666666665,-6.068228089836985,0.9041667266090796,3.6209768313919,57.56709379802587,58.134965548061224,1.9210035788061894,0.0172032935991467,0.01699472651494809,0.026933333333333337,57.85290644276049,55.92173298197811,0.022708482200709614,0.02351743754054377,0.42752867570385816,205.0
2026-08-11 02:25:30,411,Light,55.92173298197811,5.033880915160426,49.87048911774104,62.430177614171576,5.0,1.0010151445884743,0.02351743754054377,1.2202923401934223,0.8436872672343199,0.016882144314118896,0.016404072371400614,0.22029234019342225,0.023113543197814546,0.025447406581868035,0.02351156099744916,33.0,1500.0,0.022,-7.3989475616535145,0.8831511680207668,2.290257359575371,57.009030626177754,57.39849507176068,2.396669305375253,0.01722806029281986,0.01692413197866131,0.026000000000000002,57.25245245379464,58.41720306045112,0.024068698256694155,0.02127817973936436,0.42857142857142855,205.5
2026-08-11 02:26:00,412,Light,58.41720306045112,1.6822805318275909,55.86545170030964,60.0663088575295,4.0,1.000195415098121,0.02127817973936436,1.1733035257749447,0.8795539836753274,0.01613006873134664,0.013878760852587053,0.17330352577494468,0.023602370140014567,0.02243920174694692,0.021447948451819646,35.0,1500.0,0.023333333333333334,-4.903477483180502,0.922561200525921,4.785727438048383,57.1971294987413,57.40804348730137,2.094895265891985,0.01687133617321893,0.016924418768581126,0.02506666666666667,55.92173298197811,58.42635999741964,0.02351743754054377,0.02329739413003683,0.42961418143899893,206.0
2026-08-11 02:26:30,413,Light,58.42635999741964,1.6639034095249465,56.358246249439816,61.78148444751547,6.0,1.0007269239747862,0.02329739413003683,1.1535645283783373,0.8796185474069755,0.017376447034968417,0.015535639032763697,0.15356452837833734,0.0229136479869361,0.024599583313704734,0.023158690643054418,41.0,1500.0,0.027333333333333334,-4.894320546211986,0.9227058126319486,4.794884375016899,57.588432013282976,57.574130987280796,2.0069889660172495,0.016796220026811318,0.017038139328954927,0.025866666666666666,58.41720306045112,57.83113080615855,0.02127817973936436,0.022981132008238505,0.4306569343065693,206.5
2026-08-11 02:27:00,414,Light,57.83113080615855,2.5207735850980986,54.96783259324999,62.027372624179485,5.0,1.0005576071489866,0.022981132008238505,1.1755755952337639,0.8630734883358199,0.017082303456039515,0.01538305115211107,0.17557559523376387,0.02319440227480097,0.023327147600991364,0.02293145707107753,41.0,1500.0,0.027333333333333334,-5.489549737473077,0.913305578993415,4.199655183755809,58.22489795467644,57.56977585996041,2.3884099544987976,0.016862939740784857,0.017014551802132946,0.02613333333333333,58.42635999741964,57.057429346803744,0.02329739413003683,0.023928859098178653,0.4316996871741397,207.0
2026-08-11 02:27:30,415,Light,57.057429346803744,2.257305408065189,52.96607959443377,59.6690721130023,5.0,1.0004109202061615,0.023928859098178653,1.1684786576668036,0.8783061764254172,0.017219559706459404,0.016620647300030128,0.1684786576668036,0.024735093310210145,0.023663995338765356,0.023735265649889762,39.0,1500.0,0.026,-6.263251196827881,0.9010867990827715,3.4259537244010048,57.771640050127324,57.530771238562224,2.6316287699352503,0.01722610339915578,0.016938104648586576,0.0252,57.83113080615855,58.16295529873742,0.022981132008238505,0.022106972350258904,0.43274244004171014,207.5
2026-08-11 02:28:00,416,Light,58.16295529873742,1.440783429689992,56.18647450057673,60.22903595098424,4.0,1.0013258326831407,0.022106972350258904,1.163941594045207,0.8870406218522643,0.016639768685906504,0.014614860823091016,0.16394159404520692,0.023356941219284118,0.024330583717918693,0.02203708145051649,35.0,1500.0,0.023333333333333334,-5.157725244894202,0.9185459600147502,4.531479676334683,57.68383848389991,57.97901570191409,1.9130092728411636,0.016980543949468473,0.016889629522944094,0.025466666666666665,57.057429346803744,57.52968091171054,0.023928859098178653,0.02312279961046117,0.4337851929092805,208.0
2026-08-11 02:28:30,417,Light,57.52968091171054,2.2941405522922094,54.589172438558705,60.9491826713249,4.0,1.0008566124680702,0.02312279961046117,1.2147691323754515,0.8420979888816371,0.016845015215987264,0.015863262877452235,0.21476913237545148,0.022731948369110862,0.02373737013070901,0.02325574082198115,29.0,1500.0,0.019333333333333334,-5.790999631921082,0.90854489272378,3.8982052893078034,57.58335518575058,57.801511272165975,2.035381276934087,0.016901447869451056,0.01703261881987222,0.024666666666666667,58.16295529873742,58.00170505299252,0.022106972350258904,0.024705629659864843,0.4348279457768509,208.5
2026-08-11 02:29:00,418,Light,58.00170505299252,3.198597684104343,53.0695320304042,61.271242006089,5.0,1.0004516953936797,0.024705629659864843,1.2092104987893904,0.8057204480414597,0.01758221155407084,0.017361970005934316,0.20921049878939035,0.024806162766924936,0.02467215091885207,0.02485506333925534,41.0,1500.0,0.027333333333333334,-5.3189754906391045,0.915999394747913,4.370229430589781,57.898113754480164,57.71658028328055,2.342320131849966,0.01702233181865487,0.017073771723692704,0.024666666666666667,57.52968091171054,56.09767135398325,0.02312279961046117,0.023446933132209434,0.4358706986444213,209.0
2026-08-11 02:29:30,419,Light,56.09767135398325,2.702753273801304,51.68391669527035,59.42708910559734,6.0,0.9999292869329838,0.023446933132209434,1.1679474260979819,0.7976900081671209,0.01724556094917026,0.015885663385348477,0.20230999183287912,0.02284127525117014,0.021803647558873915,0.023523849652766885,40.0,1500.0,0.02666666666666667,-7.223009189648373,0.8859296974126597,2.4661957315805125,57.20968577289545,57.369888392845496,2.3787160695906073,0.017224262573076122,0.017106423222318853,0.024533333333333334,58.00170505299252,56.82566316198112,0.024705629659864843,0.0215567971606501,0.4369134515119917,209.5
2026-08-11 02:30:00,420,Light,56.82566316198112,2.3359771170617556,54.1247190758085,60.20898701031085,5.0,1.0020389607910853,0.0215567971606501,1.167474009931014,0.8873336747891079,0.016421757970111077,0.014113069478468835,0.1674740099310139,0.023588163485877382,0.02513129669365597,0.021586437359179908,31.0,1500.0,0.020666666666666667,-6.495017381650506,0.8974266017691477,3.1941875395783796,56.97501318965231,57.323535155880975,2.3944504113899208,0.017083176824450725,0.01694686287504919,0.02346666666666667,56.09767135398325,58.74980123021403,0.023446933132209434,0.024601754815480492,0.43795620437956206,210.0
2026-08-11 02:30:30,421,Light,58.74980123021403,1.8456037422200715,55.70124723959418,60.715445303332814,5.0,1.0009100648726983,0.024601754815480492,1.1444164109811168,0.7594497771143803,0.01711351316760319,0.017697520310365773,0.24055022288561967,0.02303281869557162,0.02262496297703405,0.024816697289878797,42.0,1500.0,0.028,-4.570879313417592,0.9278137999437958,5.118325607811293,57.22437858205948,57.440904342176296,2.4754144738959365,0.01692694402896151,0.017041611771388528,0.024399999999999998,56.82566316198112,67.2289802266538,0.0215567971606501,0.005088655990034402,0.43899895724713245,210.5
2026-08-11 02:31:00,422,Heavy,67.2289802266538,1.4654362072502443,64.88987385758276,69.35773289937293,5.0,1.0002187465484091,0.005088655990034402,1.0167016106533817,0.9811405956460374,0.004049296775409428,0.0030895736699442316,0.018859404353962606,0.005007406205802029,0.005076430490543664,0.005088714171703887,0.0,1500.0,0.0,3.908299683022179,1.0617223259362971,13.597504604251064,60.93481487294966,59.38076420516494,2.3096736048875437,0.012528189304374562,0.01448246808327296,0.020533333333333334,58.74980123021403,66.59264871781969,0.024601754815480492,0.0050867535991097204,0.44004171011470283,211.0
2026-08-11 02:31:30,423,Heavy,66.59264871781969,0.7823524929327896,65.54164445265494,67.63940038345233,5.0,0.9998887919313489,0.0050867535991097204,1.0145649098420173,0.9806427328440998,0.004069563696915078,0.0030538632466663765,0.01935726715590025,0.005012233614764785,0.005087270354074147,0.005086022003366247,0.0,1500.0,0.0,3.2719681741880606,1.051672978655583,12.961173095416946,64.19047672489584,61.09895293813038,1.8264245666532333,0.00841079121330923,0.011779938511841805,0.015066666666666667,67.2289802266538,67.80027371482149,0.005088655990034402,0.005097813605505995,0.4410844629822732,211.5
2026-08-11 02:32:00,424,Heavy,67.80027371482149,1.5436703429929044,65.340124411941,69.6048204752748,4.0,1.0001283317998797,0.005097813605505995,1.018134734494467,0.9757066157623038,0.004121531936279473,0.0030028564910049827,0.024293384237696225,0.005126103926787178,0.004967475849045258,0.005099782379500186,0.0,1500.0,0.0,4.479593171189862,1.0707445519020151,14.168798092418747,67.20730088643167,63.43947341029802,1.5946079804915532,0.004080130802867993,0.009155132709263648,0.009733333333333333,66.59264871781969,67.65165075605398,0.0050867535991097204,0.004929128074963585,0.4421272158498436,212.0
2026-08-11 02:32:30,425,Heavy,67.65165075605398,1.002478554678534,66.63231914223593,69.25040454060269,5.0,1.0000302104178553,0.004929128074963585,1.0147313637304445,0.9809216006200039,0.003911111379917349,0.00300007066960467,0.019078399379996114,0.0051243533875632175,0.0048872736870138045,0.004929657685921289,0.0,1500.0,0.0,4.330970212422358,1.0683974046905271,14.020175133651243,67.3481910628984,65.60467092911259,1.3279082680149086,0.0040340690043706336,0.0066530033912249025,0.0056,67.80027371482149,68.63833256868135,0.005097813605505995,0.005171122480242456,0.443169968717414,212.5
2026-08-11 02:33:00,426,Heavy,68.63833256868135,2.250910798095299,65.52419908412955,72.24526384812981,5.0,0.9998174972072911,0.005171122480242456,1.0155906033674806,0.9589835634994477,0.004057714608085743,0.003210726885666701,0.04101643650055231,0.005042441230217448,0.005177240951712368,0.005173127929893089,0.0,1500.0,0.0,5.317652025049725,1.083979704251371,15.00685694627861,68.03008567985228,67.58237719680605,1.4089696791899544,0.004030119308094188,0.004041843679321414,0.0,67.65165075605398,69.30975932249444,0.004929128074963585,0.004939971398943234,0.44421272158498437,213.0
2026-08-11 02:33:30,427,Heavy,69.30975932249444,1.0514311513925374,68.07675283348796,70.92609089054203,4.0,0.9999385701612075,0.004939971398943234,1.0167978250383767,0.9653143754000045,0.0038645670191603675,0.003077696021683951,0.03468562459999547,0.0050047363663561165,0.005105129404770469,0.004945893361394324,0.0,1500.0,0.0,5.989078778862819,1.0945832977069159,15.678283700091704,68.53324754907659,67.99853301597419,1.3261686680184128,0.003944464335721153,0.004004897728071602,0.0,68.63833256868135,65.82294510156251,0.005171122480242456,0.005089461631482109,0.44525547445255476,213.5
2026-08-11 02:34:00,428,Heavy,65.82294510156251,2.283484739173488,63.27310609448358,68.85942835391305,4.0,1.000070066909654,0.005089461631482109,1.0196828640448268,0.9814983741137269,0.004050460705623227,0.0030824174185789944,0.019682864044826776,0.0051219241801430246,0.005135797565073085,0.005092477531234279,0.0,1500.0,0.0,2.5022645579308858,1.0395173351967795,12.191469479159771,67.92367899757944,67.84459229272275,1.6263951172665525,0.003990914110956446,0.004001077129813233,0.0,69.30975932249444,67.66545428758864,0.004939971398943234,0.005122445676282853,0.44629822732012514,214.0
2026-08-11 02:34:30,429,Heavy,67.66545428758864,1.2274634144471117,65.40199575148571,69.57261440690948,6.0,1.0002080094067969,0.005122445676282853,1.0211487308353695,0.9860063967116833,0.004059161729853059,0.003131441149164578,0.0211487308353695,0.005176524926172308,0.004891739051331487,0.0051220122899628484,0.0,1500.0,0.0,4.34477374395702,1.068615398739488,14.033978665185906,67.59938623721521,67.81762840727619,1.563153731557394,0.003991396484878885,0.003988603088527949,0.0,65.82294510156251,67.51378969761393,0.005089461631482109,0.005197679526214508,0.4473409801876955,214.5
2026-08-11 02:35:00,430,Heavy,67.51378969761393,1.4122620286106853,66.18144181124225,69.67200578390687,4.0,1.000111137070695,0.005197679526214508,1.0456975483128015,0.9824539241240734,0.004080707157386153,0.0032211881350473074,0.045697548312801484,0.005202856641517579,0.005056615008591044,0.00519441891491688,0.0,1500.0,0.0,4.193109153982306,1.0662202161755512,13.882314075211191,67.00072969558838,67.79005619558818,1.6451104263438243,0.004063443197620813,0.00402252224402171,0.0,67.66545428758864,69.62058805631175,0.005122445676282853,0.00488113028815915,0.4483837330552659,215.0
2026-08-11 02:35:30,431,Heavy,69.62058805631175,2.033155740262498,65.87900726759366,71.26709192707528,5.0,1.0000665680160643,0.00488113028815915,1.0171109436561305,0.9842788036177387,0.003905961894876196,0.002928024225740375,0.01711094365613053,0.004911423485167785,0.005299063493730915,0.004880747286541353,0.0,1500.0,0.0,6.299907512680122,1.0994921005048124,15.989112433909007,68.2666106805048,67.98650729311426,1.6015594147772638,0.0040152769273718025,0.003992171701379801,0.0,67.51378969761393,68.16960423956439,0.005197679526214508,0.00493345138889853,0.4494264859228363,215.5
2026-08-11 02:36:00,432,Heavy,68.16960423956439,0.5433875535667163,67.23838849789824,68.57395763415197,4.0,0.9999553555179197,0.00493345138889853,1.0158762232746872,0.9825065017873991,0.003933484431173967,0.00297802551468537,0.017493498212600933,0.004986230497511835,0.004912197253288678,0.004933544679267356,0.0,1500.0,0.0,4.848923695932768,1.0765772517651888,14.538128617161654,68.43466066449669,67.75847627652824,1.4999506952120998,0.003973384494478773,0.004005955183782521,0.0,69.62058805631175,67.26542933971872,0.00488113028815915,0.005110546084539724,0.4504692387904067,216.0
2026-08-11 02:36:30,433,Heavy,67.26542933971872,1.652942377420182,65.54131957218843,69.8457177943394,4.0,1.0000061775460027,0.005110546084539724,1.0187137732474782,0.982856758585841,0.004051618966443974,0.0031148199297921517,0.01871377324747825,0.005037967083109862,0.0051198561705779405,0.0051086971784867095,0.0,1500.0,0.0,3.9447487960870973,1.062297953247185,13.633953717315983,68.35187387853163,68.04697312415949,1.3738422228614386,0.003963688430831379,0.00400618683594667,0.0,68.16960423956439,68.96961753171234,0.00493345138889853,0.00486628502178445,0.45151199165797706,216.5
2026-08-11 02:37:00,434,Heavy,68.96961753171234,2.212703087536144,66.11387984489014,71.97621252012364,5.0,0.9999402629491548,0.00486628502178445,1.0150118159961214,0.9848470182935638,0.0038966717122547435,0.0029155184779728377,0.015152981706436197,0.005101971269724922,0.004919697318444108,0.004865085963273654,0.0,1500.0,0.0,5.64893698808072,1.089211564682857,15.338141909309606,68.13488370366515,68.30780577298422,1.570890157479245,0.003960591703290895,0.003973688832427007,0.0,67.26542933971872,67.49322784614469,0.005110546084539724,0.004994908324341158,0.45255474452554745,217.0
2026-08-11 02:37:30,435,Heavy,67.49322784614469,1.0554288043655797,66.03284425450217,69.30200395370531,5.0,1.000050981612162,0.004994908324341158,1.018336992460402,0.9831829198780555,0.004000040096656933,0.0029918869494832234,0.01833699246040199,0.004924558190430468,0.004878979308641399,0.0049964232134233335,0.0,1500.0,0.0,4.172547302513067,1.0658954904888924,13.861752223741952,67.9094249058586,68.30369340269037,1.499523512630224,0.003982776925118551,0.003957555420281163,0.0,68.96961753171234,66.91526068515131,0.00486628502178445,0.004933148080339858,0.45359749739311783,217.5
2026-08-11 02:38:00,436,Heavy,66.91526068515131,2.1169395497018457,64.55648447040181,70.29511070233431,5.0,0.9999601321708369,0.004933148080339858,1.0216905813914097,0.9819807145656523,0.0039267927969460345,0.002986274896290654,0.02169058139140967,0.004791482476890648,0.004923601876592599,0.0049344989644939715,0.0,1500.0,0.0,3.5945801415196854,1.0567678696858416,13.28378506274857,67.7927020210028,67.7626279284583,1.5162802745180934,0.00394116820195257,0.0039617216006951304,0.0,67.49322784614469,68.52219791744892,0.004994908324341158,0.0050477301575973235,0.4546402502606882,218.0
2026-08-11 02:38:30,437,Heavy,68.52219791744892,1.2975770573882865,66.60339489524264,70.82521957085281,6.0,0.9999479811015367,0.0050477301575973235,1.0240478425810948,0.9816303155826039,0.003991159561940299,0.003090781626198681,0.024047842581094825,0.005027737089437994,0.005046685436053728,0.005047402979166442,0.0,1500.0,0.0,5.201517373817296,1.0821456328194885,14.890722295046182,67.64356214958165,67.8331466640352,1.6671181752824076,0.003972664151847755,0.003973256626848397,0.0,66.91526068515131,68.799265272989,0.004933148080339858,0.0049544716819298635,0.4556830031282586,218.5
2026-08-11 02:39:00,438,Heavy,68.799265272989,2.261491339748231,65.1651394318145,72.12129467242292,5.0,0.9999076746877951,0.0049544716819298635,1.0164530581747386,0.9817911957632799,0.00396512229223484,0.0029720563281911386,0.01820880423672011,0.00526558226351948,0.005011766871893347,0.004955247493683306,0.0,1500.0,0.0,5.4785847293573795,1.0865212547041772,15.167789650586265,68.07890795852975,68.13991385068925,1.7888279677480174,0.0039610248837070585,0.00395595729200657,0.0,68.52219791744892,68.54653794835625,0.0050477301575973235,0.004954637816542511,0.456725755995829,219.0
2026-08-11 02:39:30,439,Heavy,68.54653794835625,1.2783703013606575,66.27330409914057,70.05405156307123,5.0,0.999987515594311,0.004954637816542511,1.0151288599487358,0.9843725837882636,0.00394478006364069,0.0029978829201624106,0.015627416211736356,0.0049886824502302024,0.005034869190716167,0.004955097572821633,0.0,1500.0,0.0,5.225857404724621,1.0825300258913626,14.915062325953507,68.62266704626474,68.05529793401804,1.60196141051292,0.003967020639271943,0.003965578962283759,0.0,68.799265272989,70.86540341831879,0.0049544716819298635,0.005090319860032287,0.45776850886339937,219.5
2026-08-11 02:40:00,440,Heavy,70.86540341831879,2.039414111027953,67.77211040735975,73.50091912600881,4.0,1.0000835329659616,0.005090319860032287,1.019819486456956,0.983217694823027,0.004029966955564528,0.0031109002508758507,0.01981948645695608,0.0051622255438855125,0.00509231377187787,0.005092589479157371,0.0,1500.0,0.0,7.544722874687167,1.119151007378836,17.233927795916053,69.40373554655469,68.72973304845286,1.7987584718453948,0.003979956437146687,0.003971564334065278,0.0,68.54653794835625,67.22323697126421,0.004954637816542511,0.004875321216683514,0.45881126173096975,220.0
2026-08-11 02:40:30,441,Heavy,67.22323697126421,1.199287122639582,66.18978201726006,69.23737269279422,4.0,1.000041743265714,0.004875321216683514,1.016502422441313,0.9816184954191844,0.0038871006392282082,0.002942948875972626,0.018381504580815555,0.004944085518695625,0.0048913155345658346,0.004874790960519538,0.0,1500.0,0.0,3.9025564276325895,1.061631624836115,13.591761348861475,68.8783927793131,68.79132830567544,1.615227986432942,0.003953949219477808,0.003963625902521713,0.0,70.86540341831879,69.38012478892611,0.005090319860032287,0.0049466138807306775,0.45985401459854014,220.5
2026-08-11 02:41:00,442,Heavy,69.38012478892611,1.540643338606801,67.5903485578608,71.35889158280497,5.0,1.0002636193676062,0.0049466138807306775,1.018638374851407,0.9836927132866561,0.0039046467283518466,0.0030483139573845926,0.018638374851406958,0.004887611647130793,0.004909317898561775,0.004947000624570051,0.0,1500.0,0.0,6.059444245294486,1.0956945533950662,15.748649166523371,69.15625505950305,68.96291367997087,1.6638412426766451,0.003940571441048194,0.003946323335804023,0.0,67.22323697126421,68.37165753172665,0.004875321216683514,0.005146340822214231,0.4608967674661105,221.0
2026-08-11 02:41:30,443,Heavy,68.37165753172665,2.050170328451897,65.17542740671513,71.0881523734115,6.0,1.000102080240087,0.005146340822214231,1.016998068728999,0.9848756307566306,0.004102454544038762,0.0031088761551243266,0.016998068728999005,0.005038333022983273,0.0049865517168998195,0.005147259097027819,0.0,1500.0,0.0,5.05097698809503,1.0797682043959496,14.740181909323915,68.325006430639,68.87739213171841,1.6215770404173782,0.003964733970539606,0.003973789786164807,0.0,69.38012478892611,67.97563332081157,0.0049466138807306775,0.005093134397889446,0.4619395203336809,221.5
2026-08-11 02:42:00,444,Heavy,67.97563332081157,1.0923274858148369,66.50096089080543,69.5003364049437,4.0,0.9999940983439792,0.005093134397889446,1.017824040351038,0.9729469444066444,0.004042458024565279,0.0030981584762784916,0.02705305559335558,0.0050925233549557955,0.005000215605038205,0.0050935574221693475,0.0,1500.0,0.0,4.654952777179943,1.0735139410570993,14.344157698408829,68.57580521382145,68.76321120620946,1.5843684773082138,0.0040165197656519625,0.003993325378349725,0.0,68.37165753172665,69.13978431573173,0.005146340822214231,0.005030413281441413,0.4629822732012513,222.0
2026-08-11 02:42:30,445,Heavy,69.13978431573173,1.4394342728471659,66.59607143008861,70.68267642037486,5.0,1.0000489780684962,0.005030413281441413,1.0154005414089222,0.9835519315357181,0.004035123037898019,0.003004203505477027,0.01644806846428193,0.004982442355041556,0.00501022042697236,0.0050299961427818,0.0,1500.0,0.0,5.819103772100107,1.091898945528395,15.508308693328992,68.49569172275666,68.41808738569205,1.4643725096720566,0.00406001186883402,0.003994356594816423,0.0,67.97563332081157,67.99504296289615,0.005093134397889446,0.004969564952772638,0.4640250260688217,222.5
2026-08-11 02:43:00,446,Heavy,67.99504296289615,2.3694493869450866,64.2066821211782,71.2221925968414,6.0,0.9998207409406118,0.004969564952772638,1.016520991958264,0.9848148132068615,0.003988793802897282,0.0029695510819258636,0.016520991958264064,0.004962229697911957,0.00493614097933679,0.004969597248160835,0.0,1500.0,0.0,4.674362419264526,1.0738204703287044,14.363567340493411,68.37015353314649,68.57244858401843,1.6984049625331576,0.004022124955120193,0.004014695227550238,0.0,69.13978431573173,67.90682495673943,0.005030413281441413,0.004883372387362645,0.46506777893639206,223.0
2026-08-11 02:43:30,447,Heavy,67.90682495673943,1.6113206620023817,65.99688743353589,70.8664094516943,5.0,0.999859366900618,0.004883372387362645,1.0145761226083139,0.984813880225109,0.003907170339418463,0.002932767205399426,0.015186119774891038,0.005048938797940897,0.004950546261412675,0.00488276418497573,0.0,1500.0,0.0,4.586144413107803,1.072427276108438,14.275349334336688,68.34721741178912,68.27778861758111,1.7125404272122737,0.003977029060071254,0.004015199949763561,0.0,67.99504296289615,67.44684562348621,0.004969564952772638,0.005238114134282055,0.46611053180396245,223.5
2026-08-11 02:44:00,448,Heavy,67.44684562348621,1.5427582201567425,65.58644230967455,69.29014281337241,5.0,0.9998895388353597,0.005238114134282055,1.027485356651653,0.9799245916311586,0.004156116077280896,0.003190100391026339,0.02748535665165308,0.0051444338520066505,0.005220947941710035,0.005237348004744167,0.0,1500.0,0.0,4.126165079854587,1.065162993265864,13.815370001083473,67.78290451437394,68.09282623593302,1.6110580055532426,0.0040173600731988795,0.004025932256411987,0.0,67.90682495673943,69.74682147169118,0.004883372387362645,0.004946922143221742,0.46715328467153283,224.0
2026-08-11 02:44:30,449,Heavy,69.74682147169118,1.584777356278588,67.38222969744406,71.3864472607003,4.0,1.000197968266893,0.004946922143221742,1.016316792689268,0.9836098273199692,0.003965774367824951,0.0029637583891567116,0.016390172680030846,0.004891124497682008,0.004939577851929128,0.004948139088760953,0.0,1500.0,0.0,6.426140928059553,1.1014856579696988,16.11534584928844,68.36683068397228,68.44706386610895,1.709547979645993,0.00400968692817477,0.0040105955250639225,0.0,67.44684562348621,67.83962469850933,0.005238114134282055,0.005053482531828231,0.4681960375391032,224.5
2026-08-11 02:45:00,450,Heavy,67.83962469850933,2.9676322948278804,64.96254416392861,72.74811437379418,6.0,0.9996479144029339,0.005053482531828231,1.0163201346063633,0.9781921975120471,0.004009273323957172,0.003096349040557266,0.021807802487952888,0.004830505077963642,0.0050453865459603574,0.005053556810510678,0.0,1500.0,0.0,4.518944154877701,1.0713660073783302,14.208149076106587,68.34443059789558,68.18703194266446,2.015187584042136,0.00404372125635434,0.004005425582275753,0.0,69.74682147169118,68.4004811202586,0.004946922143221742,0.004964544443913736,0.4692387904066736,225.0
2026-08-11 02:45:30,451,Heavy,68.4004811202586,1.9687241741133772,66.31985180092684,71.49727863313042,5.0,1.000350508249327,0.004964544443913736,1.0230582680872502,0.9832509413735462,0.0039480730104607085,0.0030302272311680924,0.0230582680872502,0.005278952199025703,0.005044826671321481,0.004964869333889151,0.0,1500.0,0.0,5.07980057662698,1.080223404628867,14.769005497855865,68.66230909681971,68.26811957413695,1.935042541475794,0.003974373567414278,0.0039972814237884385,0.0,67.83962469850933,67.03313216835485,0.005053482531828231,0.005023272463192937,0.470281543274244,225.5
2026-08-11 02:46:00,452,Heavy,67.03313216835485,1.5834239938041705,65.29850264439277,68.89182886562887,5.0,1.0001364786348057,0.005023272463192937,1.018543299758622,0.9778780406636272,0.00393887808424905,0.0031204378049647778,0.022121959336372843,0.005084402659259912,0.00516882218553747,0.005024448583436136,0.0,1500.0,0.0,3.7124516247232293,1.0586293702602443,13.401656545952115,67.75774599570761,68.09338101646003,1.929463207836152,0.003965408139555644,0.004003622972754556,0.0,68.4004811202586,66.24644959287403,0.004964544443913736,0.004820597319562988,0.47132429614181437,226.0
2026-08-11 02:46:30,453,Heavy,66.24644959287403,2.6158966033264903,63.82747640398075,70.59811938901208,4.0,1.0000568224590454,0.004820597319562988,1.0148588123715407,0.9837757615248416,0.003853610843284418,0.0028967345024614494,0.016224238475158415,0.004970635162552215,0.004931952423545231,0.004819677729412939,0.0,1500.0,0.0,2.9257690492424047,1.0462055844018667,12.61497397047129,67.2266876271625,67.8533018103376,2.1440908844701014,0.003913520645998059,0.0039431219259552595,0.0,67.03313216835485,68.42227125729775,0.005023272463192937,0.005151645063681166,0.47236704900938475,226.5
2026-08-11 02:47:00,454,Heavy,68.42227125729775,1.6559411486865323,65.89324637002368,70.28809179956376,5.0,1.0000211694295662,0.005151645063681166,1.0167604288423144,0.9770689132717103,0.004117675364929167,0.003095907717609511,0.022931086728289696,0.005212889408666448,0.005101363155523744,0.005152558539358891,0.0,1500.0,0.0,5.101590713666127,1.0805675281735299,14.790795634895012,67.23395100617556,67.58839176745892,2.1583236429516903,0.003970054764154212,0.003973502125376103,0.0,66.24644959287403,68.01025048638459,0.004820597319562988,0.004981245113775826,0.47340980187695514,227.0
2026-08-11 02:47:30,455,Heavy,68.01025048638459,1.6183858276303016,65.16302366837725,70.11004356134802,5.0,1.0001179569603955,0.004981245113775826,1.015326279724565,0.9840784963709119,0.004012197966892314,0.002954485437853176,0.015921503629088063,0.005050142823779656,0.005169104210450152,0.0049801214768322,0.0,1500.0,0.0,4.689569942752968,1.0740606371013588,14.378774863981853,67.55965711218546,67.62251692503396,1.8884743495121743,0.0039944947250352995,0.003974087053963132,0.0,68.42227125729775,67.33788128733035,0.005151645063681166,0.005011534068006253,0.4744525547445255,227.5
2026-08-11 02:48:00,456,Heavy,67.33788128733035,2.2342474241479473,64.50062332248221,70.44006720968835,5.0,1.0000155803425903,0.005011534068006253,1.0197535042331591,0.9825476794153404,0.003980807037092643,0.003044485472998061,0.019753504233159136,0.004990702584554963,0.0049107969686065156,0.005011599742800751,0.0,1500.0,0.0,4.017200743698723,1.0634421599580035,13.706405664927608,67.92346767700424,67.40999695844832,1.9415789995190884,0.004036893456304708,0.003980633859289518,0.0,68.01025048638459,68.16808810817562,0.004981245113775826,0.004887666959692214,0.4754953076120959,228.0
2026-08-11 02:48:30,457,Heavy,68.16808810817562,2.097828975721992,64.53401436410788,70.3347522571517,5.0,1.000092428305975,0.004887666959692214,1.0178259580601172,0.9810716425583634,0.00394154568927817,0.0028917207472273347,0.018928357441636567,0.004928728657437839,0.005022882761388793,0.004887173390494546,0.0,1500.0,0.0,4.847407564544,1.0765533080650302,14.536612485772885,67.8387399606302,67.63698814641246,2.0444599959026526,0.003978183564421043,0.003981167380295343,0.0,67.33788128733035,68.17460145504512,0.005011534068006253,0.0050075257621416125,0.4765380604796663,228.5
2026-08-11 02:49:00,458,Heavy,68.17460145504512,2.5872734968007247,65.25184699811847,72.35044392974135,4.0,1.000008721177131,0.0050075257621416125,1.0149386925099444,0.9824476772293494,0.004021560779652592,0.0029836955630564133,0.017552322770650552,0.005013376104006699,0.005014972010620046,0.005007583544281519,0.0,1500.0,0.0,4.853920911413496,1.0766561709340579,14.543125832642382,67.89352361685037,68.02261851884668,2.0387353745974996,0.003981304502007802,0.004014757367568978,0.0,68.16808810817562,68.50512141768819,0.004887666959692214,0.004893612973713089,0.47758081334723673,229.0
2026-08-11 02:49:30,459,Heavy,68.50512141768819,1.1824075867450694,66.99394494256198,70.69635505343813,6.0,1.0002867445975934,0.004893612973713089,1.0248489417790938,0.9862548422380109,0.0038964561383673423,0.002974441117675968,0.024848941779093803,0.005103843594167387,0.005056965755430337,0.004893912280628378,0.0,1500.0,0.0,5.184440874056563,1.081875949998424,14.873645795285448,68.282603660303,68.03918855092476,1.9440286622092071,0.003953187535766035,0.003970513522256612,0.0,68.17460145504512,57.293723816412495,0.0050075257621416125,0.022825619497363385,0.4786235662148071,229.5
2026-08-11 02:50:00,460,Light,57.293723816412495,2.6495120803253247,54.14420333667457,61.4703944732326,4.0,1.000859560618059,0.022825619497363385,1.1208884443801852,0.8459326599172455,0.01721420087836136,0.015013961436408327,0.15406734008275447,0.023085632881006426,0.024209555563643372,0.022866012397716417,38.0,1500.0,0.025333333333333333,-6.02695672721913,0.904818509916895,3.6622481940097558,64.65781556304862,65.89588321693036,2.1502539127482114,0.008377405932127097,0.006610914104550421,0.005066666666666666,68.50512141768819,57.006139190410906,0.004893612973713089,0.021348334060488028,0.4796663190823775,230.0
2026-08-11 02:50:30,461,Light,57.006139190410906,3.7550770619075715,52.494592139080055,62.28563850547798,4.0,1.000332706098365,0.021348334060488028,1.1055326191695976,0.893782952869141,0.016313304765314767,0.01377454711197581,0.106217047130859,0.02198983783462696,0.022732500042140932,0.021408141231059285,35.0,1500.0,0.023333333333333334,-6.314541353220719,0.9002767926843485,3.3746635680081667,60.934994808170536,63.829534797546465,2.4544198403001363,0.01247465392734782,0.009077413650194845,0.009733333333333333,57.293723816412495,59.34019212155426,0.022825619497363385,0.02312060908429766,0.4807090719499479,230.5
2026-08-11 02:51:00,462,Light,59.34019212155426,2.7614815436613913,55.98850316468693,63.92704213755985,6.0,1.000754921685741,0.02312060908429766,1.1364403565953378,0.8513286156887611,0.017305090589485223,0.0153514269978468,0.14867138431123894,0.022386603507023806,0.024782760379349678,0.023179458626031636,46.0,1500.0,0.030666666666666665,-3.9804884220773644,0.9371376241078998,5.708716499151521,57.880018376125896,62.0639556002222,2.587150353888016,0.01694419874438712,0.011750122630236257,0.015866666666666668,57.006139190410906,56.69009861047259,0.021348334060488028,0.023773282447581045,0.48175182481751827,231.0
2026-08-11 02:51:30,463,Light,56.69009861047259,1.8992202967435674,53.41127331702212,57.936041354490996,4.0,1.0000286013544082,0.023773282447581045,1.1327770284852277,0.8400292448095013,0.01767075679358931,0.01590327421356232,0.15997075519049875,0.023368528526652173,0.023289112823125454,0.023930354271089426,40.0,1500.0,0.02666666666666667,-6.630581933159036,0.8952856811355624,3.0586229880698497,57.67880997414593,59.76705503130769,2.449539713876585,0.017096384049463103,0.014479961833023603,0.0212,59.34019212155426,58.14266024461685,0.02312060908429766,0.024681280417932744,0.48279457768508866,231.5
2026-08-11 02:52:00,464,Light,58.14266024461685,4.044209124997238,52.127428822542356,62.1725484894494,4.0,1.001196836025574,0.024681280417932744,1.1913727365427906,0.8248253246921267,0.01810338227406414,0.01681860784309576,0.19137273654279063,0.023945885071002336,0.024155321909205357,0.024605736824101356,46.0,1500.0,0.030666666666666665,-5.178020299014776,0.9182254477595702,4.51118462221411,58.05765032554791,57.69456279669341,3.0219000215270184,0.017693076552379557,0.01732134706016296,0.02733333333333333,56.69009861047259,56.68638269470906,0.023773282447581045,0.022651261052141602,0.48383733055265904,232.0
2026-08-11 02:52:30,465,Light,56.68638269470906,3.4854588856973896,52.476713249165016,62.19144098667636,6.0,1.000041236930254,0.022651261052141602,1.1387354853191667,0.8747270415301561,0.01702270512268292,0.014943521607802782,0.13873548531916668,0.02403433627329908,0.024419182882994758,0.022604959493468576,43.0,1500.0,0.028666666666666667,-6.634297848922564,0.895226997057444,3.054907072306321,57.17304718326617,57.57309457235274,3.1890893826014315,0.017598948063445457,0.017283047909027273,0.028000000000000004,58.14266024461685,59.35486941855397,0.024681280417932744,0.023398305375901807,0.4848800834202294,232.5
2026-08-11 02:53:00,466,Light,59.35486941855397,3.5027031361267724,55.63526165988436,64.43176693965569,6.0,1.0003099914890605,0.023398305375901807,1.1778883967305924,0.8008593052240717,0.016970890698615623,0.016111041495908543,0.19914069477592833,0.0217754237351046,0.023386649039265642,0.0233743403232027,39.0,1500.0,0.026,-3.965811125077657,0.9373694172104644,5.723393796151228,58.061304119293304,58.04284061798135,3.1386145974452715,0.017365659365120894,0.017414565095687444,0.028533333333333334,56.68638269470906,58.932538908524236,0.022651261052141602,0.02202384163460782,0.4859228362877998,233.0
2026-08-11 02:53:30,467,Light,58.932538908524236,1.5374507747560548,57.51429476377818,61.440120500029366,4.0,1.0007436310624591,0.02202384163460782,1.1720563963061323,0.8408023352950414,0.016124540453551627,0.015020046027396726,0.17205639630613234,0.02378729160012476,0.02415645663052188,0.022143930144168614,30.0,1500.0,0.02,-4.388141635107388,0.9306997082559196,5.301063286121497,58.32459700726243,57.96130997537534,2.893808443664205,0.016706045424950057,0.01717845506850072,0.0264,59.35486941855397,59.445432275675046,0.023398305375901807,0.02294067384141993,0.4869655891553702,233.5
2026-08-11 02:54:00,468,Light,59.445432275675046,2.498618982943104,55.93080688656267,62.84707860363324,4.0,1.0008068536986638,0.02294067384141993,1.1486531959563637,0.8427700238432647,0.01703397285695829,0.015387309638070728,0.15722997615673528,0.02353567689693776,0.023726586326167164,0.023050136486101196,43.0,1500.0,0.028666666666666667,-3.8752482679565787,0.9387996427914841,5.813956653272307,59.24428020091776,58.51237670841583,3.013688180904112,0.016709801336375178,0.017051098281174522,0.0268,58.932538908524236,60.013729523516396,0.02202384163460782,0.023500921642450167,0.4880083420229406,234.0
2026-08-11 02:54:30,469,Light,60.013729523516396,0.8389909585310837,58.81957198284146,61.200622593967374,5.0,0.9992349930324145,0.023500921642450167,1.1410105345918504,0.8416806094875198,0.016996303045519332,0.016248207177713712,0.15831939051248023,0.021327289090541785,0.021846343578487415,0.023551982624025452,51.0,1500.0,0.034,-3.3069510201152283,0.9477745502460836,6.382253901113657,59.463900235905236,58.88659056419574,2.372644547610881,0.01671827211867642,0.016829682435465558,0.027466666666666667,59.445432275675046,55.74376534385157,0.02294067384141993,0.021649415920534175,0.48905109489051096,234.5
2026-08-11 02:55:00,470,Light,55.74376534385157,3.7737301247292083,51.22015564407163,60.85495571483678,4.0,1.0002458409135042,0.021649415920534175,1.1591798040888244,0.8987993400895737,0.01632836327031224,0.014217672114933206,0.15917980408882437,0.02207804804233155,0.022712406403597632,0.021583950537944152,35.0,1500.0,0.023333333333333334,-7.5769151997800535,0.8803405911823844,2.112289721448832,58.40097571434768,58.698067094024246,2.4302987954172446,0.01678621305759662,0.01669081406499142,0.0264,60.013729523516396,57.01520759473059,0.023500921642450167,0.02376821866323028,0.49009384775808135,235.0
2026-08-11 02:55:30,471,Light,57.01520759473059,3.7798235564501095,49.89578015618756,61.264592727046725,6.0,1.0012059417366022,0.02376821866323028,1.1613906137369703,0.8110169448009058,0.01723579777415937,0.016410660833235505,0.1889830551990942,0.02353101774128729,0.02369590539532195,0.0237298927314236,43.0,1500.0,0.028666666666666667,-6.305472948901034,0.9004200066271209,3.383731972327851,57.59090082069954,58.23013472925957,2.4857228794819117,0.01685348802999698,0.01674379548010017,0.026933333333333337,55.74376534385157,56.13066999974073,0.021649415920534175,0.023755030130610776,0.49113660062565173,235.5
2026-08-11 02:56:00,472,Light,56.13066999974073,2.170214879870849,53.555983500060954,59.0156230626569,5.0,1.0008189275955781,0.023755030130610776,1.1757619737833402,0.8043558370551066,0.01726424530183263,0.016337623238132738,0.1956441629448934,0.02318095493626567,0.02198748601701339,0.02367852662822389,34.0,1500.0,0.02266666666666667,-7.190010543890892,0.8864508327743483,2.499194377337993,56.29654764610765,57.669760947502866,2.612275700504871,0.01694280211543475,0.016971736449756372,0.027466666666666667,57.01520759473059,57.329280565130986,0.02376821866323028,0.022402827685322223,0.4921793534932221,236.0
2026-08-11 02:56:30,473,Light,57.329280565130986,2.6517407014525656,52.92448551451483,59.75210946062554,4.0,1.000686882516405,0.022402827685322223,1.2114591498540974,0.8764948465550484,0.016463892131305734,0.015208509189868408,0.21145914985409742,0.02378555115127465,0.02392812851044446,0.02233836296981415,32.0,1500.0,0.021333333333333333,-5.991399978500638,0.9053800444489504,3.697804942728247,56.82505271986744,57.24653060539406,2.642900044206763,0.016987978402432578,0.016857720304625862,0.026000000000000002,56.13066999974073,57.544961790850174,0.023755030130610776,0.02192198832159792,0.4932221063607925,236.5
2026-08-11 02:57:00,474,Light,57.544961790850174,2.833903305043811,53.06483542750155,60.170207295075876,5.0,0.999902856948904,0.02192198832159792,1.1294713735723902,0.8982110693984492,0.016769060912532868,0.014120255127171535,0.12947137357239025,0.023137936666292044,0.02364646359562287,0.02190833637301315,30.0,1500.0,0.02,-5.775718752781451,0.9087862179750004,3.9134861684474345,57.00163745190731,56.75277705886081,3.0418825135093086,0.016832399448557075,0.01681227187802857,0.0232,57.329280565130986,57.251261071876634,0.022402827685322223,0.022912728459535764,0.4942648592283629,237.0
2026-08-11 02:57:30,475,Light,57.251261071876634,3.693012652784054,53.815996797787015,63.24759733603784,4.0,1.0010196984785558,0.022912728459535764,1.1820901220940745,0.8867513841618384,0.017160834476071724,0.01521639479418358,0.1820901220940745,0.02211336095722184,0.022795307980828444,0.022892097356521087,37.0,1500.0,0.024666666666666667,-6.0694194717549905,0.9041479115567495,3.619785449473895,57.37516780928595,57.05427620446583,3.025739019120278,0.01679792917330344,0.016978766119180467,0.023466666666666667,57.544961790850174,57.60055769743675,0.02192198832159792,0.02297275565326813,0.49530761209593327,237.5
2026-08-11 02:58:00,476,Light,57.60055769743675,3.2926030566353526,51.77071360801664,61.674246669904655,5.0,1.000110406895202,0.02297275565326813,1.1584637372628526,0.8786313006260867,0.017064112150393947,0.015381019748574825,0.15846373726285257,0.023705392403304708,0.024650253813525192,0.023006663515302072,47.0,1500.0,0.03133333333333333,-5.720122846194876,0.9096642234877217,3.9690820750340094,57.46559352005453,57.17134622500705,2.9282949191573264,0.016998002512999513,0.016944428994427378,0.024,57.251261071876634,60.76944848933696,0.022912728459535764,0.024179394668813945,0.49635036496350365,238.0
2026-08-11 02:58:30,477,Light,60.76944848933696,3.250702645415136,55.20982814544186,65.86819384269538,6.0,1.0001046660875768,0.024179394668813945,1.1873912367193917,0.907563576181268,0.017624478519736936,0.016553907044788197,0.18739123671939173,0.024541463363409125,0.023242769553703024,0.024111657817909263,46.0,1500.0,0.030666666666666665,-2.5512320542946654,0.959709339312348,7.13797286693422,58.54042241955012,58.099101922926295,3.144392472266184,0.01728314171540087,0.017016475638008243,0.0256,57.60055769743675,55.478401413805884,0.02297275565326813,0.024380174802516384,0.49739311783107404,238.5
2026-08-11 02:59:00,478,Light,55.478401413805884,1.882366697675576,52.78414984306267,57.9514578734623,5.0,1.0013241227530887,0.024380174802516384,1.2327007084836796,0.822385710709795,0.017777736170372198,0.016736138178299744,0.23270070848367963,0.023484238541043288,0.02316332724285706,0.024254116360338494,40.0,1500.0,0.02666666666666667,-7.842279129825741,0.876149797151628,1.8469257914031445,57.9494692001932,57.728926092661276,2.990517671510786,0.017488775613501026,0.017279244445821535,0.026666666666666665,60.76944848933696,57.32888296541855,0.024179394668813945,0.02387926761023307,0.4984358706986444,239.0
2026-08-11 02:59:30,479,Light,57.32888296541855,2.529790366629836,54.01851486494441,60.39816847138839,6.0,1.0013177047450197,0.02387926761023307,1.185885085135846,0.7899064059756898,0.017637270619150765,0.01615185600799533,0.21009359402431016,0.02428485954385115,0.023786524159207564,0.023862081164029148,46.0,1500.0,0.030666666666666665,-5.991797578213074,0.9053737653043009,3.6974073430158114,57.85891095618714,57.68571032757495,2.9296950838279914,0.017679828436419968,0.017452886387145115,0.0288,55.478401413805884,59.77869446859138,0.024380174802516384,0.021493716840367667,0.4994786235662148,239.5
2026-08-11 03:00:00,480,Light,59.77869446859138,1.4819450665483092,58.17598055436972,61.668427734332894,5.0,1.0002561350661994,0.021493716840367667,1.1284217719040748,0.880008591855887,0.016620370982125328,0.013631167859085584,0.12842177190407478,0.022903728300351353,0.022784970293107158,0.02153757121270009,29.0,1500.0,0.019333333333333334,-3.541986075040242,0.944062728880502,6.147218846188643,57.528659615938615,58.1911970069179,2.4874815665808416,0.01734512592388276,0.017344793688355835,0.027733333333333332,57.32888296541855,57.70772859113574,0.02387926761023307,0.022589071702397066,0.5005213764337852,240.0
2026-08-11 03:00:30,481,Light,57.70772859113574,3.059543066123297,54.56560448005505,63.35242000490811,5.0,1.000429365730862,0.022589071702397066,1.149231509542387,0.8428978647817003,0.01690955403173746,0.014983907960029182,0.15710213521829974,0.023524494379826576,0.022719988022063865,0.022707573202521262,34.0,1500.0,0.02266666666666667,-5.612951952495884,0.9113567336246768,4.076252968733002,58.27176867504857,58.2126311856577,2.4408695684784307,0.017055731877671183,0.017313882064624538,0.026000000000000002,59.77869446859138,59.02410123376696,0.021493716840367667,0.025438819305185222,0.5015641293013556,240.5
2026-08-11 03:01:00,482,Light,59.02410123376696,3.2244138851092865,55.42991560883449,64.4014341930514,5.0,1.0011159862587207,0.025438819305185222,1.216456099825998,0.8335526143873006,0.01824480858496185,0.017762486106106316,0.2164560998259979,0.024480804257076758,0.023732999664723062,0.025299562972922168,57.0,1500.0,0.038,-4.296579309864661,0.9321457180659316,5.392625611364224,58.83684143116471,57.8635617345437,2.435611816417261,0.017258244532941548,0.017437948077669522,0.027466666666666667,57.70772859113574,71.78056260354049,0.022589071702397066,0.19623854983198127,0.502606882168926,241.0
2026-08-11 03:01:30,483,Wake,71.78056260354049,4.413352715191268,65.81617003251225,79.11515645814102,6.0,1.032089811273296,0.19623854983198127,2.061028655586555,0.21782447062336216,0.12892549592056582,0.15138540527194463,1.0610286555865551,0.19835102118824105,0.19631420611382147,0.20204878370981916,990.0,1500.0,0.66,8.459882059908864,1.1336037766378635,18.14908698113775,62.83746414281441,61.123993972490624,2.9418090199203992,0.054693286179088384,0.03966750002770825,0.15413333333333334,59.02410123376696,77.236178040219,0.025438819305185222,0.1934289663105754,0.5036496350364964,241.5
2026-08-11 03:02:00,484,Wake,77.236178040219,5.158215221618047,68.63903058633821,82.3689099128538,4.0,1.0436207127575148,0.1934289663105754,1.9282126302501106,0.1545046055973907,0.1287442858564605,0.15080596953954217,0.9282126302501106,0.19949203362287182,0.20801218481109884,0.19023887649390064,995.0,1500.0,0.6633333333333333,13.915497496587378,1.2197622858301214,23.604702417816263,69.34694729250883,65.10545298745072,3.4674939909180416,0.09197153012066273,0.061888903075170185,0.2806666666666667,71.78056260354049,71.91839245868547,0.19623854983198127,0.19918926650292687,0.5046923879040668,242.0
2026-08-11 03:02:30,485,Wake,71.91839245868547,3.057390201187282,68.56674158326815,76.98276061872495,5.0,1.0377772664970222,0.19918926650292687,2.013742208997217,0.2577433952888595,0.13318793870756854,0.15285437100976224,1.013742208997217,0.19789958892215728,0.19205669271914344,0.20472284146610997,1031.0,1500.0,0.6873333333333334,8.59771191505385,1.1357804723707845,18.286916836282735,73.64504436748166,67.53339258546954,3.782583017845836,0.13028590682819827,0.08520241662025882,0.41426666666666667,77.236178040219,75.10403710864976,0.1934289663105754,0.1999610582999007,0.5057351407716372,242.5
2026-08-11 03:03:00,486,Wake,75.10403710864976,3.2841914453707233,70.35893073622479,78.98522123985455,6.0,1.043338843779445,0.1999610582999007,2.1439934437223567,0.20632769955855876,0.1312731531731308,0.1569396045379851,1.1439934437223567,0.19782389203143333,0.2055749369454662,0.20342874371246844,1000.0,1500.0,0.6666666666666666,11.783356565018138,1.186090175655941,21.472561486247024,74.75286920251808,71.01265428897234,3.827512693695321,0.13106845924571994,0.1080751364485375,0.5430666666666666,71.91839245868547,75.29956749153536,0.19918926650292687,0.18026700489116967,0.5067778936392076,243.0
2026-08-11 03:03:30,487,Wake,75.29956749153536,2.441131678230873,73.09839436280079,79.89439534575396,5.0,1.0275724634769408,0.18026700489116967,2.1163656725473623,0.23576704637668017,0.12292543699227841,0.13470623866353634,1.1163656725473623,0.2043632191106833,0.19176554683801247,0.1907439511766599,1029.0,1500.0,0.686,11.978886947903732,1.1891781144021278,21.668091869132617,74.10733235295687,74.26774754052602,3.6708562523196386,0.12912884295765925,0.1290112621300008,0.6726666666666666,75.10403710864976,72.88745481366601,0.1999610582999007,0.19382184064580663,0.5078206465067779,243.5
2026-08-11 03:04:00,488,Wake,72.88745481366601,4.124372171851018,68.04844437185747,78.34799123282522,6.0,1.038788246075205,0.19382184064580663,2.1663009658031545,0.262661294976945,0.1291728284075781,0.1496188970220857,1.1663009658031545,0.1872856826520948,0.20421040162680365,0.19798320359347027,1004.0,1500.0,0.6693333333333333,9.566774270034387,1.151084514378242,19.255979191263272,74.43035313795038,74.48912598255113,3.613060143651589,0.12779047285766243,0.12906072862740325,0.6745333333333333,75.29956749153536,76.71974546682475,0.18026700489116967,0.18829688172652262,0.5088633993743483,244.0
2026-08-11 03:04:30,489,Wake,76.71974546682475,4.964837270364391,70.26306267376641,84.08909861271081,5.0,1.0380678927568787,0.18829688172652262,2.0343805550049376,0.3066396880999878,0.1275493145457026,0.14365254082612908,1.0343805550049376,0.20469161825148327,0.1995084315002458,0.19499295171208084,992.0,1500.0,0.6613333333333333,13.399064923193123,1.2116064579242858,23.08826984442201,74.96892259067538,74.38583946787227,3.574384553400857,0.12654919331518635,0.12882173436525168,0.6741333333333334,72.88745481366601,70.58785465232329,0.19382184064580663,0.20553555864182632,0.5099061522419187,244.5
2026-08-11 03:05:00,490,Wake,70.58785465232329,2.806371019885328,65.67069544997747,73.67156658280383,6.0,1.043621242322241,0.20553555864182632,2.257732164297351,0.29980148153991343,0.13783350011540088,0.15858626956291358,1.2577321642973511,0.20929154169292913,0.19649157543786125,0.2175790893610968,1028.0,1500.0,0.6853333333333333,7.267174108691663,1.1147677827575488,16.956379029920548,73.39835164427136,74.11973190659982,3.5241807171404664,0.13151854768956053,0.12975084664681816,0.6737333333333333,76.71974546682475,72.65822466768316,0.18829688172652262,0.20495481917382713,0.5109489051094891,245.0
2026-08-11 03:05:30,491,Wake,72.65822466768316,3.934277968658306,68.65530238979407,77.44318078023716,4.0,1.0514066449835235,0.20495481917382713,2.33172009611309,0.158859222380894,0.14059083033960054,0.15774453865493995,1.3317200961130902,0.20781173106984002,0.20334069139347302,0.20955292956359903,1064.0,1500.0,0.7093333333333334,9.337544124051533,1.1474643677845096,19.026749045280418,73.3219415956104,73.63056941840651,3.6541980217979835,0.135324548333568,0.1316143820801121,0.6822666666666667,70.58785465232329,77.69930601378013,0.20553555864182632,0.18298393597147902,0.5119916579770595,245.5
2026-08-11 03:06:00,492,Wake,77.69930601378013,2.7649948847451538,73.85723697739124,81.48123469126054,6.0,1.044793057461396,0.18298393597147902,2.079824859669755,0.4058858208281191,0.12421171323656549,0.14163682118429324,1.0798248596697548,0.1972250338991074,0.19043437849780132,0.18734274218364133,1014.0,1500.0,0.676,14.378625470148506,1.2270762939801445,24.06783039137739,73.64846177792886,74.11051712285547,3.7189706631008392,0.13421201456385565,0.1318716373289695,0.6802666666666667,72.65822466768316,74.63652239801397,0.20495481917382713,0.19187089581672132,0.5130344108446299,246.0
2026-08-11 03:06:30,493,Wake,74.63652239801397,3.821752462732719,69.42436223868513,81.66820431376266,6.0,1.0445167525107726,0.19187089581672132,2.0086100624793626,0.2879929879665975,0.12741815647260357,0.15020251434892695,1.0086100624793626,0.19634278305797037,0.21582477327331628,0.1892856387300378,1011.0,1500.0,0.674,11.315841854382342,1.1787068893958754,21.005046775611227,74.9980176931591,74.46033063972507,3.658446721277179,0.13074023334958987,0.13152070294197463,0.6812,77.69930601378013,71.04330503129086,0.18298393597147902,0.2010992756849074,0.5140771637122002,246.5
2026-08-11 03:07:00,494,Wake,71.04330503129086,2.864406570449385,66.73210228260197,74.74779860889774,4.0,1.0396167729421564,0.2010992756849074,2.192180102425729,0.206558822796265,0.13413450987066933,0.15497851670828466,1.1921801024257288,0.2060585559442937,0.21036237041060837,0.2041194372323486,1025.0,1500.0,0.6833333333333333,7.722624487659232,1.1219605415064655,17.411829408888117,74.45971114769499,73.32504255261829,3.2383605812941783,0.1285881265266128,0.13283774200696796,0.6856000000000001,74.63652239801397,76.10253122278577,0.19187089581672132,0.1948296667978334,0.5151199165797706,247.0
2026-08-11 03:07:30,495,Wake,76.10253122278577,2.7938169482593915,72.38000574410027,80.13790117950242,5.0,1.0489024621045686,0.1948296667978334,2.07205511173806,0.3557778436902355,0.13205386696807425,0.15136652893959648,1.07205511173806,0.2032142693817599,0.21102653191667028,0.19558750201377223,1027.0,1500.0,0.6846666666666666,12.781850679154147,1.2018590225091896,22.471055600383032,73.9274528840302,74.42797786671079,3.235849766968991,0.13120217777044904,0.13168181537750262,0.6854666666666667,71.04330503129086,60.17752161742244,0.2010992756849074,0.023343544825835703,0.516162669447341,247.5
2026-08-11 03:08:00,496,Light,60.17752161742244,1.641831989050811,58.08524918696128,62.23930649995778,4.0,1.0014893275692658,0.023343544825835703,1.1786532425049945,0.862562330182605,0.017006739012399383,0.016059576887592932,0.17865324250499448,0.02482168053341305,0.022710708731184765,0.023233236856413854,39.0,1500.0,0.026,-3.143158926209182,0.9503612579772676,6.546045995019703,69.10778595716636,71.93183725665864,2.777360571047492,0.09439837195038098,0.1069649971120624,0.5488000000000001,76.10253122278577,57.773017507990915,0.1948296667978334,0.023994026368144898,0.5172054223149114,248.0
2026-08-11 03:08:30,497,Light,57.773017507990915,1.7760225995615069,54.5311211126676,60.481859751476236,6.0,1.0007300709008475,0.023994026368144898,1.2250921167897677,0.8477530196052536,0.017775469639206738,0.016133164103211018,0.2250921167897677,0.025528255611237283,0.024316051073296006,0.02407942151429259,41.0,1500.0,0.027333333333333334,-5.54766303564071,0.9123878172500365,4.141541885588175,64.68435678273305,67.94657955550079,2.5795661140107624,0.05561202520656012,0.08567774839259065,0.4190666666666667,60.17752161742244,68.7089738946395,0.023343544825835703,0.004978605813025833,0.5182481751824818,248.5
2026-08-11 03:09:00,498,Heavy,68.7089738946395,1.4162757622458797,66.08746563248656,70.38283681859188,6.0,0.9998794782337047,0.004978605813025833,1.0157240737751627,0.980369687448712,0.0039679516959806056,0.003009385431613939,0.019630312551288,0.004965310670869145,0.005022702392360809,0.00497859937284261,0.0,1500.0,0.0,5.388293351007874,1.0850953164866102,15.07749827223676,62.21983767335096,66.76106985482589,2.098470773913395,0.012916720115862243,0.06098770743726607,0.28426666666666667,57.773017507990915,68.34968779548552,0.023994026368144898,0.0048244737188586065,0.5192909280500522,249.0
2026-08-11 03:09:30,499,Heavy,68.34968779548552,0.6096839855131364,67.46712092306805,69.11922013823703,5.0,0.9999269955777605,0.0048244737188586065,1.0169668403161285,0.9756493263548854,0.003864301678492408,0.0028892990235046055,0.024350673645114562,0.005151030152271398,0.005057271974463858,0.0048243593413235105,0.0,1500.0,0.0,5.029007251853898,1.0794212445077658,14.718212173082783,64.94389306603865,66.22234640766483,1.6475262569261453,0.008535907671226584,0.03493366579883068,0.1476,68.7089738946395,68.44522636158665,0.004978605813025833,0.005110350108346516,0.5203336809176226,249.5
2026-08-11 03:10:00,500,Heavy,68.44522636158665,2.5771615441121587,65.05744315006535,71.85646845093126,5.0,1.0001419163469485,0.005110350108346516,1.0159978069286542,0.9860640307154347,0.0040912478300947075,0.003065535788757618,0.015997806928654157,0.004902710787828291,0.004897546308877026,0.005110547265813036,0.0,1500.0,0.0,5.124545817955024,1.0809300496134737,14.81375073918391,68.50129601723724,64.690885435425,1.6041951760966984,0.003974500401522574,0.009341141971234769,0.010666666666666666,68.34968779548552,67.67124307400246,0.0048244737188586065,0.005019050082889079,0.5213764337851929,250.0
2026-08-11 03:10:30,501,Heavy,67.67124307400246,2.0654635696949524,64.86538856210001,70.94479548526095,5.0,0.9999488094822813,0.005019050082889079,1.0151458671567504,0.967042032523544,0.003918861453787939,0.003136241239073976,0.03295796747645596,0.005110990060650311,0.004914713818338704,0.005019743766014989,0.0,1500.0,0.0,4.350562530370837,1.0687068188942324,14.039767451599722,68.15538574369155,66.189629726741,1.6889214922255271,0.003958136987458351,0.0067235664595124795,0.0054666666666666665,68.44522636158665,67.64966334348938,0.005110350108346516,0.005165615950834787,0.5224191866527633,250.5
2026-08-11 03:11:00,502,Heavy,67.64966334348938,1.335758090595977,65.9000698698402,69.26808687185634,5.0,0.9999768209524194,0.005165615950834787,1.024510206570388,0.9822213719914646,0.004077999909978681,0.0031708109615647853,0.024510206570387938,0.005095974611105432,0.004827625512528318,0.005164698033718373,0.0,1500.0,0.0,4.328982799857755,1.068366018221722,14.01818772108664,67.92204425969284,68.1649588938407,1.6008685904324207,0.004029369731287109,0.0039840725136668685,0.0,67.67124307400246,67.86744606932976,0.005019050082889079,0.004903807075957306,0.5234619395203337,251.0
2026-08-11 03:11:30,503,Heavy,67.86744606932976,1.5637603149730044,65.39927129145006,70.08349807701828,5.0,1.0002275139780237,0.004903807075957306,1.0172197818464963,0.9832124617400987,0.003928218692505757,0.0029441780435723575,0.017219781846496307,0.005130081106206157,0.005085956372315272,0.00490498660274536,0.0,1500.0,0.0,4.5467655256981345,1.0718053799590033,14.23597044692702,67.72945082894054,67.99665332877876,1.6303655009778457,0.003975026685424126,0.003976125912971899,0.0,67.64966334348938,69.07505935665141,0.005165615950834787,0.005367629694976879,0.5245046923879041,251.5
2026-08-11 03:12:00,504,Heavy,69.07505935665141,0.958950143648231,67.77365107365115,70.79254276038121,6.0,1.0001304747927522,0.005367629694976879,1.0404110877098893,0.9834303771425377,0.004202523209172011,0.0033417466825466954,0.040411087709889326,0.00517747146726137,0.005018518777868086,0.005368251811804311,0.0,1500.0,0.0,5.754378813019784,1.090876768278804,15.44358373424867,68.19738958982352,68.14172764101193,1.7002187326048646,0.004069580603885483,0.004043770219107819,0.0,67.86744606932976,67.9294441772185,0.004903807075957306,0.0051020291035616915,0.5255474452554745,252.0
2026-08-11 03:12:30,505,Heavy,67.9294441772185,1.0133657587907565,66.90701010832055,69.89122529696992,6.0,1.0001048471760114,0.0051020291035616915,1.0145983131372658,0.9832717800302684,0.004114002002049859,0.0030193842801203405,0.016728219969731617,0.00497164987686149,0.004848072383803181,0.005101066599685339,0.0,1500.0,0.0,4.608763633586875,1.07278449306007,14.29796855481576,68.29064986773324,68.03857120413831,1.3874595755405843,0.004081581301242542,0.004048321053498849,0.0,69.07505935665141,68.33017700128381,0.005367629694976879,0.005066886044456559,0.5265901981230449,252.5
2026-08-11 03:13:00,506,Heavy,68.33017700128381,1.3950870542265796,65.80757639001384,70.23163432506664,6.0,0.9999377716778803,0.005066886044456559,1.0184223796726926,0.9783974068159831,0.004038504001433238,0.0030606685514753436,0.021602593184016916,0.005015275602263672,0.004911537615297315,0.005068295592760405,0.0,1500.0,0.0,5.00949645765219,1.0791131177783277,14.698701378881076,68.44489351171792,68.17035798959458,1.2533842724469095,0.0041183430708850366,0.004072249563027909,0.0,67.9294441772185,69.06101561577886,0.0051020291035616915,0.005100613817276232,0.5276329509906152,253.0
2026-08-11 03:13:30,507,Heavy,69.06101561577886,0.414074165849712,68.52902894695883,69.69102902475707,4.0,1.0000731697874796,0.005100613817276232,1.0175742190158121,0.9822834144085212,0.0040485444803070765,0.003103369575439595,0.017716585591478817,0.005270050136907221,0.004997712622262718,0.005102921858550764,0.0,1500.0,0.0,5.740335072147232,1.0906549806929478,15.429539993376117,68.4402122647604,68.45262844405246,1.0690474874976565,0.0040670168279300575,0.004066358477093588,0.0,68.33017700128381,67.89137717481125,0.005066886044456559,0.004994449550131491,0.5286757038581856,253.5
2026-08-11 03:14:00,508,Heavy,67.89137717481125,1.905275649430408,65.17489351763183,71.08700868018371,6.0,1.0001149870508235,0.004994449550131491,1.0170136744178484,0.9830854790389982,0.003975581425115626,0.0030253100110470164,0.0170136744178484,0.004962773925590076,0.004952646924106136,0.0049927979995339124,0.0,1500.0,0.0,4.570696631179629,1.072183315023441,14.259901552408515,68.427523263958,68.45741466514878,1.1373505543891373,0.004020876635618647,0.004075831023615562,0.0,69.06101561577886,68.6744155415256,0.005100613817276232,0.005078908314143015,0.529718456725756,254.0
2026-08-11 03:14:30,509,Heavy,68.6744155415256,0.7660014597446779,67.61287600834288,69.92554387453993,5.0,1.0001214488129317,0.005078908314143015,1.0149816698181438,0.9780754164698421,0.004049757166727197,0.003067495129283051,0.021924583530157915,0.004741490534778058,0.005060713591109127,0.005080192529423362,0.0,1500.0,0.0,5.35373499789398,1.0845495492456836,15.042939919122865,68.54226944403858,68.3772859021236,1.0987608176084267,0.0040246276907166334,0.0040452778151266,0.0,67.89137717481125,68.75493524441357,0.004994449550131491,0.005058166748181039,0.5307612095933264,254.5
2026-08-11 03:15:00,510,Heavy,68.75493524441357,2.483890242277453,63.398596304595934,70.84969919291215,6.0,0.9998732528563958,0.005058166748181039,1.0217943049743365,0.9816452252681447,0.004028151393474647,0.0030618804748168095,0.021794304974336542,0.0048181716885576705,0.004959145573256336,0.005056803512854306,0.0,1500.0,0.0,5.434254700781949,1.0858211670204245,15.123459622010834,68.4402426535835,68.54238411556261,1.3928657143057663,0.004017829995105824,0.004028107693411557,0.0,68.6744155415256,67.37751986253873,0.005078908314143015,0.00522946543090447,0.5318039624608968,255.0
2026-08-11 03:15:30,511,Heavy,67.37751986253873,3.000228624506092,62.58017197812676,71.60575356110971,6.0,0.9997921225856911,0.00522946543090447,1.0169415251956222,0.9821305678192119,0.004184910956051277,0.0031427761616644933,0.01786943218078807,0.005174271214326817,0.005005275187734839,0.0052291336085809595,0.0,1500.0,0.0,4.056839318907109,1.0640681572604342,13.746044240135994,68.26895688282599,68.3518526878136,1.7138940283616688,0.004087606505417707,0.0040573890843351645,0.0,68.75493524441357,67.92392122672283,0.005058166748181039,0.00506937465752918,0.5328467153284672,255.5
2026-08-11 03:16:00,512,Heavy,67.92392122672283,1.8626758346248435,65.77500162127475,70.75274390305103,4.0,1.0002409244535768,0.00506937465752918,1.0209123437014735,0.9784036175178698,0.0040248775365175765,0.003091434105195617,0.02159638248213025,0.005029613312288002,0.005057781329665398,0.00506959854680417,0.0,1500.0,0.0,4.603240683091201,1.0726972711532894,14.292445604320086,68.01879211122507,68.1244338100024,2.003614362116695,0.004079313295347833,0.004052655695577265,0.0,67.37751986253873,67.66818909638631,0.00522946543090447,0.00509280913010459,0.5338894681960376,256.0
2026-08-11 03:16:30,513,Heavy,67.66818909638631,1.3312707867825737,65.96833164319011,69.37250047421722,6.0,1.0000135576233256,0.00509280913010459,1.0172778629778323,0.9853231626285262,0.00413339851647557,0.002975215176894684,0.017277862977832292,0.005042692999647409,0.005217690684144872,0.005091718718012535,0.0,1500.0,0.0,4.3475085527546895,1.0686585885595308,14.036713473983575,67.65654339521596,68.07979619431741,1.8888133895871282,0.004114395669681474,0.004084219113849254,0.0,67.92392122672283,65.93362895672992,0.00506937465752918,0.005119235643183953,0.5349322210636079,256.5
2026-08-11 03:17:00,514,Heavy,65.93362895672992,0.9224345343365641,65.03079725324031,67.42304503283553,4.0,1.0000592481531965,0.005119235643183953,1.0154667864856723,0.9835082091982439,0.004078941433498791,0.0030939167241845773,0.016491790801756112,0.00501158216716086,0.004929027375288086,0.005118368297303439,0.0,1500.0,0.0,2.6129484130982945,1.0412653242300172,12.30215333432718,67.17524642661304,67.53163887735828,1.9201000045055054,0.004079072495497313,0.004090055967203572,0.0,67.66818909638631,66.35632953605655,0.00509280913010459,0.005001252218948551,0.5359749739311783,257.0
2026-08-11 03:17:30,515,Heavy,66.35632953605655,0.7705965686041092,65.38196611056965,67.52257321340694,6.0,1.0000439545612398,0.005001252218948551,1.0178739807785475,0.9830502764433074,0.004013114115342854,0.002984856924247381,0.017873980778547516,0.004996952061330517,0.004999266585004352,0.005002302849139916,0.0,1500.0,0.0,3.0356489924249246,1.0479408775515795,12.72485391365381,66.65271586305761,67.05191773568687,1.5774412697708367,0.004075151355105738,0.004087048511577214,0.0,65.93362895672992,67.32709827914354,0.005119235643183953,0.004990521168808897,0.5370177267987487,257.5
2026-08-11 03:18:00,516,Heavy,67.32709827914354,1.1825862080565357,66.24054297361651,69.58164031695348,5.0,1.0001591054776706,0.004990521168808897,1.0210077697404847,0.9847218023756006,0.003967390115184814,0.003031572490191901,0.021007769740484683,0.004965645409296517,0.004939414602358862,0.004989867604182803,0.0,1500.0,0.0,4.006417735511917,1.063271867912905,13.695622656740802,66.53901892397668,67.04183341900783,1.2139127864809254,0.004019815221342153,0.004043544343403921,0.0,66.35632953605655,69.27766197001372,0.005001252218948551,0.005070966250148831,0.5380604796663191,258.0
2026-08-11 03:18:30,517,Heavy,69.27766197001372,1.974929499173012,66.4975534948588,72.07879547063118,5.0,0.9999717040252293,0.005070966250148831,1.019619582747479,0.9829351702424713,0.003972236990031234,0.003152274205611613,0.019619582747478992,0.0049841137983147816,0.00512301486923095,0.005071496438893948,0.0,1500.0,0.0,5.9569814263821,1.0940763961353415,15.646186347610985,67.65369659507128,67.312581567666,1.2363635193905589,0.003984247073519635,0.004033016234106653,0.0,67.32709827914354,68.89787712275829,0.004990521168808897,0.005032729184117409,0.5391032325338895,258.5
2026-08-11 03:19:00,518,Heavy,68.89787712275829,1.8749124462562954,65.90905058714537,72.19535607660883,6.0,0.9996891313415199,0.005032729184117409,1.0201265173705758,0.9797138899733344,0.004021239237081376,0.0030421435471800987,0.020286110026665582,0.005134922855318814,0.004992708858887223,0.005033078367173084,0.0,1500.0,0.0,5.577196579126664,1.0880785950378984,15.266401500355549,68.50087912397186,67.55851917294041,1.3450918512853032,0.003986955447432474,0.004010584378227813,0.0,69.27766197001372,68.23923877215708,0.005070966250148831,0.005098474685081975,0.5401459854014599,259.0
2026-08-11 03:19:30,519,Heavy,68.23923877215708,2.266190817290227,64.99311970793354,70.6699651718722,4.0,0.9998997685284466,0.005098474685081975,1.018672279647653,0.9826936178647139,0.004043408533618885,0.003107303958831428,0.018672279647653056,0.0050849557775540545,0.005252338977218651,0.005098459033559571,0.0,1500.0,0.0,4.918558228525455,1.0776769640865795,14.60776314975434,68.80492595497638,68.01964113602584,1.6138431078760358,0.004012294920243831,0.004003477798251833,0.0,68.89787712275829,67.35214510452595,0.005032729184117409,0.005038000149889237,0.5411887382690302,259.5
2026-08-11 03:20:00,520,Heavy,67.35214510452595,0.9765903519161068,66.01789287840313,68.48661622242369,4.0,0.9999259964715596,0.005038000149889237,1.0154781493141907,0.9802033293001865,0.004014074284123534,0.003045345575471486,0.0197966706998135,0.005055035699860792,0.005069966561234495,0.005037767884837413,0.0,1500.0,0.0,4.031464560894321,1.0636674231275263,13.720669482123206,68.16308699981379,68.21880424971972,1.6550418645384355,0.004026240684941265,0.004003669832007969,0.0,68.23923877215708,68.63016211778158,0.005098474685081975,0.005023454584026351,0.5422314911366006,260.0
2026-08-11 03:20:30,521,Heavy,68.63016211778158,1.9015927350374962,66.24604996385752,71.85793732983004,5.0,0.9999059231412224,0.005023454584026351,1.0246583953216077,0.9837132130399577,0.0039808224465688324,0.003065452505263547,0.02465839532160774,0.004947049530847344,0.005138540281387722,0.005023270175800801,0.0,1500.0,0.0,5.309481574149956,1.0838506713535938,14.998686495378841,68.07384866482154,68.47941701744733,1.7988431699346275,0.004012768421437084,0.004006356298284772,0.0,67.35214510452595,68.18358087368092,0.005038000149889237,0.005028400628931337,0.543274244004171,260.5
2026-08-11 03:21:00,522,Heavy,68.18358087368092,0.7834941799907896,67.3529775329277,69.45259086340455,4.0,0.9999409345725693,0.005028400628931337,1.0174528505477223,0.9844373148758732,0.0040645225484067385,0.002961073802398017,0.017452850547722276,0.005086109655841418,0.005001499688084262,0.005029546657521459,0.0,1500.0,0.0,4.8629003300493,1.0767979795589606,14.552105251278185,68.05529603199615,68.26060079818077,1.5605561060981832,0.004019806426366368,0.004024813409959874,0.0,68.63016211778158,68.36986733011429,0.005023454584026351,0.004912715538960301,0.5443169968717414,261.0
2026-08-11 03:21:30,523,Heavy,68.36986733011429,1.1733492799907086,66.61955433673029,69.85171013909056,6.0,1.0001611803242625,0.004912715538960301,1.0157788106630234,0.9849998538467803,0.003930564223518772,0.0029515111296530136,0.015778810663023446,0.0052138321461118525,0.005098327787698334,0.004913581783249957,0.0,1500.0,0.0,5.0491867864826645,1.0797399324064985,14.73839170771155,68.39453677385895,68.15499883965197,1.420243472845066,0.003991969739498114,0.004006678407247352,0.0,68.18358087368092,67.41589035343918,0.005028400628931337,0.005143210098634076,0.5453597497393118,261.5
2026-08-11 03:22:00,524,Heavy,67.41589035343918,1.854514971484826,65.06554218984357,70.30419690059452,6.0,1.000082610747481,0.005143210098634076,1.0429162151501752,0.9815118825603653,0.0040513775607170085,0.003169506982924885,0.042916215150175185,0.00484173386690529,0.005060689752186754,0.0051426487136918275,0.0,1500.0,0.0,4.095209809807557,1.0646741281781664,13.784414731036442,67.98977951907814,67.99032915590838,1.3379083036839856,0.00401548811088084,0.004008272212666977,0.0,68.36986733011429,68.17277860777857,0.004912715538960301,0.0050096214843505914,0.5464025026068822,262.0
2026-08-11 03:22:30,525,Heavy,68.17277860777857,1.008136975821704,67.16289982302506,69.45484500877245,4.0,1.0000884263946603,0.0050096214843505914,1.018540687059721,0.9787833013321653,0.003989627000370929,0.0030310069352693526,0.02121669866783471,0.004996880861182206,0.005012542185147151,0.005008970984046203,0.0,1500.0,0.0,4.852098064146944,1.07662738338391,14.541302985375829,67.98617876377735,68.15445585655891,1.3442176284651048,0.003990522928202236,0.004003382755916456,0.0,67.41589035343918,67.27099593867567,0.005143210098634076,0.005098232407702965,0.5474452554744526,262.5
2026-08-11 03:23:00,526,Heavy,67.27099593867567,0.7737232772995736,66.50633968087706,68.42422174613738,4.0,0.9999507215038341,0.005098232407702965,1.0478786580173676,0.9830909597635004,0.003970408906940732,0.0031984770070805323,0.04787865801736757,0.0050465223429894705,0.0051175387893594125,0.005096580770352281,0.0,1500.0,0.0,3.9503153950440435,1.06238586447791,13.639520316272929,67.61988829996449,67.88262262073773,1.1186437369175204,0.00400380448934289,0.004001300047990836,0.0,68.17277860777857,67.5324502075739,0.0050096214843505914,0.005027505322313247,0.5484880083420229,263.0
2026-08-11 03:23:30,527,Heavy,67.5324502075739,1.25665086069102,65.63873270117766,69.56322627101123,5.0,1.0001650269070383,0.005027505322313247,1.015447679648497,0.9834780234190518,0.0040138665991163724,0.0030318177007255345,0.016521976580948228,0.005224854124774564,0.005084626138154217,0.005027864482751805,0.0,1500.0,0.0,4.2117696639422775,1.066514914681628,13.900974585171163,67.65874158467606,67.75239648751632,1.2132750730575663,0.003991300835476011,0.0039911688581327626,0.0,67.27099593867567,67.78471603090277,0.005098232407702965,0.004972533244179334,0.5495307612095933,263.5
2026-08-11 03:24:00,528,Heavy,67.78471603090277,1.6632892505545256,66.19269674258291,70.7805280831594,5.0,1.0002065447750361,0.004972533244179334,1.0158228255718866,0.982121203443133,0.003956296718468953,0.003019348254838311,0.01787879655686697,0.0050093247265505046,0.004920574021157279,0.004972436212934662,0.0,1500.0,0.0,4.464035487271147,1.0704988551756827,14.153240408500032,67.52938739238412,67.63536622767401,1.3112630671703296,0.003980190741508686,0.003996315357122799,0.0,67.5324502075739,56.25182346025014,0.005027505322313247,0.024201967425283882,0.5505735140771637,264.0
2026-08-11 03:24:30,529,Light,56.25182346025014,2.2109687658297643,53.8950088356175,59.88302323120529,4.0,1.0004968587109506,0.024201967425283882,1.2018378270064285,0.8417720201762583,0.01720338815963657,0.017030135984836582,0.2018378270064285,0.024188272272862906,0.023441635590029118,0.024115967692714967,46.0,1500.0,0.030666666666666665,-7.068857083381488,0.8883641643979073,2.6203478378473974,63.85632989957562,65.4025528490362,1.3825538260393175,0.008391183825740632,0.006626717476906711,0.006133333333333333,67.78471603090277,57.103153793572744,0.004972533244179334,0.023439762770018576,0.5516162669447341,264.5
2026-08-11 03:25:00,530,Light,57.103153793572744,3.418015456236132,52.644905505447056,63.69809074712492,6.0,1.0004307597845357,0.023439762770018576,1.1475247912521498,0.7973056327960512,0.017383231099365775,0.01572994943579809,0.20269436720394884,0.02351149832721032,0.02376152922505613,0.023501479995929594,41.0,1500.0,0.027333333333333334,-6.21752675005888,0.9018089082953769,3.471678171170005,60.37989776157523,63.18862788619505,1.864529522122203,0.012847638659157098,0.009305438296705682,0.0116,56.25182346025014,58.78311712395961,0.024201967425283882,0.024369185128801613,0.5526590198123045,265.0
2026-08-11 03:25:30,531,Light,58.78311712395961,1.067424659088531,57.00324060017821,59.70790713126456,4.0,1.0003821632115653,0.024369185128801613,1.1636783620724864,0.8233293307281448,0.0173322107973564,0.01713469291928169,0.17667066927185515,0.023368449777497448,0.02273534430131821,0.02428354476307819,39.0,1500.0,0.026,-4.537563419672011,0.9283399454851821,5.151641501556874,57.379364792594174,61.49105212325183,1.9232697984799945,0.017306276685452916,0.011977798674788815,0.0168,57.103153793572744,58.429868125013044,0.023439762770018576,0.02226311842199194,0.5537017726798749,265.5
2026-08-11 03:26:00,532,Light,58.429868125013044,1.5954260015151167,56.86941103704387,61.447274630883584,5.0,1.0006804336099446,0.02226311842199194,1.1136946964144676,0.8487125896133136,0.016837681182213435,0.014580875288380826,0.15128741038668636,0.02329086163246641,0.022644673130816948,0.022226956374450397,36.0,1500.0,0.024,-4.89081241861858,0.9227612151886376,4.798392502610305,58.10537968084848,59.670535706739656,1.9910248266448138,0.017184374359645205,0.014542561591408227,0.0216,58.78311712395961,62.24201999674902,0.024369185128801613,0.023874147652375485,0.5547445255474452,266.0
2026-08-11 03:26:30,533,Light,62.24201999674902,2.3815633199702044,57.79577838153189,64.299279182957,5.0,0.9994628251066959,0.023874147652375485,1.187952859712237,0.8650432102470977,0.017621788071191163,0.01611632923985629,0.18795285971223707,0.024563521465137843,0.023434688151188817,0.02397869114114884,51.0,1500.0,0.034,-1.0786605468826025,0.9829651144362016,8.610544374346283,59.818335081907236,58.561996499908915,2.13467964052795,0.017263893350253665,0.017275659861952668,0.0284,58.429868125013044,56.745928731034795,0.02226311842199194,0.021203240424273483,0.5557872784150156,266.5
2026-08-11 03:27:00,534,Light,56.745928731034795,1.3894291724672632,55.66002621395607,59.24494658338632,5.0,1.001559178381056,0.021203240424273483,1.1432503413783315,0.9169575385166188,0.01624231079572545,0.013718446768076839,0.14325034137833148,0.023082964587223944,0.022693026384095528,0.02113795893472167,32.0,1500.0,0.021333333333333333,-6.57475181259683,0.8961673855026487,3.1144531086320555,59.13927228426562,58.66081755406585,1.970371721855449,0.016900593349710016,0.017083444389170446,0.026533333333333336,62.24201999674902,57.99438663168428,0.023874147652375485,0.024074000167466834,0.556830031282586,267.0
2026-08-11 03:27:30,535,Light,57.99438663168428,2.905406373648575,53.71433588699152,63.27320037411802,6.0,1.0002490987491899,0.024074000167466834,1.253538670392058,0.8757048868613976,0.017695305392254154,0.016324696056126194,0.2535386703920579,0.02264506290411258,0.025115207596640658,0.024061754976496496,45.0,1500.0,0.03,-5.326293911947346,0.9158838176371585,4.3629110092815395,58.99411178648938,58.839064121688146,1.867849905337938,0.017186468086390256,0.01714585924774812,0.027066666666666666,56.745928731034795,61.17361108794925,0.021203240424273483,0.022365443341641044,0.5578727841501564,267.5
2026-08-11 03:28:00,536,Light,61.17361108794925,2.658247915502072,55.70729601399536,64.40675289196565,6.0,1.001345992906901,0.022365443341641044,1.1371392901904374,0.8874106074072862,0.01711534637823697,0.014459933302977368,0.13713929019043736,0.02296299719094025,0.023130594129992348,0.022295049902440276,40.0,1500.0,0.02666666666666667,-2.1470694556823773,0.9660921291867209,7.542135465546508,58.63797548355612,59.317162914486076,2.186014556620646,0.01701765418873886,0.017102486363924235,0.027200000000000002,57.99438663168428,58.20949509043171,0.024074000167466834,0.024112537624123947,0.5589155370177268,268.0
2026-08-11 03:28:30,537,Light,58.20949509043171,1.7505362246180995,56.29752983570841,61.26669057617755,6.0,0.9991495647458111,0.024112537624123947,1.1681869149141069,0.8222773754437349,0.017572579473617216,0.016533062675734556,0.17772262455626509,0.02411360095503495,0.023384890160931978,0.024248007888696205,51.0,1500.0,0.034,-5.111185453199916,0.9192809456670635,4.57801946802897,59.12583093668842,59.27308830756981,2.217036601241243,0.017461077081369448,0.01724946602220499,0.029200000000000004,61.17361108794925,57.34870778212877,0.022365443341641044,0.022073898632051787,0.5599582898852972,268.5
2026-08-11 03:29:00,538,Light,57.34870778212877,2.7374766585665333,54.0968522775183,61.40963671831856,4.0,1.0004393100104532,0.022073898632051787,1.1553992805049322,0.8932664332900738,0.01686744081845495,0.014245681252200675,0.15539928050493224,0.02268645802507145,0.022722683697519844,0.022137520854124636,38.0,1500.0,0.025333333333333333,-5.971972761502855,0.905686851274635,3.7172321597260307,58.91060465350325,58.29442586464576,2.2882192689605083,0.017185122223436378,0.01709859657165775,0.027466666666666667,58.20949509043171,57.767813376100776,0.024112537624123947,0.023282157784484492,0.5610010427528676,269.0
2026-08-11 03:29:30,539,Light,57.767813376100776,4.07744099581176,53.454824201084584,63.82530658680534,6.0,1.0009353830901335,0.023282157784484492,1.1155552501715171,0.8108709064171938,0.01734980781126099,0.015553712789531847,0.18912909358280616,0.021815361289726335,0.024657200115498417,0.023271486553026417,41.0,1500.0,0.027333333333333334,-5.552867167530849,0.9123056303271314,4.136337753698037,57.77533874955376,58.49880279365895,2.825821633629408,0.017263276034444386,0.017320095974764856,0.028666666666666667,57.34870778212877,57.79276971549282,0.022073898632051787,0.022552737758474748,0.5620437956204379,269.5
2026-08-11 03:30:00,540,Light,57.79276971549282,1.0454315178429423,56.51916837027231,59.543047791228865,5.0,0.9997903005239912,0.022552737758474748,1.1231117183548858,0.8270756814938371,0.017120939208111273,0.014681396217830552,0.17292431850616286,0.02230564532636521,0.02374348274763613,0.02266501506568391,36.0,1500.0,0.024,-5.527910828138808,0.9126997565300999,4.161294093090078,57.6364302912408,58.45847941042066,2.4538266624682814,0.017112729279275738,0.01720522273793628,0.027466666666666667,57.767813376100776,58.42039749251568,0.023282157784484492,0.023489605713111737,0.5630865484880083,270.0
2026-08-11 03:30:30,541,Light,58.42039749251568,3.145682250626409,54.05048692644496,62.8479381714321,4.0,1.0012624684008606,0.023489605713111737,1.176094017433071,0.894382122568317,0.01726984756438421,0.015972093417068282,0.17609401743307096,0.022237880008343324,0.023887966668509942,0.023459077283530184,36.0,1500.0,0.024,-4.900283051115942,0.9226116490055826,4.788921870112944,57.993660194703104,57.907836691333955,2.551313529493149,0.017246864861252157,0.017236122975165726,0.02693333333333333,57.79276971549282,57.27933045624554,0.022552737758474748,0.021917386746263846,0.5641293013555787,270.5
2026-08-11 03:31:00,542,Light,57.27933045624554,2.8537867963957875,52.521140414329054,61.44073202881766,6.0,1.0014964477174673,0.021917386746263846,1.1421766903841404,0.9088435396082377,0.016926881182601494,0.014003281436381495,0.14217669038414038,0.022906208284834813,0.02275306973313688,0.021898911283926306,38.0,1500.0,0.025333333333333333,-6.0413500873860855,0.9045912009233185,3.6478548338428,57.83083255475136,57.72180376449671,2.7719636438486863,0.017105889318365663,0.01710698331696258,0.0252,58.42039749251568,59.15527710472949,0.023489605713111737,0.024273083773964206,0.5651720542231491,271.0
2026-08-11 03:31:30,543,Light,59.15527710472949,3.026617460318003,54.88838508272507,64.63892804240383,6.0,1.0014789290990194,0.024273083773964206,1.1699350386595933,0.8619723196338044,0.018059191810411688,0.016286049807506118,0.16993503865959325,0.023488441680926408,0.02528556502041983,0.024119402315497085,45.0,1500.0,0.03,-4.165403438902132,0.9342173298969533,5.523801482326753,58.28500168449691,58.08311762901686,2.8297918041989805,0.01741864018579913,0.017345333515353934,0.02613333333333333,57.27933045624554,57.52979887858493,0.021917386746263846,0.022089239617188783,0.5662148070907195,271.5
2026-08-11 03:32:00,544,Light,57.52979887858493,1.4701311045060186,55.86570822480347,59.4405366788732,4.0,1.000443814231143,0.022089239617188783,1.0961220960760911,0.8293856620349002,0.01671779761110481,0.014444608716454919,0.17061433796509984,0.023209631189868893,0.023185131276733502,0.0222260043519863,29.0,1500.0,0.019333333333333334,-5.790881665046697,0.908546755730832,3.898323256182188,57.98813547985333,58.03551472951369,2.308329825937832,0.017234623534705996,0.017218931475322694,0.024533333333333334,59.15527710472949,55.136392274194655,0.024273083773964206,0.0219616766850965,0.5672575599582899,272.0
2026-08-11 03:32:30,545,Light,55.136392274194655,2.3551833678601364,51.98098718828396,58.55065743532346,5.0,1.0005892404992247,0.0219616766850965,1.1375769873644659,0.8599938940006233,0.016437693775052074,0.014576167896407203,0.14000610599937668,0.022395685885375022,0.024544730439231034,0.02214025350431043,34.0,1500.0,0.02266666666666667,-8.18428826943697,0.8707485737807648,1.5049166517919161,57.27382275250304,57.50423924125406,2.570280195941271,0.017071561065522853,0.017082282388710856,0.02426666666666667,57.52979887858493,56.35387844753187,0.022089239617188783,0.02386442552195073,0.5683003128258602,272.5
2026-08-11 03:33:00,546,Light,56.35387844753187,2.3342167456865757,52.748396573699935,59.214420385742315,4.0,1.0012493208054047,0.02386442552195073,1.1573940327793688,0.8677369629567062,0.017623445289385895,0.016139571992452986,0.1573940327793688,0.025165509577954596,0.024034194361416333,0.02373266814453633,37.0,1500.0,0.024666666666666667,-6.966802096099755,0.8899758809240967,2.72240282512913,56.340023200103836,57.09093543225729,2.4079870949533047,0.016926312225180925,0.017153001933711193,0.024399999999999998,55.136392274194655,58.99673152219077,0.0219616766850965,0.02363134153126578,0.5693430656934306,273.0
2026-08-11 03:33:30,547,Light,58.99673152219077,1.5959911686492267,56.1301086350015,60.63605790246298,5.0,0.999785671404684,0.02363134153126578,1.1333468224267869,0.792715916566437,0.017055308123333453,0.01635856668942157,0.20728408343356297,0.023189597210986183,0.022879930122840543,0.02385934909997189,35.0,1500.0,0.023333333333333334,-4.323949021440853,0.9317134783720241,5.365255899788032,56.82900074797245,57.43441564544635,2.156427969403992,0.017038815729257143,0.017178687321857584,0.024,56.35387844753187,56.43043747445146,0.02386442552195073,0.021763266517779874,0.570385818561001,273.5
2026-08-11 03:34:00,548,Light,56.43043747445146,3.252957047344146,51.48546707929212,60.631894809626,6.0,1.0003226551686475,0.021763266517779874,1.1290692819635169,0.8743399849390344,0.01640165768365564,0.014308371714138315,0.12906928196351686,0.02363122716293064,0.021749508267421086,0.021681839722972503,37.0,1500.0,0.024666666666666667,-6.8902430691801655,0.8911849492136714,2.79896185204872,57.26034914805805,56.88944771939074,2.2016958868092207,0.017026803698791663,0.016847180496506374,0.022933333333333333,58.99673152219077,58.096752930745694,0.02363134153126578,0.02352272781494851,0.5714285714285714,274.0
2026-08-11 03:34:30,549,Light,58.096752930745694,2.4014063050535035,56.15331169813092,62.51706858011932,5.0,1.0012832924331385,0.02352272781494851,1.1662163355889137,0.8842611382246086,0.017523265780618642,0.01574486328003207,0.1662163355889137,0.022887315025677184,0.02461055098064185,0.023402428085480306,45.0,1500.0,0.03,-5.22392761288593,0.9175004505947099,4.465277308342955,57.84130730912932,57.00283852982288,2.3879509269187174,0.016993410529202578,0.01700827413040914,0.025066666666666664,56.43043747445146,57.89751560317853,0.021763266517779874,0.022781640995405555,0.5724713242961418,274.5
2026-08-11 03:35:00,550,Light,57.89751560317853,1.7285704414597696,56.13127363575982,60.30900833234999,6.0,0.9999860701777042,0.022781640995405555,1.194297425251968,0.852975886444407,0.016774216560048717,0.015415220377279056,0.19429742525196803,0.02153642068725736,0.023716143021188626,0.022724199288131144,37.0,1500.0,0.024666666666666667,-5.423164940453091,0.9143539694473717,4.266039980775794,57.47490200279191,57.55506319561967,2.2626283416386443,0.016899713341441,0.017075578687408468,0.025466666666666665,58.096752930745694,58.06403527384077,0.02352272781494851,0.025426645572509527,0.5735140771637122,275.0
2026-08-11 03:35:30,551,Light,58.06403527384077,1.1390401276535085,56.58559960729268,59.773822079934305,4.0,1.0009707612652685,0.025426645572509527,1.2486460914923858,0.8647393164296586,0.01742790921766828,0.018539812911808933,0.2486460914923858,0.02286522901076227,0.023162897196077104,0.025207657051532183,39.0,1500.0,0.026,-5.256645269790852,0.9169837527856525,4.432559651438034,58.01943460258835,57.89709456088144,2.0235930180320305,0.01724179718611188,0.017036471473064946,0.025733333333333337,57.89751560317853,58.66992360507974,0.022781640995405555,0.022896064840928123,0.5745568300312826,275.5
2026-08-11 03:36:00,552,Light,58.66992360507974,0.610467870554386,57.796222820721795,59.67977019406066,6.0,1.001600714445253,0.022896064840928123,1.1741698190699215,0.8926830519830036,0.017071281687416714,0.015341558378603444,0.17416981906992146,0.022749870932528254,0.02236312188283147,0.0228445803999342,37.0,1500.0,0.024666666666666667,-4.650756938551886,0.9265523222646471,5.038447982676999,58.21049149403302,57.83173297745924,1.826488358413063,0.017091135821711238,0.0170396661858816,0.026000000000000002,58.06403527384077,59.58718384493324,0.025426645572509527,0.02516532849852522,0.5755995828988529,276.0
2026-08-11 03:36:30,553,Light,59.58718384493324,3.446950929257728,55.63894971393274,66.01057172970896,6.0,1.0007732781283485,0.02516532849852522,1.2224523568302168,0.8178041311067721,0.017609230939801743,0.017994629843683833,0.2224523568302168,0.024021896034918413,0.02327297036855266,0.02506304037084214,37.0,1500.0,0.024666666666666667,-3.7334966986983815,0.9410382726994574,5.955708222530504,58.77371424128459,58.463082251555605,1.8652871347957791,0.01736947394829558,0.017281180837110822,0.026000000000000002,58.66992360507974,55.77414729459676,0.022896064840928123,0.023383934945128547,0.5766423357664233,276.5
2026-08-11 03:37:00,554,Light,55.77414729459676,1.814566434787031,53.595914634406036,58.59091479391269,4.0,1.000213342098653,0.023383934945128547,1.1550175820748345,0.8733497965386507,0.017441308733989604,0.01557737712244008,0.15501758207483451,0.02311121328235223,0.02410233409192954,0.02333617105970965,45.0,1500.0,0.03,-7.546533249034866,0.8808204020511929,2.1426716721940195,58.01041824820325,57.9985611243258,1.7479191607424844,0.017373940453736022,0.01726478942778501,0.026000000000000002,59.58718384493324,55.86345461114735,0.02516532849852522,0.024646373274288997,0.5776850886339937,277.0
2026-08-11 03:37:30,555,Light,55.86345461114735,2.234692916039013,51.38769341297961,57.77298003203832,6.0,0.9999450255396356,0.024646373274288997,1.1504687241170486,0.8195372659631259,0.01812574955797452,0.016700417381864018,0.18046273403687407,0.02573833200327775,0.024793874420114437,0.024758742670431624,55.0,1500.0,0.03666666666666667,-7.457225932484278,0.8822307993461028,2.2319789887446078,57.07492858355912,57.59174892591957,1.8491436556583332,0.017725429743921956,0.017535096027370172,0.0284,55.77414729459676,58.15273649017605,0.023383934945128547,0.02400630419128709,0.5787278415015641,277.5
2026-08-11 03:38:00,556,Light,58.15273649017605,3.0439176980541602,54.08802486999507,63.256322320760844,5.0,1.000890232050677,0.02400630419128709,1.2106028222806668,0.8565999591593766,0.01728369430992488,0.01668439585450222,0.21060282228066685,0.022689887169172158,0.023551629169243506,0.023914409825427037,36.0,1500.0,0.024,-5.167944053455571,0.9183845781648768,4.521260867773314,56.59677946530673,57.609489169186624,2.2301191697384635,0.017616917533963,0.017506253045821492,0.028000000000000004,55.86345461114735,57.47067291040193,0.024646373274288997,0.0227796104694958,0.5797705943691345,278.0
2026-08-11 03:38:30,557,Light,57.47067291040193,2.1990454482588415,54.45879739937604,60.50484266091645,4.0,0.9995237122840872,0.0227796104694958,1.191278787662292,0.8846900476063712,0.017017191447391868,0.015150996613196946,0.1912787876622919,0.022105320373241193,0.021181372563629116,0.022909041853887775,32.0,1500.0,0.021333333333333333,-5.850007633229694,0.907613001265855,3.839197287999191,57.16228800390846,57.369639030251065,2.5478346852793545,0.01747554510509709,0.01749543499781652,0.02733333333333333,58.15273649017605,56.53631420386594,0.02400630419128709,0.023762380761097646,0.5808133472367049,278.5
2026-08-11 03:39:00,558,Light,56.53631420386594,0.8798262338785986,55.619333192096825,57.63860366199407,4.0,0.9999563931674881,0.023762380761097646,1.169423686155589,0.7517797252055018,0.017112143836639074,0.01648718212143606,0.24822027479449815,0.02231020498351673,0.02290240435826939,0.02375729781585919,39.0,1500.0,0.026,-6.784366339765683,0.8928570210945402,2.9048385814632027,57.386574534814656,56.75946510203761,2.034409746203529,0.017137676531318608,0.01739601757718399,0.027600000000000003,57.47067291040193,72.490563112563,0.0227796104694958,0.18787963656044906,0.5818561001042752,279.0
2026-08-11 03:39:30,559,Wake,72.490563112563,3.621384567400847,66.88020270424019,76.89098519983314,4.0,1.0440025510332689,0.18787963656044906,2.3138052709718235,0.36525267020711166,0.1268534458407209,0.14540696547915838,1.3138052709718235,0.19598709977366327,0.20466700462938428,0.18699450624081249,1005.0,1500.0,0.67,9.16988256893137,1.14481655108891,18.859087490160256,62.1658500756103,60.102748265630865,2.395773372726292,0.05366092704158395,0.03927844499853025,0.15560000000000002,56.53631420386594,75.75843175028041,0.023762380761097646,0.19164109738390456,0.5828988529718456,279.5
2026-08-11 03:40:00,560,Wake,75.75843175028041,2.283232791852437,73.15850814809289,79.94616692982801,6.0,1.0407537531499098,0.19164109738390456,2.1501553859662597,0.3085685655315841,0.1290650164173457,0.14740895542503943,1.1501553859662597,0.21137593447936115,0.1946608054032207,0.19174394465521127,1018.0,1500.0,0.6786666666666666,12.437751206648784,1.1964247872869662,22.12695612787767,68.26176968890313,64.08174369345747,2.4054813478889767,0.09101020203156855,0.06146629837040448,0.284,72.490563112563,75.90325161149389,0.18787963656044906,0.19519060703850935,0.583941605839416,280.0
2026-08-11 03:40:30,561,Wake,75.90325161149389,6.231249240817732,65.2743052521101,84.90465809614952,6.0,1.038267587246337,0.19519060703850935,2.0946872043391505,0.2624125892392875,0.12889692546278783,0.1514904746707142,1.0946872043391505,0.19590881265414364,0.20152095018915245,0.20119378979052313,1004.0,1500.0,0.6693333333333333,12.582571067862261,1.1987118735906848,22.271775989091147,74.71741549144578,67.63184671772103,3.042947656441691,0.12827179590695148,0.08378894460097708,0.41306666666666664,75.75843175028041,78.05891922260273,0.19164109738390456,0.19531775879915228,0.5849843587069864,280.5
2026-08-11 03:41:00,562,Wake,78.05891922260273,4.094767663276266,73.25156327170723,82.94566255098826,5.0,1.027253389525159,0.19531775879915228,2.16744549601425,0.1916507571607111,0.1304281073359379,0.1479198531627818,1.16744549601425,0.19831380211436506,0.19749569035539977,0.20503324348138535,996.0,1500.0,0.664,14.7382386789711,1.2327555318805457,24.427443600199986,76.57353419479234,71.74949598016119,3.422092099445176,0.12946334973869048,0.10647112777868628,0.5416000000000001,75.90325161149389,76.16269078382156,0.19519060703850935,0.19886251675793018,0.5860271115745568,281.0
2026-08-11 03:41:30,563,Wake,76.16269078382156,2.6020254819335897,73.38561187455416,79.71442202005203,4.0,1.045644837460892,0.19886251675793018,2.1365456637683407,0.20587472208806332,0.13364812129533438,0.1541685163460974,1.1365456637683407,0.21162600230725576,0.19373721498102586,0.2051790315930675,1021.0,1500.0,0.6806666666666666,12.842010240189936,1.202809100122369,22.53121516141882,76.70828720597274,75.67477129615233,3.766531949056174,0.13099105136468672,0.12977832327042532,0.6725333333333333,78.05891922260273,76.95466310591107,0.19531775879915228,0.2050430186496905,0.5870698644421272,281.5
2026-08-11 03:42:00,564,Wake,76.95466310591107,4.615112838735509,71.8690914528264,84.42285382976443,4.0,1.0414490558802365,0.2050430186496905,2.2512730822154214,0.2325835863628922,0.13804414550409458,0.1571765810239701,1.2512730822154214,0.19703144629888486,0.19544545790539883,0.205635674229375,1045.0,1500.0,0.6966666666666667,13.633982562279442,1.2153164249851174,23.323187483508327,77.05875770411178,76.56759129482192,3.9652776033231065,0.13404012471178894,0.13201646320310007,0.6778666666666666,76.16269078382156,74.8175125029943,0.19886251675793018,0.1952422484501571,0.5881126173096975,282.0
2026-08-11 03:42:30,565,Wake,74.8175125029943,2.844015713021459,70.26459419281304,77.69252947824967,4.0,1.03791421815687,0.1952422484501571,2.1176310146307875,0.24811046300984207,0.13045080884524604,0.15013197524158758,1.1176310146307875,0.20131026761592052,0.2097270698939894,0.1973396367467605,1026.0,1500.0,0.684,11.49683195936268,1.181565198931188,21.186036880591566,75.97828879757566,76.3794074453647,4.077434187556911,0.13404769188155832,0.13229362168868014,0.6789333333333334,76.95466310591107,72.04888675564159,0.2050430186496905,0.21240354102130374,0.5891553701772679,282.5
2026-08-11 03:43:00,566,Wake,72.04888675564159,2.406824404984562,67.67204140258549,75.07358219040229,6.0,1.0531347675586027,0.21240354102130374,2.3986813066508645,0.1918712291409008,0.1408669967219638,0.16761580175040075,1.3986813066508645,0.1972269957303661,0.2092594790403556,0.21432047403022914,1014.0,1500.0,0.676,8.728206212009965,1.1378413203565576,18.41741113323885,74.60702078818233,75.60853447419426,3.3125492203902773,0.1364539836904348,0.13468763594051533,0.6802666666666667,74.8175125029943,78.73693968796654,0.1952422484501571,0.20125744315833588,0.5901981230448383,283.0
2026-08-11 03:43:30,567,Wake,78.73693968796654,4.392437521338608,73.15466448905227,85.6437316708154,6.0,1.0447662553000339,0.20125744315833588,2.1576456628856797,0.20867771194674264,0.13299105221380517,0.157549852653957,1.1576456628856797,0.20427492417437948,0.20048241919482365,0.20153555424506378,1022.0,1500.0,0.6813333333333333,15.416259144334916,1.2434632573746933,25.1054640655638,75.20111298220081,75.74413856726702,3.3720831920027456,0.13476961926033834,0.1352002249160888,0.6837333333333333,72.04888675564159,56.245790846545354,0.21240354102130374,0.023055302644402684,0.5912408759124088,283.5
2026-08-11 03:44:00,568,Light,56.245790846545354,3.7250746404634527,53.374580480695016,63.400038510314644,5.0,1.0010890972880666,0.023055302644402684,1.1466174169722718,0.8752405452770499,0.017093108059767194,0.015509957117445477,0.14661741697227182,0.022803206699327557,0.023311398412900676,0.023041717560960753,44.0,1500.0,0.029333333333333333,-7.07488969708627,0.8882688935692777,2.614315224142615,69.01053909671784,71.76075857981178,3.5966930237087182,0.09698371899851205,0.11188922226897535,0.5534666666666667,78.73693968796654,58.52694537988706,0.20125744315833588,0.02322429140600844,0.5922836287799792,284.0
2026-08-11 03:44:30,569,Light,58.52694537988706,3.1358336344327986,52.832402387884294,61.694538484167886,5.0,0.9999169770691636,0.02322429140600844,1.1909048385648555,0.9102524453164915,0.017154518476865797,0.015655577279203473,0.19090483856485552,0.02168113211665435,0.023613275306377152,0.02314496874375023,43.0,1500.0,0.028666666666666667,-4.793735163744564,0.924294320234897,4.895469757484321,64.50322530479967,68.07521503460697,3.300837182848176,0.05574622625014605,0.0877112968635296,0.4198666666666667,56.245790846545354,60.09409514296067,0.023055302644402684,0.024564475031936598,0.5933263816475496,284.5
2026-08-11 03:45:00,570,Light,60.09409514296067,1.5196110180770197,58.406141169219495,61.82079761519001,4.0,1.0014033765138022,0.024564475031936598,1.1388338909344227,0.8088852494511459,0.017688404913454303,0.017102725831042657,0.19111475054885407,0.026161258546073436,0.02267318705002321,0.024417468890913632,51.0,1500.0,0.034,-3.226585400670956,0.9490437346382017,6.462619520557929,58.288943789797706,65.13053156260024,3.035956243859288,0.017312010483362433,0.06515881607717125,0.2898666666666667,58.52694537988706,57.227049154533276,0.02322429140600844,0.022466863567121926,0.59436913451512,285.0
2026-08-11 03:45:30,571,Light,57.227049154533276,3.030241455108747,53.35540127865702,61.77448140739366,5.0,0.9997331389641968,0.022466863567121926,1.152786913205169,0.8393785912918399,0.017129589830443208,0.014539887399731716,0.1606214087081601,0.023636614411847025,0.02253782730286711,0.022646295275930272,39.0,1500.0,0.026,-6.0936313890983484,0.9037655417348289,3.595573532130537,58.61602989246035,62.16616404237858,3.1606396538841253,0.01732417107358777,0.04041133469886714,0.15986666666666666,60.09409514296067,56.91299537561062,0.024564475031936598,0.0234329695748144,0.5954118873826904,285.5
2026-08-11 03:46:00,572,Light,56.91299537561062,1.893350242132854,53.83946434985269,59.013763098401235,4.0,1.0005987603835211,0.0234329695748144,1.2014379069005305,0.8143731361650232,0.016341907162761547,0.01680489950504717,0.20143790690053054,0.025121797865674655,0.02402890139687676,0.023385943943839006,37.0,1500.0,0.024666666666666667,-6.407685168021004,0.8988058069968825,3.2815197532078813,58.07804655770153,57.8013751799074,2.6608221980429745,0.01705330063555302,0.017081505688658412,0.028533333333333334,57.227049154533276,57.479491705759074,0.022466863567121926,0.02319319956639088,0.5964546402502607,286.0
2026-08-11 03:46:30,573,Light,57.479491705759074,2.3821666410714255,55.0076011565624,61.19729411224844,5.0,1.0007205887638344,0.02319319956639088,1.1559304017476846,0.851677529763541,0.017274096957815923,0.015493525376265173,0.15593040174768458,0.02274312111853905,0.023001623221613744,0.02314692333080203,37.0,1500.0,0.024666666666666667,-5.841188837872551,0.9077522732269494,3.8480160833563346,57.20651207863434,58.04811535175014,2.3922405981645687,0.01691519798367356,0.01711770346826816,0.027599999999999996,56.91299537561062,57.544618642008004,0.0234329695748144,0.0224690329295296,0.5974973931178311,286.5
2026-08-11 03:47:00,574,Light,57.544618642008004,3.815619801116,54.46371676169007,64.04249861032349,4.0,1.000040507916341,0.0224690329295296,1.1747093846955885,0.8564889070332736,0.01646063884278239,0.015294000476234314,0.1747093846955885,0.021391715087643592,0.02361264235776993,0.022414935020891907,29.0,1500.0,0.019333333333333334,-5.7760619016236205,0.9087807987527301,3.913143019605265,57.31236857445924,57.851650004174324,2.5281978315012092,0.01669221432111995,0.016978927541451475,0.025733333333333337,57.479491705759074,59.697152335794534,0.02319319956639088,0.022922322551223426,0.5985401459854015,287.0
2026-08-11 03:47:30,575,Light,59.697152335794534,3.581699691294442,56.17309815128673,65.26893889285199,5.0,1.0008325522531714,0.022922322551223426,1.1513486054024824,0.8875059671122832,0.016920077763514774,0.015486671135954281,0.1513486054024824,0.021831708817153347,0.024309368009549134,0.02287893977076003,37.0,1500.0,0.024666666666666667,-3.62352820783709,0.9427749642497877,6.065676713391795,58.24042089452055,57.772261442741105,2.940615566144694,0.016884937854704362,0.016825262111463568,0.023866666666666668,57.544618642008004,57.18987462383735,0.0224690329295296,0.022726963167554758,0.5995828988529719,287.5
2026-08-11 03:48:00,576,Light,57.18987462383735,2.1034169183369595,54.82215366672225,61.39898160958313,6.0,0.9999973841348458,0.022726963167554758,1.137424102391285,0.8002081065598958,0.016774578605857706,0.015333896251704653,0.19979189344010417,0.02372074125447043,0.022806351790521893,0.022941976310970863,25.0,1500.0,0.016666666666666666,-6.130805919794277,0.9031784581726061,3.5583990014346085,58.1438818672133,57.764826536601916,2.7552506587903363,0.016718431737384954,0.016754259866546467,0.022,59.697152335794534,58.605112150256836,0.022922322551223426,0.022161841426640714,0.6006256517205423,288.0
2026-08-11 03:48:30,577,Light,58.605112150256836,0.8705779702367341,57.79858100610952,60.03712272903787,4.0,0.9997928843372565,0.022161841426640714,1.1860828582509944,0.8626270339411769,0.01663932262805777,0.014639776459930214,0.18608285825099435,0.02117438351431783,0.022399774591210127,0.022212585374005594,30.0,1500.0,0.02,-4.715568393374788,0.925528779019905,4.973636527854097,58.49737970329625,58.10324989153116,2.5506962044111123,0.016777992999143416,0.016813742959605714,0.021066666666666668,57.18987462383735,58.061915021709744,0.022726963167554758,0.023329877469261722,0.6016684045881127,288.5
2026-08-11 03:49:00,578,Light,58.061915021709744,2.8819268882640987,53.516972794927,61.60885144616618,6.0,0.9997606854418356,0.023329877469261722,1.13692685967372,0.8538651465840879,0.01743613676095147,0.015502309151926755,0.14613485341591215,0.022372570349433702,0.023655111793304012,0.023235503844767035,44.0,1500.0,0.029333333333333333,-5.25876552192188,0.9169502684308914,4.430439399307005,57.95230059860132,58.2197345547213,2.650648253849647,0.01695001266495565,0.01684615092023282,0.022,58.605112150256836,60.09127766860981,0.022161841426640714,0.023455739180543757,0.602711157455683,289.0
2026-08-11 03:49:30,579,Light,60.09127766860981,1.1161789123595374,58.385119331324375,61.70349267204717,5.0,0.9993616975297397,0.023455739180543757,1.1792448605486552,0.8421413133761732,0.017426193909348527,0.015713271345681658,0.17924486054865518,0.022538593659082493,0.02183317703374092,0.023467983625768404,35.0,1500.0,0.023333333333333334,-3.229402875021812,0.9489992393117669,6.4598020462070735,58.91943494685881,58.72906636004166,2.1107600760983543,0.017167217766119257,0.01703926193354605,0.0228,58.061915021709744,56.18208290733786,0.023329877469261722,0.021961414198848086,0.6037539103232534,289.5
2026-08-11 03:50:00,580,Light,56.18208290733786,2.2004977081351322,52.37405980655925,57.59291964256615,4.0,1.0004536369781525,0.021961414198848086,1.1120602756559856,0.8778861386284672,0.01678489945211414,0.014169567759947092,0.1221138613715328,0.021758318916368116,0.022941416637907372,0.02195005895730776,36.0,1500.0,0.024,-7.138597636293767,0.8872627777369693,2.5506072849351185,58.11175853255248,58.02605247435032,1.8345196794664922,0.017215743374138046,0.017012226271265925,0.02266666666666667,60.09127766860981,56.74391427915227,0.023455739180543757,0.023037769390845213,0.6047966631908238,290.0
2026-08-11 03:50:30,581,Light,56.74391427915227,1.28406668553521,55.345926688330884,58.953195569819655,5.0,1.0004643006556364,0.023037769390845213,1.1864939106568981,0.806166992488552,0.016596567641459253,0.015984628119761077,0.19383300751144805,0.023583234478043072,0.02217390941135939,0.022958672894190728,39.0,1500.0,0.026,-6.576766264479353,0.8961355720119341,3.112438656749532,57.67242495169999,57.93686040541331,1.6706496329061422,0.01693588700097397,0.01697662407838623,0.024533333333333334,56.18208290733786,59.07529260104333,0.021961414198848086,0.02258981090105517,0.6058394160583942,290.5
2026-08-11 03:51:00,582,Light,59.07529260104333,2.091704628434002,56.6982945081795,62.2523655872112,4.0,1.0011699512306478,0.02258981090105517,1.1540080557996075,0.8265293894825896,0.016781405894725505,0.015167490188689674,0.17347061051741042,0.022386317264154035,0.023463628272044058,0.022522484796707334,33.0,1500.0,0.022,-4.2453879425882945,0.9329541643245136,5.443816978640591,57.33376326251116,58.03089649557061,1.914874964545596,0.0167209576627663,0.017005040731719778,0.02493333333333333,56.74391427915227,61.72234164958382,0.023037769390845213,0.024371010607703247,0.6068821689259646,291.0
2026-08-11 03:51:30,583,Light,61.72234164958382,2.3066691937020787,58.616563217656974,64.51376964324774,6.0,1.0005648241392278,0.024371010607703247,1.1202319132941851,0.8303487867990254,0.018159953020755206,0.016262880760584898,0.16965121320097465,0.02406752658749183,0.02398317122056997,0.02439260136107169,55.0,1500.0,0.03666666666666667,-1.5983388940478065,0.974758027230196,8.090866027181079,59.18051617659315,58.762981821145424,1.799823425633192,0.01717930885231332,0.017149803983680528,0.0264,59.07529260104333,57.896866685261124,0.02258981090105517,0.021280126698102413,0.607924921793535,291.5
2026-08-11 03:52:00,584,Light,57.896866685261124,1.1156563702939342,56.59136630741433,59.26782633247508,6.0,1.0011203705539977,0.021280126698102413,1.1107184731793167,0.8718334629526389,0.016339222896169223,0.013679503558786624,0.12816653704736114,0.02239549612336736,0.0237069264427467,0.021160914894137458,32.0,1500.0,0.021333333333333333,-5.423813858370501,0.9143437213276131,4.265391062858384,59.5648336452961,58.324099624475686,1.7997189172200716,0.01709352727054998,0.016932409781044665,0.026000000000000002,61.72234164958382,57.613772708163246,0.024371010607703247,0.022908085154371732,0.6089676746611054,292.0
2026-08-11 03:52:30,585,Light,57.613772708163246,2.0103285599150995,54.298274752284925,59.71415435035486,4.0,1.0003060205323757,0.022908085154371732,1.2128412479112665,0.8780516164400375,0.017063591767634334,0.015287506336669298,0.21284124791126646,0.023361754384459588,0.02273704169699083,0.02301407390936017,41.0,1500.0,0.027333333333333334,-5.706907835468378,0.9098729232460477,3.982297085760507,59.0776603476694,58.61043758464076,1.7616850875760648,0.017187589228186254,0.016988148244148703,0.026666666666666665,57.896866685261124,55.555998797993894,0.021280126698102413,0.023507215628915595,0.6100104275286757,292.5
2026-08-11 03:53:00,586,Light,55.555998797993894,0.9178643766068418,54.25971324085879,56.75060426681584,4.0,1.0009149878866508,0.023507215628915595,1.1519565403915213,0.8668601589970641,0.017704637890984875,0.015491035685394118,0.1519565403915213,0.02340608659274531,0.023715888132472444,0.023737517518118964,49.0,1500.0,0.03266666666666666,-7.764681745637731,0.8773752638320522,1.9245231755911547,57.022212730472766,58.37285448840909,1.6884446257903911,0.01703581751826281,0.017209762294053826,0.027999999999999997,57.613772708163246,57.321504039634746,0.022908085154371732,0.02245840423796888,0.6110531803962461,293.0
2026-08-11 03:53:30,587,Light,57.321504039634746,2.9027082280213996,53.3575026936514,61.54835884182813,4.0,1.000081301650331,0.02245840423796888,1.1437787528202548,0.8108764944545758,0.016463007725835886,0.01527599121148716,0.18912350554542423,0.02267996404609852,0.02291471602790857,0.02250367770326708,42.0,1500.0,0.028,-5.999176503996878,0.9052572326688262,3.690028417232007,56.83042518193064,58.02209677612736,1.8506453457078706,0.0170770791281517,0.017146082660275903,0.029199999999999997,55.555998797993894,58.23505938100426,0.023507215628915595,0.02276015707356677,0.6120959332638165,293.5
2026-08-11 03:54:00,588,Light,58.23505938100426,2.807783837120842,53.68015049662497,62.02395206536271,5.0,1.001691441316399,0.02276015707356677,1.1657153143112484,0.8425115382907851,0.01676995235314941,0.015480775878920017,0.16571531431124842,0.023515112233381385,0.025180458004413153,0.022622576663498244,36.0,1500.0,0.024,-5.085621162627362,0.9196846730173237,4.603583758601523,57.037520739544306,57.32464032241146,1.9508682743916235,0.01697919932332339,0.016868082526754747,0.026666666666666665,57.321504039634746,55.83169911991003,0.02245840423796888,0.022466183717960702,0.6131386861313869,294.0
2026-08-11 03:54:30,589,Light,55.83169911991003,2.4444242689158657,53.301557851826836,59.65549113245416,5.0,1.0007010313694096,0.022466183717960702,1.1237965675267951,0.8448464479584618,0.016646753542175853,0.015103193448278235,0.15515355204153825,0.023910890455674492,0.022482584201340083,0.022581419509849734,33.0,1500.0,0.022,-7.488981423721597,0.8817292966622294,2.200223497507288,57.12942084684969,56.91160680934123,2.21662185411601,0.016626571207053718,0.01692958865595607,0.0268,58.23505938100426,57.43477452736067,0.02276015707356677,0.023352610840998322,0.6141814389989573,294.5
2026-08-11 03:55:00,590,Light,57.43477452736067,2.089483260064459,55.06756701006735,61.46881444805166,6.0,1.0015834254006497,0.023352610840998322,1.2244912911947656,0.8942431652886242,0.01765979822412387,0.015361744555022611,0.22449129119476563,0.023169155675024283,0.024514394696018856,0.02341573265955945,39.0,1500.0,0.026,-5.885906016270951,0.9070460714297721,3.803298904957934,57.16717767609166,56.87580717318072,2.2324527941458814,0.01702550137314971,0.017048829947253978,0.026533333333333332,55.83169911991003,58.02227526762573,0.022466183717960702,0.02277936024392399,0.6152241918665277,295.0
2026-08-11 03:55:30,591,Light,58.02227526762573,1.565549575757842,56.296588908388536,61.04149645596216,6.0,1.0009382235141122,0.02277936024392399,1.1656708866810723,0.8284124138324869,0.016708323890342283,0.015511654626773877,0.17158758616751313,0.021597635467938758,0.022410453004401962,0.022956404101621395,28.0,1500.0,0.018666666666666668,-5.298405276005894,0.9163242525109156,4.390799645222991,57.09624963829882,57.369062467107085,2.3619898339760814,0.017004958552214,0.01684956714712546,0.023733333333333335,57.43477452736067,57.13512191606747,0.023352610840998322,0.02427437010484414,0.616266944734098,295.5
2026-08-11 03:56:00,592,Light,57.13512191606747,1.589427161726986,55.463743323617095,59.67411447793729,4.0,1.0009483034769386,0.02427437010484414,1.2057449278140604,0.8552513381938146,0.017456488727327118,0.01689423939643409,0.2057449278140604,0.024433824185373532,0.023858158195289636,0.02415690079369495,53.0,1500.0,0.035333333333333335,-6.185558627564156,0.902313768985759,3.5036462936647297,57.530723903684624,57.33178604239363,2.099333620717199,0.017274870280597755,0.017048263347423705,0.0252,58.02227526762573,59.89694794538477,0.02277936024392399,0.023260306379351267,0.6173096976016684,296.0
2026-08-11 03:56:30,593,Light,59.89694794538477,2.802222410196115,54.68609610104192,62.74480400020731,6.0,1.0005897420671916,0.023260306379351267,1.189721256762738,0.8546506590666654,0.016921764457984653,0.015970082535653726,0.189721256762738,0.021941845928603064,0.02252280905115675,0.02324904618217637,40.0,1500.0,0.02666666666666667,-3.4237325982468576,0.9459302621378539,6.265472322982028,58.351448376359336,57.66416375526974,2.0982213353322536,0.01702885902521802,0.017078625768390754,0.02573333333333333,57.13512191606747,56.17462820952613,0.02427437010484414,0.022706516913612574,0.6183524504692388,296.5
2026-08-11 03:57:00,594,Light,56.17462820952613,1.350163542223548,53.94118236713663,58.05659184743489,6.0,1.0009682015611878,0.022706516913612574,1.1687792655431855,0.8556368125113355,0.017142587386004035,0.014921629345499638,0.16877926554318545,0.023059791964869434,0.02296860555401281,0.02279800595495043,34.0,1500.0,0.02266666666666667,-7.146052334105498,0.8871450484619878,2.5431525871233873,57.73556602365946,57.73274957319295,1.8793691899937897,0.017173613523771936,0.017177792537156393,0.025866666666666666,59.89694794538477,56.04424195602566,0.023260306379351267,0.02255878331630027,0.6193952033368092,297.0
2026-08-11 03:57:30,595,Light,56.04424195602566,1.8204074391587695,53.77049946230139,58.08623390719831,4.0,1.001408480618783,0.02255878331630027,1.1431097045318732,0.8762333111750894,0.017145929251392772,0.014727512772749795,0.14310970453187322,0.024783602681370778,0.02269306290586712,0.022540924434329306,43.0,1500.0,0.028666666666666667,-7.276438587605966,0.8850859067663988,2.412766333622919,57.37193937031219,57.454643058925946,1.8255540258126524,0.01707009369846049,0.017075018742610172,0.0264,56.17462820952613,58.54468854718872,0.022706516913612574,0.023277976641733103,0.6204379562043796,297.5
2026-08-11 03:58:00,596,Light,58.54468854718872,0.6473050280970322,58.01448762313852,59.773819659506636,5.0,1.0002239779892401,0.023277976641733103,1.1870884765209062,0.8523758721184876,0.01714763160104514,0.015743985935828767,0.1870884765209062,0.022941363608585882,0.024117690364271742,0.023178575779346122,40.0,1500.0,0.02666666666666667,-4.7759919964429045,0.9245745314889349,4.913212924785981,56.92118623758017,57.559125714838544,1.64190511628049,0.017145382746147315,0.017162880284750746,0.028000000000000004,56.04424195602566,58.310814116697976,0.02255878331630027,0.02296185775367439,0.62148070907195,298.0
2026-08-11 03:58:30,597,Light,58.310814116697976,1.666294126161862,54.87311412940974,60.0503831832652,6.0,1.0010048886271172,0.02296185775367439,1.2190932057997623,0.8617933446570663,0.016979358444873992,0.01549058099147262,0.21909320579976233,0.02448337960933992,0.02277061366701245,0.022925351523991794,39.0,1500.0,0.026,-5.009866426933648,0.9208810394341614,4.679338494295237,57.63324820663746,57.79426415496465,1.6572785091674653,0.017090973099103967,0.017067454228260122,0.026133333333333335,58.54468854718872,57.105748903671746,0.023277976641733103,0.02285882374574392,0.6225234619395204,298.5
2026-08-11 03:59:00,598,Light,57.105748903671746,3.3606214529932905,50.9301619901229,60.89881320614338,6.0,0.9999058716716381,0.02285882374574392,1.1583374821414918,0.8533055405233813,0.01694528587216198,0.015342489038350123,0.1583374821414918,0.02448207871061053,0.021383977332215188,0.02296273142646954,33.0,1500.0,0.022,-6.214931639959879,0.9018498919057348,3.4742732812690065,57.98708385585282,57.236024346622045,1.7689583177269004,0.017024091972693705,0.017072158511095583,0.0252,58.310814116697976,57.028830558705444,0.02296185775367439,0.0241849553995474,0.6235662148070907,299.0
2026-08-11 03:59:30,599,Light,57.028830558705444,4.03256455289791,51.23828576125324,62.431509026881685,4.0,1.000240079146739,0.0241849553995474,1.1463666152609284,0.8529440599478233,0.01811695522154578,0.016023284281797567,0.1470559400521767,0.02317214416514451,0.02188710100090072,0.024235247392644328,45.0,1500.0,0.03,-6.291849984926181,0.9006351490396454,3.3973549363027047,57.48179785969173,57.40686481645791,2.305438519861773,0.017347199846193918,0.01726703207820393,0.026666666666666665,57.105748903671746,60.32941554306883,0.02285882374574392,0.023092842351988933,0.6246089676746611,299.5
2026-08-11 04:00:00,600,Light,60.32941554306883,2.7254375323699733,55.84826829670445,62.855571730374784,4.0,1.0002064324301627,0.023092842351988933,1.144042462080329,0.818985780102582,0.017168952733389625,0.015445032997072863,0.18101421989741795,0.022951757160104138,0.02265542394732858,0.023234151687298036,37.0,1500.0,0.024666666666666667,-2.991265000562791,0.9527600623543262,6.697939920666094,58.15466500181535,58.263899533866535,2.486444538504014,0.017410397942365794,0.0172716367746033,0.025866666666666666,57.028830558705444,58.061916524621125,0.0241849553995474,0.02251411940140268,0.6256517205422315,300.0
2026-08-11 04:00:30,601,Light,58.061916524621125,2.759542780968484,55.778228258170735,64.01407903897638,6.0,0.9991647157106242,0.02251411940140268,1.1380208603108184,0.848616007460995,0.016588438956686928,0.01524489964692999,0.15138399253900503,0.023365382586508065,0.023206226303244704,0.02258260015935905,37.0,1500.0,0.024666666666666667,-5.258764019010499,0.9169502921658129,4.430440902218386,58.47338754213181,58.16734512935302,2.9088920890783045,0.017291448970540777,0.01715979824573166,0.025466666666666665,60.32941554306883,59.28281424017608,0.023092842351988933,0.022677349791418028,0.6266944734098019,300.5
2026-08-11 04:01:00,602,Light,59.28281424017608,2.688445966418905,55.92646788146458,63.38501409111896,4.0,1.000692037161621,0.022677349791418028,1.142936688871218,0.8846813844097301,0.016859495099295407,0.015182178170217412,0.14293668887121802,0.02234737094564555,0.023681511748005153,0.02268286853894507,35.0,1500.0,0.023333333333333334,-4.037866303455544,0.9362314765288535,5.651338617773341,59.22471543595535,58.36174515404865,3.113322457129713,0.01687229559645732,0.017135825576615943,0.024933333333333335,58.061916524621125,58.45960919112248,0.02251411940140268,0.022882276578634096,0.6277372262773723,301.0
2026-08-11 04:01:30,603,Light,58.45960919112248,1.7806474758123183,55.129016546136604,60.19121649086638,5.0,1.0007334729315915,0.022882276578634096,1.2180964385120217,0.8357804500072076,0.016988662532039577,0.015346723081327772,0.21809643851202165,0.02511627152224499,0.02346679227177307,0.02277563020936315,38.0,1500.0,0.025333333333333333,-4.861071352509143,0.9232309048043225,4.828133568719743,58.60144665197324,58.63251721153879,2.7973276616935183,0.01681219886267397,0.017144500908591466,0.0256,59.28281424017608,59.21513118497644,0.022677349791418028,0.022788192628867523,0.6287799791449427,301.5
2026-08-11 04:02:00,604,Light,59.21513118497644,2.8694417484937564,53.66169448433716,61.81218857701835,5.0,1.0006501123665585,0.022788192628867523,1.1171127228776676,0.8184368125681621,0.01702181031844984,0.015165168738337178,0.18156318743183786,0.02448124823898446,0.023913042924878433,0.022639965550674507,42.0,1500.0,0.028,-4.105549358655182,0.9351625831654443,5.583655562573703,58.98585153875834,59.069777336792995,2.5647031008126873,0.01695665598326161,0.016925471927972276,0.0252,58.45960919112248,59.46066966854766,0.022882276578634096,0.02462733064294224,0.629822732012513,302.0
2026-08-11 04:02:30,605,Light,59.46066966854766,3.5701517197414527,54.889895672102234,63.03971495071254,4.0,0.998680664085024,0.02462733064294224,1.1490637424615169,0.7688303028059791,0.017582982049338378,0.017294068465979664,0.23116969719402092,0.021705958937976028,0.024385453251346313,0.02470214394442266,51.0,1500.0,0.034,-3.8600108750839652,0.9390402812802336,5.82919404614492,59.045136681548875,58.896028161888765,2.7336459382869833,0.0171978182999426,0.017008277791162027,0.027066666666666666,59.21513118497644,55.866052497680755,0.022788192628867523,0.022904062327659323,0.6308654848800834,302.5
2026-08-11 04:03:00,606,Light,55.866052497680755,4.421047780312897,51.17523567519637,63.09900512156215,5.0,0.9991260010581081,0.022904062327659323,1.1091125216947728,0.8503898204662325,0.017082543342669277,0.01528223341679993,0.14961017953376754,0.023198138290927418,0.023093698895545224,0.022915109625001418,38.0,1500.0,0.025333333333333333,-7.454628045950869,0.8822718268036586,2.234576875278016,58.18061778373496,58.45685535650068,3.0659469381558657,0.017229111903485833,0.017107098668358495,0.027200000000000002,59.46066966854766,58.378804666880924,0.02462733064294224,0.02278937730786812,0.6319082377476538,303.0
2026-08-11 04:03:30,607,Light,58.378804666880924,3.3277058921452216,54.45834978325854,63.715155945359214,5.0,1.0002411184014142,0.02278937730786812,1.1299892161208862,0.8284837527718034,0.016604151313046586,0.015611406577798434,0.17151624722819658,0.023285747498837422,0.02437376559117105,0.02260082372716141,50.0,1500.0,0.03333333333333333,-4.9418758767507,0.9219547889516844,4.747329044478185,57.90184227770313,58.276053441841654,3.1937989233011295,0.01708989223501808,0.01705602991110873,0.029199999999999997,55.866052497680755,55.76751536911473,0.022904062327659323,0.021845922830226565,0.6329509906152242,303.5
2026-08-11 04:04:00,608,Light,55.76751536911473,2.970093828720964,51.3387236504742,60.347514009474736,6.0,1.0010087898715119,0.021845922830226565,1.214627115590569,0.8575119822061477,0.016150297351113133,0.014745504290450948,0.21462711559056902,0.023010150158826074,0.022720040790291732,0.02187283059482147,30.0,1500.0,0.02,-7.5531651745168915,0.8807156665141601,2.136039746711994,56.670790844558816,57.7376346774401,3.4316881938828585,0.016612330668942996,0.01688835687492344,0.028133333333333337,58.378804666880924,57.915516751458,0.02278937730786812,0.023514972763055884,0.6339937434827946,304.0
2026-08-11 04:04:30,609,Light,57.915516751458,1.9472145974573334,54.637123608009446,59.565640717556285,4.0,1.0001948247806316,0.023514972763055884,1.1592227004855995,0.8486729237174779,0.0173246950417345,0.01590115852550714,0.1592227004855995,0.023209220352503362,0.024045905479703016,0.023594439282521595,33.0,1500.0,0.022,-5.405163792173624,0.9146382548992165,4.284041129055261,57.35394559581789,57.47771179073642,3.247242763675574,0.01669304790196474,0.016948933819580375,0.02693333333333333,55.76751536911473,57.19843538554233,0.021845922830226565,0.02365051609089248,0.635036496350365,304.5
2026-08-11 04:05:00,610,Light,57.19843538554233,2.5390302056265397,52.78343139918765,60.182672110393945,6.0,1.000543699586915,0.02365051609089248,1.1610833630056785,0.854096984912236,0.017424302107998522,0.01600113173046125,0.1610833630056785,0.024251677866139288,0.02484420796876165,0.023474124175698188,51.0,1500.0,0.034,-6.122245158089292,0.9033136551040271,3.566959763139593,56.96048916870503,57.02526493413535,3.041018460852591,0.016966431500282052,0.016917197831312403,0.02693333333333333,57.915516751458,57.538859589487004,0.023514972763055884,0.022179165311130903,0.6360792492179353,305.0
2026-08-11 04:05:30,611,Light,57.538859589487004,2.2475824067288643,54.360190809492074,60.4568190261178,5.0,1.0003518183554945,0.022179165311130903,1.129256546883203,0.8344696847711008,0.016640115930614475,0.014667845508780272,0.16553031522889916,0.023829888137403988,0.023257861940519948,0.022372495286962137,39.0,1500.0,0.026,-5.781820954144621,0.9086898481743163,3.9073839670842645,57.550937242162455,57.3598263524966,2.6063253861357847,0.017129704360115832,0.01682871234890144,0.027066666666666666,57.19843538554233,59.33503820368365,0.02365051609089248,0.022492851771735583,0.6371220020855057,305.5
2026-08-11 04:06:00,612,Light,59.33503820368365,2.6542093182400004,55.466817396549736,62.82890010808986,4.0,1.0015472752004995,0.022492851771735583,1.1573800743063398,0.8967227541725069,0.01714522437778548,0.014641165336363754,0.15738007430633982,0.02246401131415753,0.022639269930843545,0.022347619118638154,36.0,1500.0,0.024,-3.9856423399479723,0.9370562301963632,5.703562581280913,58.024111059571005,57.55107305985715,2.4716260713547404,0.01706988080546616,0.016936926961849223,0.0252,57.538859589487004,58.17904694504936,0.022179165311130903,0.023362553044618775,0.6381647549530761,306.0
2026-08-11 04:06:30,613,Light,58.17904694504936,3.0950302616231964,53.859470336049796,61.494797728030875,4.0,1.0012066964120336,0.023362553044618775,1.2139097242040224,0.8840202453333303,0.017213615929520476,0.015841604326090206,0.21390972420402243,0.02422225696314501,0.023607885208685415,0.02325159592578621,36.0,1500.0,0.024,-5.141633598582267,0.9188000894109251,4.547571322646618,58.350981579406685,58.03337937504407,2.496613357935187,0.01699965207930681,0.01714959067753069,0.026000000000000002,59.33503820368365,59.366620857076924,0.022492851771735583,0.02349832744215414,0.6392075078206465,306.5
2026-08-11 04:07:00,614,Light,59.366620857076924,1.6643744046281648,56.643299288695275,61.10384878000616,4.0,0.999243044610295,0.02349832744215414,1.125375158360787,0.7918094935158716,0.017290736372607262,0.0159303110369413,0.2081905064841284,0.024546099099888287,0.023952139000839524,0.023513667401621224,36.0,1500.0,0.024,-3.9540596865547,0.9375550033163317,5.735145234674185,58.96023533526999,58.32360019616785,2.4400453193693528,0.017216525559971073,0.017142798943705243,0.0264,58.17904694504936,56.61545753101971,0.023362553044618775,0.02588137884511681,0.6402502606882169,307.0
2026-08-11 04:07:30,615,Light,56.61545753101971,3.078098629423011,52.189238691895724,61.452968099341774,5.0,1.0007666139988565,0.02588137884511681,1.1552491973725292,0.8240354981455672,0.01852927460135948,0.018085890928984317,0.1759645018544328,0.023070977555479155,0.024712322842671462,0.025837199052757307,61.0,1500.0,0.04066666666666666,-6.705223012611917,0.8941069022782907,2.9839819086169683,58.053708444382,58.20700462526332,2.5478590041286475,0.01767787563449574,0.017363793442377436,0.027733333333333332,59.366620857076924,56.93408031744434,0.02349832744215414,0.02276459233345367,0.6412930135557873,307.5
2026-08-11 04:08:00,616,Light,56.93408031744434,3.638459343542304,49.274303972049786,60.382072415069274,6.0,1.0004545795477406,0.02276459233345367,1.1202706409552077,0.8285009290303513,0.017199052089023753,0.014920653937164068,0.17149907096964867,0.02345506980790763,0.02250827783967679,0.022795742152506203,42.0,1500.0,0.028,-6.386600226187284,0.8991387936554702,3.3026046950416017,57.638719568513665,58.08604877085479,2.8260343914913353,0.01767302102099683,0.01747558067405929,0.028133333333333333,56.61545753101971,55.1265848117559,0.02588137884511681,0.024225890519863215,0.6423357664233577,308.0
2026-08-11 04:08:30,617,Light,55.1265848117559,3.938061844638134,49.99275163364088,61.23646537016386,6.0,1.0004128370549694,0.024225890519863215,1.2008700628733164,0.8214807876124635,0.0175418261815641,0.01671372310797766,0.20087006287331644,0.022330352085468505,0.02288593555885216,0.0241860911596712,48.0,1500.0,0.032,-8.194095731875727,0.8705936881674934,1.4951091893531583,56.22537422007332,57.24435809246925,3.082804896770962,0.017756717623982444,0.017554901034815017,0.029733333333333334,56.93408031744434,57.793355642468256,0.02276459233345367,0.023403327298612622,0.643378519290928,308.5
2026-08-11 04:09:00,618,Light,57.793355642468256,2.079710599975528,54.640123327211484,59.696505313864144,5.0,1.0010097487964553,0.023403327298612622,1.1451843181670271,0.8790746769608363,0.017675336174404924,0.015372631928193117,0.14518431816702715,0.023032576528104566,0.022879711138628717,0.023468794650032043,41.0,1500.0,0.027333333333333334,-5.527324901163368,0.9127090098572974,4.161880020065517,56.61800692388951,57.16721983195303,2.8797409644414285,0.01747207148166426,0.017647245083791903,0.0304,55.1265848117559,56.917076304340185,0.024225890519863215,0.023129175754734773,0.6444212721584984,309.0
2026-08-11 04:09:30,619,Light,56.917076304340185,2.704025085687708,53.106912839135255,61.21508854340068,5.0,1.0011253946035585,0.023129175754734773,1.1637053204727166,0.8606980918235462,0.017274831208536148,0.015420943253371868,0.16370532047271658,0.022592595482262286,0.025118377509686915,0.0230048976679965,40.0,1500.0,0.02666666666666667,-6.40360423929144,0.8988702555892623,3.2856006819374457,56.612338919521456,56.677310921405684,3.087671100653337,0.017497331188168392,0.01764406405097768,0.030933333333333334,57.793355642468256,56.55685926000094,0.023403327298612622,0.026358268180773168,0.6454640250260688,309.5
2026-08-11 04:10:00,620,Light,56.55685926000094,2.1824884851154907,53.66873808929654,60.18620285272103,5.0,0.9996448236844772,0.026358268180773168,1.272874242783624,0.7486067321167142,0.017841808216337317,0.01940500789167852,0.27287424278362393,0.024210620526953046,0.02404241354954498,0.02628087554471167,58.0,1500.0,0.03866666666666667,-6.7638212836306835,0.8931814815387207,2.925383637598202,57.08909706893647,56.66559126720192,2.908549071791833,0.017597325199759463,0.017506570773973253,0.030533333333333336,56.917076304340185,57.41596963401537,0.023129175754734773,0.022142031388237858,0.6465067778936392,310.0
2026-08-11 04:10:30,621,Light,57.41596963401537,2.422617233847881,53.96474078757665,60.15759655900111,4.0,1.0008773618308668,0.022142031388237858,1.144604601422634,0.8748558000847296,0.01717796876481245,0.013998453732291307,0.1446046014226341,0.022869200512661246,0.021772414282076637,0.02215774483556854,27.0,1500.0,0.018,-5.904710909616256,0.9067490927304932,3.7844940116126295,56.96330173278551,56.76196913051613,2.665380649852948,0.01743153606322864,0.01750235410913099,0.028533333333333334,56.55685926000094,58.79272172023112,0.026358268180773168,0.023584862177751832,0.6475495307612096,310.5
2026-08-11 04:11:00,622,Light,58.79272172023112,3.1716648197316517,53.21487265955613,63.026497584033926,5.0,1.0009070746886484,0.023584862177751832,1.1609551033354288,0.8296906748677857,0.01713524972676628,0.016231196050682507,0.1703093251322143,0.023787349246243768,0.02503162146190286,0.023540923877867746,45.0,1500.0,0.03,-4.527958823400503,0.9284916273083882,5.161246097828382,57.58851687141581,57.495196512211166,2.5121012448716518,0.017385008902638683,0.017421038818171426,0.028133333333333333,57.41596963401537,59.73240019593232,0.022142031388237858,0.023494424013224262,0.64859228362878,311.0
2026-08-11 04:11:30,623,Light,59.73240019593232,3.5608467909769743,53.30997310470921,63.98814722514896,6.0,1.0000127135123646,0.023494424013224262,1.1568728111714282,0.8163908778385491,0.01715360698259528,0.01605434174400258,0.18360912216145087,0.025477662637613425,0.024151799420294297,0.023637322000473367,37.0,1500.0,0.024666666666666667,-3.5882803476993033,0.943331620619163,6.100924573529582,58.64703051672628,57.88300542290399,2.808328483071941,0.017155608491391337,0.017316692979809496,0.027600000000000003,58.79272172023112,58.67755116753927,0.023584862177751832,0.023088649514153604,0.6496350364963503,311.5
2026-08-11 04:12:00,624,Light,58.67755116753927,3.2469264794989265,53.8003080598691,62.83841864745208,4.0,1.001423880656183,0.023088649514153604,1.1854190266757327,0.8808915166432818,0.017013825768630985,0.015672999241534664,0.18541902667573273,0.02210939452918795,0.022944499393471113,0.023000861980489767,34.0,1500.0,0.02266666666666667,-4.643129376092354,0.9266727815268352,5.046075545136532,59.067557694567576,58.2351003955438,2.916908761834185,0.01710089415933085,0.01726449189182846,0.0268,59.73240019593232,59.83031396261736,0.023494424013224262,0.024148960486187743,0.6506777893639207,312.0
2026-08-11 04:12:30,625,Light,59.83031396261736,3.2082215068658724,54.28667196382907,64.4053310045888,6.0,0.9991809859005947,0.024148960486187743,1.153906105760599,0.8465232929113119,0.017692330206215683,0.016456747203889042,0.15390610576059904,0.025093825673616645,0.02319039512758776,0.024055519177360644,42.0,1500.0,0.028,-3.490366581014264,0.9448779363858985,6.198838340214621,59.41342177536299,58.88979133606709,3.1220553661842607,0.01728658765248065,0.017234596289804137,0.024666666666666667,58.67755116753927,57.723929211734976,0.023088649514153604,0.02376378186072096,0.6517205422314911,312.5
2026-08-11 04:13:00,626,Light,57.723929211734976,3.5144787637317108,52.11186485038564,61.48468441840094,6.0,1.0001648142706163,0.02376378186072096,1.207824012327701,0.8402438777263638,0.01700065927168461,0.016604881101525946,0.2078240123277011,0.022026259470880757,0.023773205588932273,0.023762008281259652,35.0,1500.0,0.023333333333333334,-5.596751331896648,0.9116125840113143,4.092453589332237,58.74393144729722,58.95138325161101,3.3404276721610273,0.017235605082177093,0.01719913439117857,0.02573333333333333,59.83031396261736,57.54215963108626,0.024148960486187743,0.02311956493899067,0.6527632950990615,313.0
2026-08-11 04:13:30,627,Light,57.54215963108626,2.3507705889508914,54.32682769734315,60.668100854124646,6.0,1.000721610992168,0.02311956493899067,1.1287023433375258,0.8665988746040454,0.01721638589622266,0.01544768791970403,0.1334011253959546,0.02269979409442862,0.02299605228665936,0.02316094994181244,42.0,1500.0,0.028,-5.778520912545368,0.9087419645061516,3.9106840086835177,58.365467601812874,58.70127083378204,3.1762488260048753,0.017303125124707653,0.01721536162506984,0.025333333333333336,57.723929211734976,58.779608157404674,0.02376378186072096,0.025049720092769418,0.6538060479666319,313.5
2026-08-11 04:14:00,628,Light,58.779608157404674,3.7145787272674258,52.45882595944377,62.07559905856777,5.0,1.0008484522373755,0.025049720092769418,1.2019120876966916,0.8801372884576427,0.018006071443001155,0.017435301520614486,0.20191208769669156,0.025054325811745416,0.02413437308065588,0.025095764208699616,54.0,1500.0,0.036,-4.541072386226951,0.928284529679085,5.148132535001935,58.01523233340864,58.51071242607651,3.206995213262965,0.017407705536969475,0.01738585451715102,0.027600000000000003,57.54215963108626,57.113096773588765,0.02311956493899067,0.02401962291764675,0.6548488008342023,314.0
2026-08-11 04:14:30,629,Light,57.113096773588765,2.0539451320898072,54.312358638379514,60.112248617975986,4.0,1.0011117498886586,0.02401962291764675,1.1581493585548905,0.8365999281833608,0.017552423613981273,0.016434436351643645,0.16340007181663918,0.025018906852026228,0.023317073639231887,0.024033054248829674,41.0,1500.0,0.027333333333333334,-6.207583770042859,0.901965934087435,3.481621151186026,57.811621520693244,58.19782154728641,2.9683989437811418,0.017591626984401695,0.017493574086221077,0.028533333333333334,58.779608157404674,57.310783767224564,0.025049720092769418,0.023563828244375824,0.6558915537017727,314.5
2026-08-11 04:15:00,630,Light,57.310783767224564,3.7888299559774854,52.298631103308466,64.69336163715947,6.0,1.0006318028900656,0.023563828244375824,1.1450870509966466,0.8385086064123197,0.017342292423085097,0.01596552754952195,0.16149139358768028,0.02333530255322392,0.024215717409643643,0.023663963862751592,47.0,1500.0,0.03133333333333333,-6.009896776407061,0.9050879313865572,3.6793081448218246,57.73449623273934,57.69391550820785,3.084520633603464,0.017633595826689174,0.01742356652959496,0.029199999999999997,57.113096773588765,57.134575268433544,0.02401962291764675,0.024137852293481196,0.656934306569343,315.0
2026-08-11 04:15:30,631,Light,57.134575268433544,2.185169570671316,53.631493526144176,59.17024350625071,6.0,1.0005027989737885,0.024137852293481196,1.2332584214519022,0.7946462885151544,0.017405991521395256,0.016730815261279848,0.23325842145190223,0.02215515236660236,0.022532652862568687,0.024273166265253745,37.0,1500.0,0.024666666666666667,-6.186105275198081,0.9023051359826195,3.5030996460308046,57.186151936415634,57.57604471954757,2.8186587949913853,0.017433569186153876,0.01750463297953709,0.02946666666666667,57.310783767224564,55.51586616772504,0.023563828244375824,0.023723741490766923,0.6579770594369134,315.5
2026-08-11 04:16:00,632,Light,55.51586616772504,1.8803802051588898,53.05791332483129,58.86431029879137,5.0,0.9998045736134495,0.023723741490766923,1.0934958082155255,0.7914397704135103,0.01758417904757934,0.01592641670357673,0.20856022958648968,0.025187250290668445,0.024322553112975938,0.023787653692301663,53.0,1500.0,0.035333333333333335,-7.804814375906588,0.8767414641014697,1.8843905453222973,56.65374173446106,57.17078602687532,2.7245807182329846,0.017444154330686565,0.017578191609808426,0.030933333333333334,57.134575268433544,59.08746869463704,0.024137852293481196,0.021579973163998168,0.6590198123044838,316.0
2026-08-11 04:16:30,633,Light,59.08746869463704,1.7182607726447696,55.88286452633965,61.061428110135985,6.0,1.0006752844854385,0.021579973163998168,1.1172550370518974,0.8833767028310462,0.016791067486361187,0.013572446484094882,0.11725503705189744,0.0227471398072346,0.02248020146880433,0.021584870125698492,33.0,1500.0,0.022,-4.233211848994586,0.9331464568502599,5.4559930722343,57.245970043598554,57.23235813432179,2.325317127308453,0.01726041268511193,0.01733519081848043,0.028133333333333333,55.51586616772504,59.79305634239939,0.023723741490766923,0.02386733508176482,0.6600625651720542,316.5
2026-08-11 04:17:00,634,Light,59.79305634239939,1.3726733561403082,57.023119586394046,61.14827414802272,6.0,1.001027688856182,0.02386733508176482,1.1681301163504212,0.8348295944219742,0.017341498612996206,0.016431015006560405,0.1681301163504212,0.023019206832365902,0.023622628594403384,0.023736630635332302,42.0,1500.0,0.028,-3.5276242012322356,0.944289540621701,6.16158071999665,58.13213040158717,57.76835004808392,2.189062772118554,0.01723891504897891,0.017293005818283417,0.02826666666666667,59.08746869463704,56.94494317511004,0.021579973163998168,0.023008656640377698,0.6611053180396246,317.0
2026-08-11 04:17:30,635,Light,56.94494317511004,2.123576994798833,54.13294587652584,61.01231186504455,6.0,1.0005059472434887,0.023008656640377698,1.1528481717462242,0.7897930274607847,0.016669415906401388,0.0158677294011274,0.21020697253921528,0.02356022401738705,0.024675410095912953,0.023003448375262546,39.0,1500.0,0.026,-6.375737368521584,0.8993103467337448,3.3134675527073014,58.60848940404883,57.69518192966101,1.8560121798828235,0.016933994001919594,0.017158430514946678,0.027200000000000002,59.79305634239939,59.75340218022714,0.02386733508176482,0.02226020610972002,0.662148070907195,317.5
2026-08-11 04:18:00,636,Light,59.75340218022714,3.5613917880881014,53.946487473711336,64.23713257433609,6.0,1.0003652148227211,0.02226020610972002,1.1231382127065896,0.8398198542224187,0.016838622098710038,0.014564029790232707,0.16018014577758133,0.02450272325589233,0.02484829744892836,0.022308208517238606,32.0,1500.0,0.021333333333333333,-3.5672783634044833,0.9436632971601367,6.121926557824402,58.83046723257886,58.21894731201972,2.1312566233661805,0.01694984553936921,0.017044956630409634,0.026533333333333336,56.94494317511004,57.9884067821957,0.023008656640377698,0.023794359439245308,0.6631908237747653,318.0
2026-08-11 04:18:30,637,Light,57.9884067821957,2.069123653695725,54.71095216097426,60.331420617318784,5.0,1.0009466222268166,0.023794359439245308,1.151652808432196,0.8535529139179681,0.01748752759147402,0.016163354030081154,0.15165280843219597,0.024705880035071095,0.022137369044696816,0.0237306381889664,43.0,1500.0,0.028666666666666667,-5.332273761435921,0.9157893800942067,4.356931159792964,58.22891737917764,58.71345543491386,2.1690053130735474,0.01699852186552848,0.017025626339188565,0.0252,59.75340218022714,57.41708479371829,0.02226020610972002,0.023134268896966154,0.6642335766423357,318.5
2026-08-11 04:19:00,638,Light,57.41708479371829,4.560059880542811,50.77252152307703,63.19235859694522,5.0,1.0016404246628325,0.023134268896966154,1.1708121485624605,0.8456697717714085,0.017197909047662985,0.015560119371646117,0.17081214856246052,0.02230065634140514,0.02399249695898755,0.02309142172061402,38.0,1500.0,0.025333333333333333,-5.903595749913336,0.906766704033678,3.7856091713155493,58.38629791871372,58.37937865473011,2.737365134653156,0.017174686245949013,0.017106994651448926,0.025866666666666666,57.9884067821957,57.747090605652865,0.023794359439245308,0.023336955970714578,0.6652763295099061,319.0
2026-08-11 04:19:30,639,Light,57.747090605652865,3.575370149404415,52.961841071707596,63.061592202877534,6.0,0.9997801861610566,0.023336955970714578,1.1205584790578342,0.8515686366118829,0.01757198035896959,0.015358624234183505,0.14843136338811713,0.02272528709361164,0.022582526445780546,0.0234312305810178,45.0,1500.0,0.03,-5.57358993797876,0.9119783633067836,4.115614983250126,57.717527393855626,57.97018550738081,3.1779044933059772,0.017419138999368866,0.017153091000643605,0.026266666666666667,57.41708479371829,55.47775924324511,0.023134268896966154,0.023512827096969776,0.6663190823774765,319.5
2026-08-11 04:20:00,640,Light,55.47775924324511,3.146288488904566,49.63623436310437,58.85606232213188,5.0,1.0017914141602313,0.023512827096969776,1.2309338910501786,0.851098815771934,0.017089265346299877,0.016248668028771687,0.23093389105017859,0.02373179142310556,0.024922940939376106,0.02346147693090429,39.0,1500.0,0.026,-7.842921300386514,0.8761396555903678,1.846283620842371,56.8806448808721,57.676748721007826,3.3824467921271237,0.01728638491764415,0.017237060888623302,0.026266666666666667,57.747090605652865,59.31637388380849,0.023336955970714578,0.02396446472270485,0.6673618352450469,320.0
2026-08-11 04:20:30,641,Light,59.31637388380849,3.351890905411449,54.5435653788213,64.20200419399282,6.0,0.9996281120555,0.02396446472270485,1.1670188332740519,0.8396826623945473,0.01749166969647473,0.016385217768417285,0.16701883327405187,0.023434269682144293,0.023065188039356508,0.024011118326489563,43.0,1500.0,0.028666666666666667,-4.004306659823136,0.9367614715217103,5.684898261405749,57.5137412442355,57.589343061724094,3.340546615591793,0.017384305133914733,0.017367670408176238,0.027733333333333332,55.47775924324511,56.59940367439809,0.023512827096969776,0.024316133547615377,0.6684045881126173,320.5
2026-08-11 04:21:00,642,Light,56.59940367439809,1.280616109319616,54.906729386519764,58.333360084850135,4.0,1.0012935847482423,0.024316133547615377,1.1943444316436849,0.8398231169943056,0.01743478124829921,0.016999297486375867,0.19434443164368487,0.023869601279710426,0.022780489011611928,0.024301280724722832,51.0,1500.0,0.034,-6.7212768692335345,0.8938533696806656,2.967928051995351,57.13117893381724,57.311542440164565,3.182845106716571,0.017338572097024607,0.017357121139541277,0.0288,59.31637388380849,57.899743379276664,0.02396446472270485,0.024497122808445283,0.6694473409801877,321.0
2026-08-11 04:21:30,643,Light,57.899743379276664,2.515822219720269,54.7906322796818,60.74130907987492,5.0,0.999845629823991,0.024497122808445283,1.2041824756826331,0.8479866661283596,0.017608810976477436,0.017031225206601518,0.20418247568263315,0.024061947926959978,0.02480176930630109,0.024644121041121674,51.0,1500.0,0.034,-5.42093716435496,0.9143891518882268,4.268267756873925,57.93850697916108,57.408074157276246,2.7739975745520633,0.01751175397375046,0.017439301525304172,0.030533333333333336,56.59940367439809,55.84173030464488,0.024316133547615377,0.022562127782051286,0.670490093847758,321.5
2026-08-11 04:22:00,644,Light,55.84173030464488,1.2664412156269702,54.303035948708704,57.86127844149121,6.0,0.9988803785498379,0.022562127782051286,1.1501123025171864,0.8688080492573912,0.017481687550388734,0.014307122793764534,0.15011230251718644,0.0253690051729526,0.025178323669100375,0.022557917680226625,38.0,1500.0,0.025333333333333333,-7.478950238986748,0.881887715438666,2.2102546822421374,56.78029245277322,57.027002097074636,2.3122117877965738,0.017508426591721794,0.017421242963587998,0.029599999999999998,57.899743379276664,56.52629761923973,0.024497122808445283,0.023034609755216304,0.6715328467153284,322.0
2026-08-11 04:22:30,645,Light,56.52629761923973,1.5389762339087318,54.65232064294212,58.31902356175811,4.0,1.0010125722516598,0.023034609755216304,1.1754076212776365,0.8674836302441089,0.01721790596172769,0.015335001253115033,0.17540762127763654,0.024552065242520574,0.02327891322694307,0.023034646390588526,37.0,1500.0,0.024666666666666667,-6.794382924391897,0.8926988328921991,2.8948219968369884,56.755923767720425,57.23670977227357,1.9907493367974074,0.017436134829531286,0.01744697108667356,0.029333333333333333,55.84173030464488,58.66922387277584,0.022562127782051286,0.024776170844925005,0.6725755995828988,322.5
2026-08-11 04:23:00,646,Light,58.66922387277584,1.6666264672379405,56.27739417608475,60.8209000678847,4.0,1.0010808582376882,0.024776170844925005,1.191271564013454,0.8225271724126823,0.01789703776653508,0.017167496481726954,0.1912715640134539,0.02457520213198125,0.024134459910702025,0.024720370752484604,43.0,1500.0,0.028666666666666667,-4.6514566708557865,0.9265412716521475,5.037748250373099,57.012417265553495,57.107279770067045,1.6536964491627053,0.017532210426217165,0.01752804470068563,0.029333333333333333,56.52629761923973,59.02500294074974,0.023034609755216304,0.02232305830577291,0.6736183524504692,323.0
2026-08-11 04:23:30,647,Light,59.02500294074974,1.8707179500743571,57.12354799993013,61.255652941187314,4.0,1.0001909970392555,0.02232305830577291,1.1513620951932821,0.8625532531071517,0.016631376736780022,0.014891363934550579,0.15136209519328214,0.02247653908873158,0.022977468184920195,0.022313595390291603,32.0,1500.0,0.021333333333333333,-4.295677602881888,0.9321599583895515,5.393527318346997,58.07350814425511,57.59239962333736,1.7717168173136535,0.017248773488347597,0.017367363798381795,0.0268,58.66922387277584,55.85106698238419,0.024776170844925005,0.023898792012531304,0.6746611053180396,323.5
2026-08-11 04:24:00,648,Light,55.85106698238419,1.2744005331946942,54.669418369348485,57.84112761628105,5.0,1.0009732598261911,0.023898792012531304,1.1471230929850427,0.8531029963309239,0.017651732498242225,0.016140502909079597,0.14712309298504267,0.024055342319417628,0.02384536857491698,0.02383445820125119,42.0,1500.0,0.028,-7.469613561247435,0.8820351661239579,2.2195913599814503,57.84843126530327,57.18266434395887,1.5234324800085388,0.01739338233385244,0.01737594810273475,0.0256,59.02500294074974,58.10493227993349,0.02232305830577291,0.024078859569675995,0.67570385818561,324.0
2026-08-11 04:24:30,649,Light,58.10493227993349,1.2712605744144951,56.694233583951195,59.90649683149185,5.0,1.000287833698968,0.024078859569675995,1.1736962589399584,0.8641940216172567,0.01741122630859044,0.016635009012485897,0.17369625893995844,0.024453704190418132,0.023427605390171958,0.024235527862532833,47.0,1500.0,0.03133333333333333,-5.215748263698131,0.9176296240198465,4.473456657530754,57.66033406768915,57.635304739016604,1.5243963517660437,0.017231445181204227,0.01736185585437509,0.0268,55.85106698238419,59.34426180200186,0.023898792012531304,0.023572930685489022,0.6767466110531803,324.5
2026-08-11 04:25:00,650,Light,59.34426180200186,2.9877541447682505,54.66054607803926,63.936932057333514,6.0,0.9997161656090452,0.023572930685489022,1.164260340254297,0.806135162598321,0.01734631016012357,0.015964621727217732,0.19386483740167904,0.022895963215818396,0.023212917453222057,0.023621533185240545,47.0,1500.0,0.03133333333333333,-3.9764187416297645,0.9372018950603385,5.712786179599121,57.76675368810652,58.19889757556903,1.8141519339379475,0.017469756322318744,0.017387536694054267,0.028133333333333333,58.10493227993349,58.31342905531928,0.024078859569675995,0.02331064543259396,0.6777893639207507,325.0
2026-08-11 04:25:30,651,Light,58.31342905531928,3.4009150727305313,54.28502265601096,62.849526412009965,4.0,1.0008529626317364,0.02331064543259396,1.1554539106505832,0.8238739004209116,0.016952347588041473,0.016022847655441184,0.17612609957908842,0.024566840305462714,0.024040198100308444,0.023387119466241623,33.0,1500.0,0.022,-5.007251488312342,0.9209223361890109,4.6819534329165435,58.58754104575155,58.127738612077714,2.161009655036466,0.017236628018918496,0.017198598658355546,0.0268,59.34426180200186,57.83027719402512,0.023572930685489022,0.025557639765362558,0.6788321167883211,325.5
2026-08-11 04:26:00,652,Light,57.83027719402512,3.526711048045009,54.638790173481205,64.54748379029314,5.0,1.0007477015029462,0.025557639765362558,1.185194517118884,0.842849619024598,0.01799315802298489,0.018165854570414353,0.18519451711888402,0.0237981466827334,0.02311564661354344,0.025482613552902364,51.0,1500.0,0.034,-5.490403349606503,0.9132920982138956,4.198801571622383,58.49598935044876,57.88879346273279,2.4922082746305962,0.017430605257049977,0.01747095491559652,0.029333333333333333,58.31342905531928,58.60021682512249,0.02331064543259396,0.023178174570642134,0.6798748696558915,326.0
2026-08-11 04:26:30,653,Light,58.60021682512249,1.6950172388774265,56.82496151075282,60.9250407147987,6.0,1.0008409862224827,0.023178174570642134,1.2278374219284023,0.8619138296490068,0.01710655900596852,0.015662077551489934,0.22783742192840228,0.02257459982031373,0.022907811432631923,0.02314590175435196,40.0,1500.0,0.02666666666666667,-4.720463718509137,0.9254514689674496,4.968741202719748,58.24797435815564,58.43862343128045,2.5763316157671428,0.01735068820566496,0.017361920217141776,0.029066666666666668,57.83027719402512,59.078869840824694,0.025557639765362558,0.02406152378824603,0.6809176225234619,326.5
2026-08-11 04:27:00,654,Light,59.078869840824694,0.18586116352761312,58.91070672000933,59.38609535047907,4.0,1.001071467040958,0.02406152378824603,1.1247739679719901,0.7756905196221398,0.017307439887037153,0.016749850542281994,0.22430948037786025,0.02253883066128165,0.02353526805569931,0.0240836682696942,41.0,1500.0,0.027333333333333334,-4.24181070280693,0.9330106583443292,5.447394218421955,58.50312128665744,58.63341094345869,2.3592517335897663,0.01746905230533019,0.01734116293283112,0.02826666666666667,58.60021682512249,57.01313516052025,0.023178174570642134,0.025247397647695173,0.6819603753910324,327.0
2026-08-11 04:27:30,655,Light,57.01313516052025,1.6749720117120392,53.76154395552914,58.6490791334522,6.0,1.0010453746051902,0.025247397647695173,1.1827920512047263,0.8064908449297044,0.017719624538822004,0.018014960512007724,0.19350915507029565,0.024372132730254334,0.02325563411271299,0.025178182486148143,48.0,1500.0,0.032,-6.307545383111375,0.9003872774430289,3.3816595381175105,58.23074060882249,58.16718561516236,2.096695306978524,0.01737787447727589,0.01741582580857081,0.0284,59.078869840824694,58.28031681022717,0.02406152378824603,0.02329463001027988,0.6830031282586028,327.5
2026-08-11 04:28:00,656,Light,58.28031681022717,1.6042946741428488,55.6168798537925,59.8728563051239,4.0,0.9997680630614373,0.02329463001027988,1.1395292799328345,0.8290218469729075,0.017165829911364422,0.01574890045410817,0.17097815302709252,0.023542119185261865,0.022008112672583076,0.02329974188956278,46.0,1500.0,0.030666666666666665,-5.040363733404455,0.9203994067952042,4.648841187824431,58.12410727052404,58.160563166143945,1.7373712272609871,0.01739763144574119,0.0174585222732354,0.030133333333333335,57.01313516052025,58.88776147656774,0.025247397647695173,0.02178917885166996,0.6840458811261731,328.0
2026-08-11 04:28:30,657,Light,58.88776147656774,2.009460606011269,56.30351668847894,61.881517911521826,6.0,0.9997598449707542,0.02178917885166996,1.1455229186617417,0.8860255613739394,0.01673341102118535,0.013957755731642756,0.14552291866174172,0.0229398312457143,0.021599061580185774,0.021834249414336718,32.0,1500.0,0.021333333333333333,-4.432919067063885,0.9299925548966684,5.256285854165,58.0604044824384,58.37206002265246,1.4339211388542394,0.01720628849045726,0.01720657287287549,0.027600000000000003,58.28031681022717,68.10316697068443,0.02329463001027988,0.004909084004684278,0.6850886339937435,328.5
2026-08-11 04:29:00,658,Heavy,68.10316697068443,0.9600002529463187,67.2841513639654,69.92136788159453,5.0,0.9999366071049272,0.004909084004684278,1.0160293118086694,0.9734997106498775,0.0038511561049161046,0.003044950094789759,0.026500289350122497,0.0050664736574174115,0.004967837175182066,0.004909834479862529,0.0,1500.0,0.0,4.7824864270528025,1.0755280326426275,14.471691348281688,61.75708175249312,60.272650051764856,1.2869177416680178,0.012583465679155291,0.014555492292665007,0.022266666666666667,58.88776147656774,69.01149319989334,0.02178917885166996,0.004893042971024741,0.6861313868613139,329.0
2026-08-11 04:29:30,659,Heavy,69.01149319989334,1.4264152509844272,67.12746256324242,70.54297231843871,4.0,0.9998378097852965,0.004893042971024741,1.015764941067057,0.9810132545257517,0.0038741517416213747,0.0029931794909313835,0.01898674547424828,0.00491411940114647,0.00513558372670559,0.0048925384275912386,0.0,1500.0,0.0,5.690812656261713,1.0898728915640825,15.380017577490598,65.33414054904851,62.259174723578575,1.5350285591593806,0.008152906289240943,0.01186883466358185,0.0168,68.10316697068443,67.58285834891691,0.004909084004684278,0.004802962063361532,0.6871741397288843,329.5
2026-08-11 04:30:00,660,Heavy,67.58285834891691,2.1546680156662594,65.05698082687212,70.31730318876303,5.0,0.9998155772173517,0.004802962063361532,1.017104520184486,0.984065542828976,0.0038833236008386737,0.0028323584088210175,0.01710452018448594,0.005036844434042483,0.004808402463952083,0.004803424118293739,0.0,1500.0,0.0,4.26217780528529,1.0673109917438175,13.951382726514176,68.23250617316491,64.37311936125792,1.6309677599502244,0.003869543815792051,0.009101574475985186,0.0104,69.01149319989334,68.08014994251398,0.004893042971024741,0.004941199015800518,0.6882168925964547,330.0
2026-08-11 04:30:30,661,Heavy,68.08014994251398,1.838356167970277,65.92677495299367,71.61415190213394,6.0,0.9998820078804534,0.004941199015800518,1.0164999223142446,0.9837319076675196,0.003932787365749722,0.0029937523928712643,0.016499922314244575,0.005167127677980642,0.004942822503397831,0.004941072804906533,0.0,1500.0,0.0,4.759469398882359,1.0751645332618118,14.448674320111245,68.22483383044143,66.33308598771528,1.6777800587157103,0.0038967542360699233,0.006454965966862245,0.004266666666666667,67.58285834891691,68.3864560665012,0.004802962063361532,0.004845815448502107,0.6892596454640251,330.5
2026-08-11 04:31:00,662,Heavy,68.3864560665012,2.627700564729995,65.64966846267312,72.29501280726649,4.0,0.9999861922172271,0.004845815448502107,1.0190939475060612,0.9848336348536838,0.003889521568567338,0.0028902837202351354,0.019093947506061193,0.005218497222347745,0.005219687771441168,0.004846663469244155,0.0,1500.0,0.0,5.065775522869572,1.0800019121616824,14.754980444098457,68.0164881193107,68.23282490570197,1.8014280504594555,0.0039018775117185774,0.0038861880763386425,0.0,68.08014994251398,68.59937118556839,0.004941199015800518,0.00509625327472021,0.6903023983315955,331.0
2026-08-11 04:31:30,663,Heavy,68.59937118556839,1.9818833690628697,66.02377917549147,71.23475068348344,4.0,1.0001846342114789,0.00509625327472021,1.016331557147979,0.9835778383861559,0.0040358078198556415,0.003117393538412655,0.016422161613844133,0.004907100265057811,0.004934867942068751,0.005097699331120965,0.0,1500.0,0.0,5.2786906419367625,1.0833644015922956,14.967895563165648,68.35532573152787,68.33206574867877,2.0058046736827655,0.003952705584724234,0.003923118419326551,0.0,68.3864560665012,66.97949245184938,0.004845815448502107,0.0050662250807442365,0.6913451511991658,331.5
2026-08-11 04:32:00,664,Heavy,66.97949245184938,1.2007875543438833,65.39560190756617,68.59836454676804,5.0,1.000176490978011,0.0050662250807442365,1.0189046389045773,0.9799708140761343,0.004032940761296287,0.0030713473346328218,0.02002918592386571,0.0049914450408256586,0.005006850928936995,0.005066548139544452,0.0,1500.0,0.0,3.658811908217757,1.0577822581312375,13.348016829446642,67.98843990130634,67.92566559906996,1.9606791343546568,0.003986090049906422,0.003954876223261532,0.0,68.59937118556839,67.70578542812687,0.00509625327472021,0.005031847208213584,0.6923879040667362,332.0
2026-08-11 04:32:30,665,Heavy,67.70578542812687,2.3198657367550144,64.377863950073,70.60334488401675,6.0,0.999976695651555,0.005031847208213584,1.0187899432713885,0.9821904348831558,0.004007206345511829,0.003043407091394942,0.0187899432713885,0.004918039394872978,0.005022931296415247,0.005030375873190388,0.0,1500.0,0.0,4.385104884495249,1.0692523334690576,14.074309805724134,67.76154968851489,67.95025101491197,1.993718678572408,0.0040253183088879195,0.003979652772196163,0.0,66.97949245184938,68.6990642134747,0.0050662250807442365,0.004969434567681856,0.6934306569343066,332.5
2026-08-11 04:33:00,666,Heavy,68.6990642134747,2.0876739904366173,66.24957242778251,71.34112458822256,6.0,1.000004496712908,0.004969434567681856,1.0170090863617487,0.983776961196624,0.004004057234898634,0.0029432678781507885,0.017009086361748693,0.004846072778073471,0.004971726973998695,0.0049699652784978305,0.0,1500.0,0.0,5.378383669843075,1.0849388165709473,15.06758859107196,67.79478069781699,68.07403386910411,2.043582243065676,0.004014734780568917,0.003993906746025946,0.0,67.70578542812687,68.0965658013065,0.005031847208213584,0.005108594273598938,0.694473409801877,333.0
2026-08-11 04:33:30,667,Heavy,68.0965658013065,1.1817610334395425,67.06230309938188,69.97926973804518,4.0,1.0001654866731318,0.005108594273598938,1.0157924828725542,0.9826303829333365,0.004120593144212743,0.003024207901434517,0.017369617066663512,0.004985292898178905,0.004925192310146099,0.00510799323334485,0.0,1500.0,0.0,4.775885257674872,1.0754237828253284,14.465090178903758,68.16713848096937,68.01605581606516,1.7543943368075854,0.004043952241541068,0.004040121061155027,0.0,68.6990642134747,67.31701118238156,0.004969434567681856,0.004978656615125689,0.6955161626694474,333.5
2026-08-11 04:34:00,668,Heavy,67.31701118238156,1.6051915114894062,63.95044250233378,68.42502500898746,6.0,1.0000469921338264,0.004978656615125689,1.0252948299965905,0.9842268143803629,0.003930167885647488,0.0030566338254036096,0.025294829996590495,0.005111276589729545,0.005008406772066519,0.004979396543007436,0.0,1500.0,0.0,3.9963306387499387,1.0631125661385814,13.685535559978824,68.03754706572094,67.7595838154278,1.6790559652928927,0.0040182727549196206,0.004018993074313396,0.0,68.0965658013065,67.9720552670317,0.005108594273598938,0.0050178204779171166,0.6965589155370178,334.0
2026-08-11 04:34:30,669,Heavy,67.9720552670317,1.4524291370442144,66.01018280283645,70.43440776303548,6.0,1.0000211550762301,0.0050178204779171166,1.0192319467564752,0.9677543803672574,0.003944371598836934,0.0031017579815554963,0.03224561963274264,0.004967433936929229,0.005027235273142497,0.005017710569094712,0.0,1500.0,0.0,4.651374723400082,1.0734574341821077,14.340579644628967,67.79521075023993,67.95809637846426,1.729384281832959,0.003998377542899055,0.004001279241821526,0.0,67.31701118238156,68.32685143722168,0.004978656615125689,0.005220712889567192,0.6976016684045881,334.5
2026-08-11 04:35:00,670,Heavy,68.32685143722168,2.089762034781623,65.45789681854733,71.1721907785033,6.0,1.0000260281340105,0.005220712889567192,1.022453041702391,0.9821114128528425,0.004163812875109211,0.0031494734290239464,0.02245304170239093,0.005074361046750988,0.004965939271873215,0.005216046450878185,0.0,1500.0,0.0,5.006170893590053,1.0790605983797112,14.695375814818938,67.87197262887832,68.08230958028324,1.6833635414382804,0.004012784119864544,0.004032600547741002,0.0,67.9720552670317,66.67653408731876,0.0050178204779171166,0.0049430599096285865,0.6986444212721585,335.0
2026-08-11 04:35:30,671,Heavy,66.67653408731876,1.1741900292906537,64.7668040807468,67.83264288014479,5.0,1.0000934279628213,0.0049430599096285865,1.016263754651716,0.9823993355399321,0.003939373824021861,0.002987290399178775,0.017600664460067916,0.004977912261775016,0.005122211628145368,0.004942818392717343,0.0,1500.0,0.0,3.3558535436871324,1.052997749153608,13.045058464916018,67.65848026385738,67.67780355505204,1.500666749209088,0.004015852765989335,0.0040196638655656475,0.0,68.32685143722168,66.11897391089306,0.005220712889567192,0.005197654180261446,0.6996871741397289,335.5
2026-08-11 04:36:00,672,Heavy,66.11897391089306,0.6399904076192021,65.0459593058652,66.73732549929235,4.0,1.0002076510549611,0.005197654180261446,1.0444652459774149,0.9837804661760182,0.004066764002378192,0.003243479379798287,0.04446524597741486,0.005006980042886137,0.005356360944571386,0.0051894149831605415,0.0,1500.0,0.0,2.7982933672614365,1.0441924082817342,12.487498288490322,67.04078647847784,67.28228517696935,1.39231262404502,0.004056650233836421,0.0040088980371987375,0.0,66.67653408731876,67.18866640113825,0.0049430599096285865,0.00499955141267802,0.7007299270072993,336.0
2026-08-11 04:36:30,673,Heavy,67.18866640113825,0.9770483839735199,65.56247708836017,68.33429487343783,5.0,1.0001152747659452,0.00499955141267802,1.0183900949115086,0.9793359750981354,0.00396438998478957,0.0030483462152738855,0.020664024901864586,0.005004938801141474,0.00500783685756555,0.0049974587764804535,0.0,1500.0,0.0,3.867985857506625,1.0610856646564524,13.55719077873551,66.66139146645003,67.25661622072069,1.2666839985418425,0.003990175937063208,0.004015742457027153,0.0,66.11897391089306,68.02066475716566,0.005197654180261446,0.00492925631675125,0.7017726798748697,336.5
2026-08-11 04:37:00,674,Heavy,68.02066475716566,2.2722974205164674,65.14950779152099,70.51925886673729,6.0,1.0001696477412467,0.00492925631675125,1.0169964414052828,0.9836024309024917,0.003954513348340013,0.00294757058781344,0.01699644140528278,0.004939885390252626,0.00506289967315112,0.004929000036323665,0.0,1500.0,0.0,4.699984213534037,1.0742251058135024,14.389189134762923,67.10943502306566,67.26633811874748,1.4306576552362933,0.003995222445169259,0.00401777080692777,0.0,67.18866640113825,67.88540187671174,0.00499955141267802,0.004940354104853196,0.7028154327424401,337.0
2026-08-11 04:37:30,675,Heavy,67.88540187671174,1.1032262116770946,66.2298880258303,69.53434722866663,5.0,1.0000560375350376,0.004940354104853196,1.0177123423939025,0.9819730324693685,0.003943239893925379,0.0029767596519753277,0.018026967530631488,0.005105483280123813,0.004869418312125407,0.004940586561466777,0.0,1500.0,0.0,4.564721333080115,1.072088949358887,14.253926254309,67.69824434500522,67.17804820664549,1.2333504906153876,0.003954047742351655,0.003973656210691003,0.0,68.02066475716566,68.04187330941417,0.00492925631675125,0.0049823724039397286,0.7038581856100105,337.5
2026-08-11 04:38:00,676,Heavy,68.04187330941417,2.1050221554538533,65.89457651563026,70.68090975085612,4.0,1.000097300241482,0.0049823724039397286,1.0166107891791547,0.9816485971157247,0.0039401074032630505,0.003051074525357298,0.01835140288427528,0.005089121977353306,0.00485177223164678,0.004980989173594339,0.0,1500.0,0.0,4.721192765782547,1.0745600446054804,14.410397687011432,67.98264664776387,67.45111605106459,1.4195169158480274,0.00394595354850948,0.003973802926539241,0.0,67.88540187671174,68.0592149980345,0.004940354104853196,0.005010364943116248,0.7049009384775808,338.0
2026-08-11 04:38:30,677,Heavy,68.0592149980345,3.2960429535315656,64.2513692998142,72.96133913897171,6.0,1.00012655205563,0.005010364943116248,1.0189435404346916,0.9836088620408376,0.004020723543182502,0.0029922490663864152,0.018943540434691597,0.005133652306341722,0.005018976708142721,0.005011474174552998,0.0,1500.0,0.0,4.738534454402881,1.0748339154557531,14.427739375631766,67.99549672805348,67.83916426849287,1.9507274250305002,0.003968023613456977,0.0039645948347001025,0.0,68.04187330941417,67.3408429994602,0.0049823724039397286,0.005075158881587587,0.7059436913451512,338.5
2026-08-11 04:39:00,678,Heavy,67.3408429994602,2.1342394876112443,65.67397968452167,71.79781512423042,6.0,0.9998197416677718,0.005075158881587587,1.0156295691803499,0.9849125949984769,0.004067873598644638,0.0030400880127300633,0.015629569180349856,0.004999388939861384,0.005015069554762359,0.005074223770273984,0.0,1500.0,0.0,4.020162455828569,1.0634889331781336,13.709367377057454,67.81397710230297,67.86959958815726,2.1821656457580447,0.0040095681816967295,0.003985291557471117,0.0,68.0592149980345,66.12939697094892,0.005010364943116248,0.004994364611497524,0.7069864442127216,339.0
2026-08-11 04:39:30,679,Heavy,66.12939697094892,2.871210277837676,61.78818341960731,70.18122374159171,5.0,0.9998701988494246,0.004994364611497524,1.017121582264298,0.9819520933734146,0.004004841854297616,0.0029869328638815335,0.018047906626585397,0.005090120729682502,0.0051593169843871635,0.0049938666562571446,0.0,1500.0,0.0,2.808716427317293,1.0443570157996316,12.497921348546178,67.17648498948121,67.4913460309139,2.3019482172222867,0.004031146332041585,0.003995357258662637,0.0,67.3408429994602,68.16722219008001,0.005075158881587587,0.004949993914474496,0.708029197080292,339.5
2026-08-11 04:40:00,680,Heavy,68.16722219008001,3.562317700551644,62.40567105838587,72.30229969272987,5.0,1.0001818706315029,0.004949993914474496,1.0180833505936864,0.9814441231870322,0.003917439513437824,0.003031366744307572,0.018555876812967775,0.004984950819948232,0.005008151487382515,0.0049497330912754685,0.0,1500.0,0.0,4.846541646448387,1.0765396329420187,14.535746567677272,67.21248738682972,67.54771009358755,2.793766514997196,0.003996718322126693,0.003990197182565126,0.0,66.12939697094892,68.42469974795277,0.004994364611497524,0.0050263314592844275,0.7090719499478624,340.0
2026-08-11 04:40:30,681,Heavy,68.42469974795277,1.0897421672979106,66.42340679498069,69.97199623718002,6.0,0.9997794862174727,0.0050263314592844275,1.027558632507095,0.9755144007923962,0.00402341688758503,0.0030207202478171368,0.027558632507094893,0.005152139718438596,0.005118983139358755,0.0050232927165594615,0.0,1500.0,0.0,5.104019204321148,1.0806058804248666,14.793224125550033,67.57377296966058,67.62427538129528,2.5907105173660083,0.003981899418440157,0.004006859079429522,0.0,68.16722219008001,66.96189427564478,0.004949993914474496,0.004911263482045532,0.7101147028154328,340.5
2026-08-11 04:41:00,682,Heavy,66.96189427564478,2.0191518621225804,63.580995007475714,69.78255191765446,5.0,1.000300314174398,0.004911263482045532,1.0145740470240758,0.9839836204317366,0.0039429191758525465,0.002943481945946438,0.016016379568263406,0.00494798525771385,0.004970530202041365,0.00491059225473788,0.0,1500.0,0.0,3.6412137320131563,1.0575043366677677,13.330418653242042,67.85127207122586,67.40481123681732,2.335332299084211,0.003961258525625133,0.003991298205963531,0.0,68.42469974795277,68.77738011137144,0.0050263314592844275,0.005216726984199053,0.7111574556830031,341.0
2026-08-11 04:41:30,683,Heavy,68.77738011137144,1.302482789224225,67.27939394183733,70.43890990391708,5.0,0.9998501776010095,0.005216726984199053,1.0155162838033445,0.9740185635743652,0.0041508816411661405,0.0031633635232043325,0.025981436425634774,0.004814997021133119,0.004907525882738599,0.005215957343040047,0.0,1500.0,0.0,5.456699567739818,1.086175630471625,15.145904488968704,68.05465804498967,67.69211865919958,2.1689809594068072,0.004039072568201238,0.0040078998144678305,0.0,66.96189427564478,68.1743971311096,0.004911263482045532,0.0049404998926510235,0.7122002085505735,341.5
2026-08-11 04:42:00,684,Heavy,68.1743971311096,1.554869321926976,66.27653602475087,69.91004794805413,4.0,1.0001582374735374,0.0049404998926510235,1.016747467632278,0.9848815446028618,0.0039251640557668695,0.0030044409500990456,0.01674746763227808,0.00489959120805248,0.0050174884895551755,0.004940052929878091,0.0,1500.0,0.0,4.853716587477976,1.0766529441219994,14.542921508706861,67.97122383937528,68.10111869123172,1.9057127682246673,0.0040063216242618525,0.003991964254761682,0.0,68.77738011137144,68.4581614147977,0.005216726984199053,0.004949651309360443,0.7132429614181439,342.0
2026-08-11 04:42:30,685,Heavy,68.4581614147977,2.176776695251356,64.84090183087385,70.95278611588398,6.0,0.9999469856861614,0.004949651309360443,1.0181321354754738,0.9834873560682388,0.003970159407859412,0.0029562971565643952,0.018132135475473765,0.004902927105183361,0.005047685889379829,0.004950613278645561,0.0,1500.0,0.0,5.137480871166076,1.0811343281066925,14.826685792394962,68.46997955242625,68.15930653617525,1.6286045671646097,0.004015401701597474,0.004002508233645999,0.0,68.1743971311096,67.52280702482192,0.0049404998926510235,0.0051415385185583475,0.7142857142857143,342.5
2026-08-11 04:43:00,686,Heavy,67.52280702482192,0.38511025369927,66.95067652709577,68.14133646944197,6.0,0.9999730860711622,0.0051415385185583475,1.0167511682005657,0.9585563756390668,0.004020800672240795,0.003204575580555501,0.041443624360933184,0.005254961670810459,0.004899027122944126,0.005144986754699709,0.0,1500.0,0.0,4.202126481190291,1.066362623476461,13.891331402419176,68.05178852357642,67.9789279915491,1.4876781844448814,0.003972041378622359,0.004001984990577153,0.0,68.4581614147977,67.93165043928141,0.004949651309360443,0.00505665930541879,0.7153284671532847,343.0
2026-08-11 04:43:30,687,Heavy,67.93165043928141,1.5257446704019657,65.54148719202739,69.39534674169909,4.0,1.0001806341360524,0.00505665930541879,1.031277324088627,0.9837810722771714,0.0040025146725323575,0.0030955303775523015,0.031277324088627045,0.005163215014266895,0.005056964416441996,0.005052572856944676,0.0,1500.0,0.0,4.610969895649788,1.0728193357377542,14.300174816878673,67.97087295963368,68.17287922427641,1.3889967461007586,0.003997824917544188,0.004013904089913115,0.0,67.52280702482192,66.21163710363663,0.0051415385185583475,0.005033533275576452,0.7163712200208551,343.5
2026-08-11 04:44:00,688,Heavy,66.21163710363663,1.2002657163678627,65.15033841325943,68.22981776438435,4.0,1.0000136814551863,0.005033533275576452,1.0167829005917355,0.9834680735382029,0.003981463021863532,0.0030797072302549697,0.016782900591735483,0.005121668782441523,0.005071026360880989,0.005034745687779454,0.0,1500.0,0.0,2.8909565600050087,1.0456558036834898,12.580161481233894,67.22203152258,67.65973062272946,1.3685533315294862,0.0040015927888788945,0.0039800203660525935,0.0,67.93165043928141,68.0178984430132,0.00505665930541879,0.004890502510328915,0.7174139728884255,344.0
2026-08-11 04:44:30,689,Heavy,68.0178984430132,0.9595685272448593,66.69847141830866,69.39844365382605,4.0,1.0000555926100145,0.004890502510328915,1.0160471587266273,0.9841179582812074,0.0038764671636685737,0.0029821313973098142,0.01604715872662732,0.00513215988623323,0.004833803929247395,0.004889794686181456,0.0,1500.0,0.0,4.69721789938157,1.0741814184410876,14.386422820610456,67.38706199531042,67.62843088511018,1.2494931725930627,0.003953481619354821,0.003970280987632933,0.0,66.21163710363663,69.02601001778606,0.005033533275576452,0.005138293365509098,0.7184567257559958,344.5
2026-08-11 04:45:00,690,Heavy,69.02601001778606,1.1337833695153583,67.48721860553586,70.68920820118494,4.0,1.0002781247328458,0.005138293365509098,1.018811319482717,0.9852039585811391,0.004171798049537713,0.0030125592294474104,0.01881131948271708,0.005005331140020127,0.005014075230153102,0.0051387715997265595,0.0,1500.0,0.0,5.705329474154439,1.0901021502796884,15.394534395383324,67.75184852147864,67.74200060570784,1.0408945074458633,0.00400990941168994,0.004010608715968594,0.0,68.0178984430132,68.59951138866761,0.004890502510328915,0.00497163848313096,0.7194994786235662,345.0
2026-08-11 04:45:30,691,Heavy,68.59951138866761,1.5894083886760204,66.12219456479603,70.8720887975427,5.0,1.0000094167736924,0.00497163848313096,1.0171961784272765,0.9846658776479186,0.0039815121985169784,0.0029773878644939735,0.0171961784272765,0.005050307630940454,0.005059679925566453,0.004972080528921513,0.0,1500.0,0.0,5.2788308450359835,1.083366615767791,14.968035766264869,68.54780661648897,67.95734147847698,1.2817541344412133,0.004009925803907756,0.004002751021223831,0.0,69.02601001778606,68.57488515981314,0.005138293365509098,0.005169685899939718,0.7205422314911366,345.5
2026-08-11 04:46:00,692,Heavy,68.57488515981314,0.5553093308983005,67.71728858753735,69.11590540786439,4.0,1.000139840962569,0.005169685899939718,1.0160512299899056,0.9775970051127176,0.004114171901916262,0.0031334960284529647,0.022402994887282368,0.004853590839459717,0.0051200768570077064,0.005170318319271473,0.0,1500.0,0.0,5.254204616181511,1.0829777028779888,14.943409537410396,68.73346885542229,68.08598842258333,1.0876670665404804,0.004089160716656984,0.004025082467100613,0.0,68.59951138866761,67.57496345893279,0.00497163848313096,0.00485411628801088,0.721584984358707,346.0
2026-08-11 04:46:30,693,Heavy,67.57496345893279,1.249981140062157,66.03319001547416,69.46979638574372,4.0,0.99996184607001,0.00485411628801088,1.0191522699131872,0.9842229396490705,0.003882936807339445,0.002913194536949905,0.019152269913187192,0.005050629297974231,0.005015744484659659,0.004855009203155116,0.0,1500.0,0.0,4.254282915301161,1.0671863106772788,13.943487836530046,68.24978666913785,68.35865369364255,1.097610151279339,0.003992873635924228,0.004005377224195795,0.0,68.57488515981314,67.77660921856611,0.005169685899939718,0.004893657877735147,0.7226277372262774,346.5
2026-08-11 04:47:00,694,Heavy,67.77660921856611,2.6269964692661887,62.54887903629192,70.8028977554727,6.0,0.9998561318735635,0.004893657877735147,1.0148050152170476,0.9743140466380741,0.0039278010624267095,0.0029224928188317702,0.025685953361925917,0.005018883688026158,0.005101517454729756,0.004892897632522286,0.0,1500.0,0.0,4.4559286749344835,1.0703708272981067,14.145133596163369,67.97548594577069,68.31039584875313,1.4310957396836048,0.003974969923894139,0.004015644003947422,0.0,67.57496345893279,69.14570391783458,0.00485411628801088,0.005047268073837422,0.7236704900938478,347.0
2026-08-11 04:47:30,695,Heavy,69.14570391783458,1.5995327616055965,66.5586849507792,71.05264942745396,6.0,1.0000663602639106,0.005047268073837422,1.0195015641356089,0.9796031191905374,0.00405342686380156,0.003008163784373559,0.02039688080946256,0.004941921158104891,0.005112455615195841,0.005047126780161896,0.0,1500.0,0.0,5.8250233742029565,1.0919924316067509,15.514228295431842,68.16575886511117,68.33433462876283,1.5242456181016526,0.003954721577855905,0.003991969766800191,0.0,67.77660921856611,67.99470333800565,0.004893657877735147,0.005105667163071858,0.7247132429614181,347.5
2026-08-11 04:48:00,696,Heavy,67.99470333800565,1.885653949766416,66.09155987103965,70.93767423225073,4.0,1.0000068517238376,0.005105667163071858,1.0194736219146303,0.9753745164990654,0.004110857118110444,0.0030279923845132886,0.02462548350093463,0.0050764673060517875,0.004919020086039739,0.005107176315112112,0.0,1500.0,0.0,4.674022794374025,1.0738151067588946,14.36322771560291,68.30567215813545,68.21337301863045,1.5834947303197318,0.004030695014779572,0.004017838750718884,0.0,69.14570391783458,68.07921225021296,0.005047268073837422,0.00505307471244608,0.7257559958289885,348.0
2026-08-11 04:48:30,697,Heavy,68.07921225021296,0.8466275486344824,66.7608633806104,69.08222152253516,5.0,1.0003085430900824,0.00505307471244608,1.0256722498544137,0.9842046769628554,0.004029390241850543,0.00306476380278796,0.025672249854413742,0.005023377592842298,0.004964332761805314,0.005052831037464797,0.0,1500.0,0.0,4.758531706581337,1.0751497246354205,14.447736627810222,68.40653983535107,68.11423843671041,1.641758373866968,0.004064558074587516,0.00400088241870574,0.0,67.99470333800565,68.14460840173342,0.005105667163071858,0.005183742008613618,0.7267987486965589,348.5
2026-08-11 04:49:00,698,Heavy,68.14460840173342,1.3201303723044477,66.18390136354112,69.87069709561682,4.0,1.000085658356467,0.005183742008613618,1.0391344370067945,0.9832694948987614,0.004013898012703917,0.003281332246132619,0.03913443700679453,0.004942803587947362,0.005088926460963962,0.005181344886790104,0.0,1500.0,0.0,4.823927858101797,1.076182501778038,14.513132779330682,68.07284132998403,68.22816742527054,1.6557882203154264,0.004051381790888302,0.004027074659778635,0.0,68.07921225021296,67.86867139587733,0.00505307471244608,0.004986775320941127,0.7278415015641293,349.0
2026-08-11 04:49:30,699,Heavy,67.86867139587733,1.2082134378171963,66.57410531355254,69.9881720441095,5.0,0.999880943536214,0.004986775320941127,1.0159740636420362,0.9832535725865434,0.003974074606179129,0.0030147692395337488,0.016746427413456555,0.0050359370325123295,0.005069407374927555,0.0049871305967504765,0.0,1500.0,0.0,4.547990852245704,1.071824731086266,14.237195773474589,68.03083068260791,68.2465798607328,1.372031614025628,0.00400578762024453,0.004036329368529118,0.0,68.14460840173342,67.34877839058522,0.005183742008613618,0.005053811748543184,0.7288842544316997,349.5
2026-08-11 04:50:00,700,Heavy,67.34877839058522,1.8302468202411408,65.46202508217952,70.2642593950467,5.0,0.9999645053886342,0.005053811748543184,1.0331008062871965,0.971888926614343,0.003970089443264747,0.003127405133593493,0.03310080628719647,0.0051804549331952434,0.004918496526986903,0.005055555847395046,0.0,1500.0,0.0,4.0280978469535995,1.0636142538641544,13.717302768182485,67.78735272939868,67.88719475528292,1.4181744257527367,0.003986020687382598,0.004019661884421756,0.0,67.86867139587733,68.23263377736986,0.004986775320941127,0.004906424859866622,0.7299270072992701,350.0
2026-08-11 04:50:30,701,Heavy,68.23263377736986,2.80636940825469,65.08937236208037,73.19109392423906,5.0,1.000130258547122,0.004906424859866622,1.0173978312989365,0.983732436541905,0.0038908081507649933,0.0029919198065048833,0.01739783129893646,0.004953212233960823,0.005052884126401576,0.0049063285310357065,0.0,1500.0,0.0,4.911953233738231,1.0775726538560118,14.601158154967116,67.81669452127748,67.93478084315576,1.6023175174503916,0.003944990733402956,0.003975652090952665,0.0,67.34877839058522,68.07154824167164,0.005053811748543184,0.00497544540806636,0.7309697601668405,350.5
2026-08-11 04:51:00,702,Heavy,68.07154824167164,0.7050884288385489,66.91003959186217,68.80668002859065,4.0,1.0000730299910323,0.00497544540806636,1.0147805044337652,0.9809904763126488,0.003998523251768882,0.002961790369574194,0.019009523687351204,0.005166264753281386,0.005089135446990197,0.004975261894302285,0.0,1500.0,0.0,4.750867698040011,1.075028689793793,14.440072619268896,67.88432013654226,67.9332480414475,1.5740096934912047,0.003953140281932875,0.0039694786929363336,0.0,68.23263377736986,68.46025842701722,0.004906424859866622,0.005037407120411739,0.7320125130344108,351.0
2026-08-11 04:51:30,703,Heavy,68.46025842701722,1.3824522399390795,65.7803582277396,69.95703925380158,6.0,1.0004044018849796,0.005037407120411739,1.0281417847902203,0.983300560397763,0.003969358978571573,0.0031278108447575937,0.028141784790220337,0.005020914485173115,0.005001091890616882,0.005036005476217704,0.0,1500.0,0.0,5.1395778833855985,1.081167445442159,14.828782804614484,68.25481348201959,67.99637804650426,1.5864740670181312,0.003952896793701816,0.003960570886109864,0.0,68.07154824167164,67.85911762941532,0.00497544540806636,0.004891326939244909,0.7330552659019812,351.5
2026-08-11 04:52:00,704,Heavy,67.85911762941532,1.843007823757482,64.82670819724854,70.49337528038738,5.0,0.999892190588771,0.004891326939244909,1.0157210119153997,0.9843505849469132,0.00390336689605747,0.002949648957163409,0.015721011915399652,0.004834135719018528,0.0049624018202757076,0.00489321027880559,0.0,1500.0,0.0,4.538437085783698,1.071673851999371,14.227642007012584,68.13030809936807,67.99446729321184,1.7134329442061884,0.003957083042132642,0.003946429344085534,0.0,68.46025842701722,66.82210751692564,0.005037407120411739,0.005155011043998827,0.7340980187695516,352.0
2026-08-11 04:52:30,705,Heavy,66.82210751692564,1.2199913786917151,64.87592063536695,68.05319048267394,6.0,1.0000677813463301,0.005155011043998827,1.0171184906598834,0.983660655206198,0.004120282832286065,0.003098709821301266,0.017118490659883356,0.005045934435760118,0.00495047655373214,0.005153657046173279,0.0,1500.0,0.0,3.5014269732940164,1.055296736283201,13.190631894522902,67.71382785778607,67.88913311847993,1.591381855896303,0.003997669568971703,0.003976468021889797,0.0,67.85911762941532,68.66041528361535,0.004891326939244909,0.005147051392624045,0.735140771637122,352.5
2026-08-11 04:53:00,706,Heavy,68.66041528361535,1.7249975618718674,65.86099894199975,70.67149615381378,6.0,1.0001819154930613,0.005147051392624045,1.0163291702228963,0.9816698281188324,0.004139895887512564,0.0030637384557898307,0.01833017188116759,0.004930279599067507,0.004986210659452435,0.005146966565121973,0.0,1500.0,0.0,5.339734739983726,1.0843284483701077,15.028939661212611,67.78054680998544,67.97468941972903,1.3751074866197386,0.004054515205285367,0.004026285569239311,0.0,66.82210751692564,70.40305970832254,0.005155011043998827,0.005048729953247477,0.7361835245046924,353.0
2026-08-11 04:53:30,707,Heavy,70.40305970832254,0.8643592590118016,69.58345056062771,71.81126696912567,4.0,0.9998309222411744,0.005048729953247477,1.0150767790017368,0.9812122643137778,0.004030719860313112,0.0030449234533934002,0.018787735686222162,0.004840701978316519,0.0050287355680180374,0.005048733495900074,0.0,1500.0,0.0,7.08237916469092,1.111849384812135,16.771584085919805,68.62852750295451,68.44099171305922,1.406961652654389,0.00409696619337058,0.004032724890948157,0.0,68.66041528361535,68.88522477874108,0.005147051392624045,0.004932838523374658,0.7372262773722628,353.5
2026-08-11 04:54:00,708,Heavy,68.88522477874108,1.4414554936272355,67.39832128472243,71.78269582626558,6.0,1.0000321287867406,0.004932838523374658,1.0163820595312174,0.9849884491828507,0.003970613774902579,0.0029271409954391312,0.016382059531217408,0.004933665806977478,0.004876017324412131,0.004934173825777534,0.0,1500.0,0.0,5.564544235109452,1.087878781266022,15.253749156338337,69.316233256893,68.52598498340399,1.4187623033920203,0.004047076507576085,0.0040329758502143575,0.0,70.40305970832254,68.5928476176899,0.005048729953247477,0.0048931788258840024,0.7382690302398331,354.0
2026-08-11 04:54:30,709,Heavy,68.5928476176899,2.3413970636035515,65.7760247292096,72.34041999918722,5.0,1.000192904412037,0.0048931788258840024,1.017382041626453,0.9812099450697083,0.0038770405370705772,0.0029914825435182436,0.018790054930291733,0.005082004871967042,0.005032733480987976,0.004892865551623269,0.0,1500.0,0.0,5.272167074058274,1.0832613773066675,14.961371995287159,69.29371070158452,68.67273098105889,1.5184401513612342,0.003959458057428756,0.0040277105784169796,0.0,68.88522477874108,71.79828680339284,0.004932838523374658,0.005031675907900116,0.7393117831074035,354.5
2026-08-11 04:55:00,710,Heavy,71.79828680339284,2.2999951658909805,67.86839574493601,73.57794186612345,4.0,1.0001556387166153,0.005031675907900116,1.0157414844796586,0.9829636360224411,0.004036666985072966,0.003007873917549411,0.01703636397755892,0.0050919841773654165,0.005068270830331511,0.005030783253570154,0.0,1500.0,0.0,8.477606259761217,1.133883688346016,18.166811180990102,69.75878639994129,69.66796683835234,1.7344409088010875,0.003961440432348708,0.00401098740897436,0.0,68.5928476176899,68.55995485590329,0.0048931788258840024,0.005095067069166263,0.7403545359749739,355.0
2026-08-11 04:55:30,711,Heavy,68.55995485590329,1.0669920224825473,67.30574411722067,70.04659414189912,6.0,1.0000079557672006,0.005095067069166263,1.015704383075464,0.9828064060332514,0.0040831778995096026,0.0030475285026543386,0.017193593966748577,0.004891443273595683,0.0048187553802040385,0.005096198020063617,0.0,1500.0,0.0,5.239274312271661,1.0827419141312213,14.928479233500546,69.65036309232869,69.64787475280994,1.6028398009232234,0.003998961807217715,0.003999643811373767,0.0,71.79828680339284,68.76799774463436,0.005031675907900116,0.0050671708498162375,0.7413972888425443,355.5
2026-08-11 04:56:00,712,Heavy,68.76799774463436,1.5995941895189019,66.12280273343346,70.85977348292731,5.0,1.0000060283028263,0.0050671708498162375,1.017184861395191,0.9805385313570776,0.004000402887267523,0.0031101500769583523,0.01946146864292242,0.004903657196004011,0.0050376558350172474,0.0050678567387875415,0.0,1500.0,0.0,5.447317201002733,1.0860274582369533,15.136522122231618,69.70874646797684,69.3208623600723,1.7498867870246433,0.0040400825906166974,0.00399358041676465,0.0,68.55995485590329,56.540671571004296,0.005095067069166263,0.023412124458524596,0.7424400417101147,356.0
2026-08-11 04:56:30,713,Light,56.540671571004296,1.7872759559550935,54.335634428610206,59.25587933871475,4.0,1.001063019355628,0.023412124458524596,1.1671592767131256,0.8364007104772729,0.017096354702236655,0.016030353636373586,0.16715927671312558,0.02414705280387177,0.023604957541760462,0.02332532319005372,39.0,1500.0,0.026,-6.7800089726273285,0.892925835376082,2.909195948601557,64.62287472384732,66.85195171852493,1.8190508794902152,0.008393311829671261,0.006618728602231465,0.0052,68.76799774463436,57.259063880857106,0.0050671708498162375,0.024645857636362397,0.7434827945776851,356.5
2026-08-11 04:57:00,714,Light,57.259063880857106,3.5413839681693156,51.566539500373445,63.09971997063248,6.0,0.9999520710583405,0.024645857636362397,1.1128898572896675,0.7866354897757042,0.01795851212919804,0.016879349451940917,0.2133645102242958,0.022728812136499205,0.02341614719865752,0.024709309065261666,50.0,1500.0,0.03333333333333333,-6.061616662774519,0.9042711384221824,3.6275882584543666,60.855911065498596,64.58519497115837,2.059048260403368,0.013018423239567407,0.009435022920656958,0.011866666666666668,56.540671571004296,57.66525856547472,0.023412124458524596,0.022685626562069534,0.7445255474452555,357.0
2026-08-11 04:57:30,715,Light,57.66525856547472,3.245545517444745,52.86509311024886,60.76124345462282,4.0,1.0004529095902366,0.022685626562069534,1.1775668243795132,0.8692179162759911,0.01693420398356354,0.015102169216826559,0.1775668243795132,0.023079287602120663,0.022789642023496263,0.02275180414194433,36.0,1500.0,0.024,-5.655421978156902,0.9106860202764248,4.033782943071984,57.154998005778715,61.75858932357475,2.2481583307141206,0.017329690271666077,0.012014530320355071,0.016666666666666666,57.259063880857106,58.02665097160087,0.024645857636362397,0.02305318528327979,0.7455683003128258,357.5
2026-08-11 04:58:00,716,Light,58.02665097160087,2.0997747007512,54.02090824381537,59.98184061865139,5.0,0.9999736730005886,0.02305318528327979,1.1407086977953103,0.8875583355752623,0.017639385232650986,0.014842578395624539,0.14070869779531026,0.021635705264421143,0.023879038163433952,0.023028195705568428,41.0,1500.0,0.027333333333333334,-5.294029572030752,0.9163933563793134,4.395175349198134,57.65032447264425,59.651928546714274,2.4547148663678513,0.017510700448470858,0.014725771786983349,0.02213333333333333,57.66525856547472,58.101194961171075,0.022685626562069534,0.024267187614427175,0.7466110531803962,358.0
2026-08-11 04:58:30,717,Light,58.101194961171075,2.325608592061677,54.603521628762046,62.269092364568664,6.0,1.0004790482017982,0.024267187614427175,1.1677185520636075,0.8200778184571873,0.017933369336566665,0.016356043107418863,0.1799221815428127,0.022815905771536638,0.023684780116730676,0.02420182385044252,49.0,1500.0,0.03266666666666666,-5.21948558246055,0.9175706019321125,4.469719338768336,57.9310348327489,57.51856799002162,2.5999177468764065,0.01750231951759373,0.01751236507684318,0.028666666666666663,58.02665097160087,58.62982401310429,0.02305318528327979,0.022177991867608715,0.7476538060479666,358.5
2026-08-11 04:59:00,718,Light,58.62982401310429,2.7062341015919222,55.59670106388118,62.983033337693854,4.0,1.0007018992192322,0.022177991867608715,1.1845747639137665,0.9328404253400858,0.016977510704084927,0.014287061142388905,0.18457476391376648,0.023163947850477155,0.023037753816359672,0.02216436704606073,30.0,1500.0,0.02,-4.690856530527334,0.9259190442955669,4.998348390701551,58.25255664862542,57.93639847844162,2.7837093760037717,0.017516755091100858,0.01748859627721283,0.027466666666666667,58.101194961171075,57.244051773181376,0.024267187614427175,0.024746061389125072,0.748696558915537,359.0
2026-08-11 04:59:30,719,Light,57.244051773181376,2.805542067364675,53.24131375623517,60.73521302863692,5.0,1.00084329578968,0.024746061389125072,1.1713840059554255,0.8478431333514,0.017418068776355995,0.01759799937962753,0.17138400595542547,0.0230160771745654,0.02297579839688059,0.02476475733294626,47.0,1500.0,0.03133333333333333,-6.076628770450249,0.90403405777891,3.6125761507786365,57.99169024915225,57.93339605690646,2.636540995842844,0.017442982939002528,0.017380507606644422,0.027066666666666662,58.62982401310429,59.000341115828476,0.022177991867608715,0.023917726742550636,0.7497393117831074,359.5
2026-08-11 05:00:00,720,Light,59.000341115828476,3.942334708393065,52.44196502349697,62.9880043290946,5.0,1.0010272486911356,0.023917726742550636,1.1640200755850345,0.8522006343961352,0.017354846754690626,0.016490063266281486,0.1640200755850345,0.024220042580396058,0.023723822129337782,0.02370313492033474,43.0,1500.0,0.028666666666666667,-4.320339427803148,0.9317704833442815,5.368865493425737,58.29140563403806,58.20041256697722,2.7758988340325077,0.01725014207837718,0.01746463616086984,0.027999999999999997,57.244051773181376,62.93648258184904,0.024746061389125072,0.024210906857120653,0.7507820646506778,360.0
2026-08-11 05:00:30,721,Light,62.93648258184904,3.6079032734069703,57.624322227390344,67.0465578617407,5.0,1.0000752390155692,0.024210906857120653,1.1869997255985625,0.86737152655037,0.01777000489244582,0.01644386201219432,0.18699972559856248,0.02391793088135672,0.024144849226119616,0.024284601707576913,43.0,1500.0,0.028666666666666667,-0.3841979617825828,0.9939325042232,9.305006959446303,59.72695849028631,59.18237888902685,3.0775245485636615,0.017514306807830813,0.017490760092828805,0.028266666666666662,59.000341115828476,57.613738854474285,0.023917726742550636,0.024127812276028695,0.7518248175182481,360.5
2026-08-11 05:01:00,722,Light,57.613738854474285,0.8286912718410606,56.49711150663528,58.717538585924224,4.0,0.9993378856130296,0.024127812276028695,1.152580641544691,0.8515975177637553,0.01761929486901591,0.01649697454102975,0.1525806415446911,0.023118143621263066,0.021341489897966318,0.024226375191379677,44.0,1500.0,0.029333333333333333,-5.70694168915734,0.9098723886073061,3.9822632320715456,59.850187517383944,59.08488766768748,2.7781410845195387,0.017581382172050786,0.017427945199318656,0.027599999999999996,62.93648258184904,57.26892055926654,0.024210906857120653,0.022594988538593295,0.7528675703858185,361.0
2026-08-11 05:01:30,723,Light,57.26892055926654,2.158904196935954,53.87048988660161,59.812039755314224,4.0,1.0008630468808766,0.022594988538593295,1.1771302315615784,0.8671970641257569,0.016994364714050685,0.014915425737925897,0.17713023156157837,0.02407218688890194,0.02357768458515741,0.022442765715306057,38.0,1500.0,0.025333333333333333,-6.051759984365084,0.9044268012850072,3.637444936863801,59.273047331863296,58.81270697691995,2.6686751035883445,0.01746122149183747,0.017431316001311807,0.028666666666666663,57.613738854474285,56.472278208402564,0.024127812276028695,0.022827148970001907,0.7539103232533889,361.5
2026-08-11 05:02:00,724,Light,56.472278208402564,4.265720727726161,48.2973954441113,61.082583439960715,6.0,0.9999974850925901,0.022827148970001907,1.1351629834142791,0.81731419733731,0.01704350982741449,0.015185437405166969,0.18268580266268997,0.023313263842539633,0.02213379066227854,0.022802094230330486,29.0,1500.0,0.019333333333333334,-6.848402335229061,0.8918457243915735,2.8408025859998247,57.11831254071447,58.65835226396418,2.960710835660642,0.017219056470160362,0.017356404211523506,0.026266666666666667,57.26892055926654,59.37354460770036,0.022594988538593295,0.02447325913806783,0.7549530761209593,362.0
2026-08-11 05:02:30,725,Light,59.37354460770036,2.226428215449305,55.63307255778392,61.99447820080554,6.0,1.001748747704364,0.02447325913806783,1.191349538472999,0.8081174445328284,0.01761821050463948,0.0170762170865432,0.1918825554671716,0.022789901528739824,0.023600388077295135,0.024493773252204327,47.0,1500.0,0.03133333333333333,-3.9471359359312643,0.9376643475394827,5.742068985297621,57.7049144584565,58.732992962338564,2.6175295370718903,0.017218695015368216,0.017409076961513278,0.026799999999999997,56.472278208402564,56.47856126768021,0.022827148970001907,0.024027097767163365,0.7559958289885297,362.5
2026-08-11 05:03:00,726,Light,56.47856126768021,3.050791060383823,51.351808134705436,59.807534434381914,6.0,1.0012770987779263,0.024027097767163365,1.1529202446556803,0.8695826425023355,0.017502357653838306,0.01651059917018565,0.15292024465568033,0.024753034962893966,0.024590922540218076,0.023940667071589233,43.0,1500.0,0.028666666666666667,-6.842119275951411,0.8919449504141574,2.847085645277474,57.441461361261055,57.44140869950479,2.5061070944672608,0.017388025995297426,0.017355547513791772,0.026799999999999997,59.37354460770036,57.926482370657695,0.02447325913806783,0.02358746637873616,0.7570385818561001,363.0
2026-08-11 05:03:30,727,Light,57.926482370657695,1.2561140311990553,56.73141675017323,60.33042520958735,5.0,1.001023118352917,0.02358746637873616,1.1381721988511835,0.8353975844088422,0.01740589837599928,0.01595149030832134,0.16460241559115785,0.0231247752181088,0.02484905090260921,0.023621286967561276,45.0,1500.0,0.03,-5.39419817297393,0.9148114308522471,4.295006748254956,57.92619608201276,57.50395740274148,2.59159164633886,0.017508822178159023,0.01731286821518845,0.02693333333333333,56.47856126768021,59.30914355387731,0.024027097767163365,0.023728637078144817,0.7580813347236705,363.5
2026-08-11 05:04:00,728,Light,59.30914355387731,2.347980805298985,57.034767384703656,63.00900456754766,4.0,0.9999901438522993,0.023728637078144817,1.147904373879699,0.7838948070400312,0.017422117933325605,0.016109566147083258,0.21610519295996877,0.02273106591114375,0.02306982112836897,0.02375181312708608,41.0,1500.0,0.027333333333333334,-4.011536989754312,0.9366472856053698,5.6776679314745735,57.90472906407175,57.91200200166363,2.629406968011466,0.017443457987721064,0.017398418859043432,0.02733333333333333,57.926482370657695,59.1568001696998,0.02358746637873616,0.023425166354381202,0.7591240875912408,364.0
2026-08-11 05:04:30,729,Light,59.1568001696998,2.4482790399116996,56.107129471092925,63.285818915506304,6.0,1.000533809683132,0.023425166354381202,1.2576127629844351,0.872924919996118,0.01701713962242395,0.016107151535239474,0.25761276298443514,0.025291844258678448,0.024288300421248646,0.02333233548788912,41.0,1500.0,0.027333333333333334,-4.163880373931825,0.9342413830965909,5.5253245472970605,58.79747536474495,58.44890639392308,2.2659186304485734,0.01728171864391628,0.01739314481804532,0.028933333333333332,59.30914355387731,57.53315628433925,0.023728637078144817,0.02166744829956753,0.7601668404588112,364.5
2026-08-11 05:05:00,730,Light,57.53315628433925,1.4393216908209996,55.820799845170114,59.39031820769275,5.0,1.0007752460117891,0.02166744829956753,1.135636964922104,0.8164567606427809,0.016339385984191476,0.014251448622958787,0.18354323935721906,0.02215502070750764,0.021983890028295164,0.021746189379571266,26.0,1500.0,0.017333333333333333,-5.7875242592923755,0.9085997779934719,3.90168066193651,58.66636666930546,58.080828729250854,2.1084973255229125,0.016926214513313678,0.01713737991395572,0.02613333333333333,59.1568001696998,60.94824112741043,0.023425166354381202,0.021707695290349795,0.7612095933263816,365.0
2026-08-11 05:05:30,731,Light,60.94824112741043,2.787343052255752,57.253017993639084,65.65098898534983,5.0,1.0011418914009862,0.021707695290349795,1.1333454157384693,0.8620955306983072,0.01655278864208153,0.014090178812240024,0.13790446930169276,0.022676485053642444,0.022878154501686863,0.021728658919624045,34.0,1500.0,0.02266666666666667,-2.372439416221198,0.9625329450686108,7.316765505007687,59.21273252714983,58.9747647011969,2.0558077238972983,0.016636438082898986,0.01694746611160437,0.024933333333333328,57.53315628433925,59.47936411040048,0.02166744829956753,0.02352283696424623,0.762252346193952,365.5
2026-08-11 05:06:00,732,Light,59.47936411040048,3.248224927672495,55.49080348660321,64.68051224511174,5.0,0.999338661222434,0.02352283696424623,1.1556035014353905,0.8598547212223377,0.017667918533289195,0.015543676609035512,0.15560350143539048,0.022372286653989198,0.023960801018966343,0.02346512526845404,41.0,1500.0,0.027333333333333334,-3.8413164332311425,0.939335515660097,5.847888487997743,59.32025384071673,59.28534104914545,2.454229903191986,0.01685336438652073,0.01699987014306235,0.024399999999999998,60.94824112741043,60.058295718234874,0.021707695290349795,0.0256304187834441,0.7632950990615224,366.0
2026-08-11 05:06:30,733,Light,60.058295718234874,2.9537644910909493,57.142715122538654,65.12797248279225,5.0,1.0004575983433497,0.0256304187834441,1.1968311869363835,0.7466865280122217,0.01780891880753423,0.01843828013034876,0.2533134719877783,0.02481730957661228,0.02343226350541893,0.025678891254270666,61.0,1500.0,0.04066666666666666,-3.262384825396751,0.9484783676140566,6.426820095832134,60.161966985348606,59.43517148201697,2.5753866403503793,0.017343208660968317,0.017077230317904077,0.027066666666666662,59.47936411040048,58.092277360570826,0.02352283696424623,0.023677819558096502,0.7643378519290928,366.5
2026-08-11 05:07:00,734,Light,58.092277360570826,2.3153307852504117,54.735812584328364,61.10686616655948,5.0,1.0000892287538439,0.023677819558096502,1.1432631059736207,0.850724080353295,0.0175268869588892,0.015920280598237257,0.14927591964670495,0.022925643239206837,0.02247998919633886,0.023814781781636957,42.0,1500.0,0.028,-5.228403183060799,0.9174297695764952,4.460801738168087,59.20997906306874,59.22226692019117,2.548796989418121,0.01766790809990421,0.017179179785197125,0.027199999999999995,60.058295718234874,57.21188202345221,0.0256304187834441,0.02330073408213304,0.7653806047966631,367.0
2026-08-11 05:07:30,735,Light,57.21188202345221,2.3791485480722407,52.42601300126014,59.800795316920066,6.0,0.99966869638664,0.02330073408213304,1.1991039057036974,0.8410668254593799,0.016871874061940757,0.016074011213400113,0.1991039057036974,0.0244980828626374,0.023546386731384348,0.02346193182217759,34.0,1500.0,0.02266666666666667,-6.108798520179413,0.9035260128644685,3.5804064010494727,58.45415170075265,59.15801206801376,2.7367623608683695,0.017402559942788064,0.017285677400746984,0.028266666666666662,58.092277360570826,60.1334926712437,0.023677819558096502,0.023858936740363823,0.7664233576642335,367.5
2026-08-11 05:08:00,736,Light,60.1334926712437,2.749523017367589,56.61687918323733,63.74568683751895,4.0,1.0006475206919083,0.023858936740363823,1.1824440941987269,0.8514293745202497,0.017255513531657322,0.016489857433765857,0.18244409419872687,0.024027432134995152,0.02293868017029161,0.02388765189736764,38.0,1500.0,0.025333333333333333,-3.1871878723879234,0.9496659251760289,6.502017048840962,58.47921735175559,58.995062376780425,2.729198353890737,0.01721809151749576,0.01742622237866214,0.0288,57.21188202345221,56.474999825948075,0.02330073408213304,0.023681034780916998,0.7674661105318039,368.0
2026-08-11 05:08:30,737,Light,56.474999825948075,0.8880404395273278,55.17510068267611,57.61543271522291,4.0,1.001040676517312,0.023681034780916998,1.1511447262868642,0.7724269965703789,0.017575984177680692,0.01590469100908922,0.22757300342962106,0.02423813784893092,0.026052642687369898,0.023611115294226465,45.0,1500.0,0.03,-6.84568071768355,0.8918887058870684,2.8435242035453356,57.94012484021467,58.394189519889935,2.257161456261704,0.017234457257092925,0.017407835507540444,0.02933333333333333,60.1334926712437,59.794629739462266,0.023858936740363823,0.025650295559569932,0.7685088633993743,368.5
2026-08-11 05:09:00,738,Light,59.794629739462266,3.271619324362436,56.18155609846391,64.53398129319375,5.0,1.0011287574602052,0.025650295559569932,1.197232103458589,0.8287902579347872,0.018193670264020214,0.01811634946730076,0.1972321034585891,0.02410233693602805,0.0240919418475355,0.02573824696375425,48.0,1500.0,0.032,-3.5260508041693583,0.9443143886973908,6.163154117059527,58.801040745551354,58.341456324135414,2.3207324229160013,0.01767505599111941,0.017484785798837638,0.027600000000000003,56.474999825948075,67.10348523125329,0.023681034780916998,0.0049950402051752345,0.7695516162669447,369.0
2026-08-11 05:09:30,739,Heavy,67.10348523125329,1.2704622742103209,65.8196813881421,69.3051455827232,6.0,1.0000275342551792,0.0049950402051752345,1.0160002774337404,0.9639588831824306,0.003949505044360622,0.003058201218215592,0.036041116817569385,0.005142256724620155,0.0050765410053114305,0.004996224240618334,0.0,1500.0,0.0,3.782804687621663,1.0597404300639992,13.472009608850549,61.12437159888788,60.143697898271895,2.111758720707983,0.013239719828687177,0.014769309415931922,0.022,59.794629739462266,67.20960074083777,0.025650295559569932,0.005108919084427751,0.7705943691345151,369.5
2026-08-11 05:10:00,740,Heavy,67.20960074083777,0.7281177229563253,66.25236558385876,68.11782922220245,5.0,1.0001587616965875,0.005108919084427751,1.0327019648550955,0.9837073557052394,0.004078377330191401,0.0030810871198514067,0.03270196485509547,0.004995915779223652,0.004829002487809387,0.005108414607184366,0.0,1500.0,0.0,3.888920197206147,1.0614162729114456,13.578125118435032,64.70257190385112,62.14324164174902,1.7815525556847998,0.008740517546190747,0.01221061006958205,0.017466666666666665,67.10348523125329,57.76744468950485,0.0049950402051752345,0.023427194133001223,0.7716371220020855,370.0
2026-08-11 05:10:30,741,Light,57.76744468950485,2.1317837898574616,54.01786763799209,59.90462102679933,5.0,1.0001844423673782,0.023427194133001223,1.182581438677278,0.8691541038014029,0.017066899003139634,0.016049560814827377,0.18258143867727794,0.023922692268489563,0.02396480532787637,0.023459799775597208,54.0,1500.0,0.036,-5.5532358541267755,0.912299807796597,4.13596906710211,64.02684355386532,61.67003204540125,1.6580047101827742,0.00836492712589722,0.012172887163878512,0.019599999999999996,67.20960074083777,57.24181167214454,0.005108919084427751,0.022660121669567004,0.7726798748696558,370.5
2026-08-11 05:11:00,742,Light,57.24181167214454,1.9809732333658596,54.17987532230617,60.76338469795015,6.0,1.000285067485691,0.022660121669567004,1.121206816195648,0.8346592601972258,0.016650962315377934,0.015372307293404011,0.1653407398027742,0.02341170401857698,0.022448290429719797,0.022912709763932722,36.0,1500.0,0.024,-6.0788688714870815,0.9039986806948737,3.6103360497418038,60.739619034162395,61.82339441464054,1.8765912689504805,0.012598746216236323,0.01198788279141796,0.018399999999999996,57.76744468950485,58.38185211763431,0.023427194133001223,0.024141058920887536,0.7737226277372263,371.0
2026-08-11 05:11:30,743,Light,58.38185211763431,2.872073959693502,53.7748437684932,61.664855481473055,4.0,1.0007435170978078,0.024141058920887536,1.201264730945668,0.8253430133886108,0.017186207658395423,0.016969908951405925,0.2012647309456681,0.024266070455689463,0.023220532581471335,0.02401272036924853,40.0,1500.0,0.02666666666666667,-4.938828425997315,0.9220029162100655,4.750376495231571,57.79703615976124,61.54083889027495,1.7966821960166939,0.01696802299230433,0.011786390270293004,0.017333333333333333,57.24181167214454,56.0943021450362,0.022660121669567004,0.024558571813114983,0.7747653806047967,371.5
2026-08-11 05:12:00,744,Light,56.0943021450362,2.9811720897403875,51.746577238190774,59.884695233536796,5.0,1.0000676309385932,0.024558571813114983,1.1327128269805473,0.8177943068465928,0.017917219813029937,0.016795870254778352,0.18220569315340718,0.023537043789894047,0.023145734824882858,0.024456200513737862,46.0,1500.0,0.030666666666666665,-7.226378398595422,0.885876488746579,2.4628265226334634,57.2393219782717,59.33900227303153,2.138824159122707,0.017251463262267765,0.014579933224026866,0.023466666666666663,58.38185211763431,59.14120879274304,0.024141058920887536,0.024513071458973502,0.7758081334723671,372.0
2026-08-11 05:12:30,745,Light,59.14120879274304,3.4258103311204753,54.92442110225107,65.90252523129827,6.0,1.0006430723997985,0.024513071458973502,1.133447817567157,0.8278201005562734,0.017623090275032758,0.017050832930451513,0.17217989944372658,0.02449848034300496,0.023998008654769087,0.024799500690426447,47.0,1500.0,0.03133333333333333,-4.179471750888581,0.9339951542686171,5.509733170340304,57.87245435180453,57.72532388341259,2.678362680755537,0.01757550591548604,0.017288875812995135,0.029733333333333327,56.0943021450362,59.404883990791575,0.024558571813114983,0.02171602052046563,0.7768508863399375,372.5
2026-08-11 05:13:00,746,Light,59.404883990791575,3.416415831340206,55.04776183525015,65.3924646960705,5.0,1.0004946426584564,0.02171602052046563,1.154480552530585,0.9062181873006686,0.016588963545535237,0.014022713970189662,0.154480552530585,0.023915803512119718,0.023613147256607864,0.02190807643859634,32.0,1500.0,0.021333333333333333,-3.9157965528400496,0.9381592787818849,5.773408368388836,58.21346497619029,58.05281174366993,2.935289089052086,0.017376424544532643,0.01719328872147426,0.026799999999999997,59.14120879274304,56.0785550101742,0.024513071458973502,0.023186626480304548,0.7778936392075079,373.0
2026-08-11 05:13:30,747,Light,56.0785550101742,2.472086393933182,53.44964867001058,59.30212368700112,4.0,0.9993156253594613,0.023186626480304548,1.1102136859004714,0.8662929857483557,0.017282973128740477,0.015472131592544293,0.13370701425164433,0.025539656365346323,0.024656624594114496,0.02330562946038006,48.0,1500.0,0.032,-7.2421255334574255,0.8856278000918328,2.44707938777146,58.20821593123628,57.820160411275864,3.0335117211655502,0.017165008983102824,0.017319690884146765,0.028399999999999998,59.404883990791575,57.50741428556444,0.02171602052046563,0.024083738222844743,0.7789363920750783,373.5
2026-08-11 05:14:00,748,Light,57.50741428556444,2.0474440521774144,55.295542842600625,60.60182671740763,4.0,1.0008105096286923,0.024083738222844743,1.1609089181973389,0.8755783077605279,0.01748289653706553,0.01658407975496313,0.16090891819733888,0.022478127527785458,0.02535449502186907,0.024004040394941174,49.0,1500.0,0.03266666666666666,-5.813266258067188,0.9081932441635476,3.8759386631616977,57.66361776217675,57.64527284486189,2.868585739662333,0.017118277737113746,0.017379028659880787,0.029599999999999994,56.0785550101742,58.088534609148624,0.023186626480304548,0.023687443984711686,0.7799791449426486,374.0
2026-08-11 05:14:30,749,Light,58.088534609148624,2.7644165015557163,53.56914476612077,61.546847130189555,5.0,1.0013439398965596,0.023687443984711686,1.1477512727687416,0.820395021526435,0.01718026662793967,0.01636275085574919,0.17960497847356505,0.023898251908835766,0.02408764485364038,0.023745310356556415,60.0,1500.0,0.04,-5.232145934483,0.9173706616927823,4.457058986745885,57.22483463496243,58.04411933768438,2.825234622025399,0.01731537876458189,0.017231638022862733,0.031466666666666664,57.50741428556444,55.5436487381837,0.024083738222844743,0.023184334714172562,0.781021897810219,374.5
2026-08-11 05:15:00,750,Light,55.5436487381837,4.275629275133299,48.384525858079364,59.22076457053233,4.0,1.0005459987557248,0.023184334714172562,1.2180048392044287,0.8291679019527338,0.0165072243733566,0.016288739492904346,0.2180048392044287,0.023759125873573917,0.02389560241316993,0.02318731741611625,37.0,1500.0,0.024666666666666667,-7.777031805447926,0.877180223922434,1.9121731157809592,57.04653254429892,57.3246073267725,2.9951984108279635,0.0170567958461206,0.017008464842527504,0.030133333333333335,58.088534609148624,58.05405880106561,0.023687443984711686,0.024754148027020185,0.7820646506777894,375.0
2026-08-11 05:15:30,751,Light,58.05405880106561,3.250019956542235,52.66940675864842,62.02064344008478,5.0,1.0010875387051332,0.024754148027020185,1.1705875832077217,0.8619867372480609,0.017657202943840634,0.017383146124301436,0.17058758320772172,0.02389103801404915,0.023492860743837666,0.024588608112464834,40.0,1500.0,0.02666666666666667,-5.2666217425660165,0.9168261980548834,4.422583178662869,57.22874738279932,57.05444228882732,2.9619192358683692,0.017114897981712302,0.01722211272218858,0.031199999999999995,55.5436487381837,57.92191441007345,0.023184334714172562,0.023554275178157676,0.7831074035453598,375.5
2026-08-11 05:16:00,752,Light,57.92191441007345,2.821293087733494,53.32625047262364,60.884331166836056,4.0,1.001565791253743,0.023554275178157676,1.18929357752599,0.8693799666521622,0.01750731851673631,0.01583506803813026,0.18929357752599008,0.024524035473902098,0.02463458958955539,0.023420077290867192,41.0,1500.0,0.027333333333333334,-5.398766133558176,0.9147392907465972,4.290438787670709,57.17320731644093,57.42311416880716,3.0317605746284317,0.017223915277977852,0.01726698179978775,0.030266666666666664,58.05405880106561,59.482896941746084,0.024754148027020185,0.021933645308607738,0.7841501564129302,376.0
2026-08-11 05:16:30,753,Light,59.482896941746084,2.4473276614758586,57.33565751894085,62.95647984131209,5.0,1.0000956580576863,0.021933645308607738,1.114073755766172,0.879077622022252,0.016705701790641708,0.014213144432881877,0.12092237797774796,0.023538363647657674,0.021629827987005495,0.022073367838250993,36.0,1500.0,0.024,-3.8377836018855405,0.9393913083539731,5.851421319343345,58.48629005096172,57.818210700043494,3.1117372964881205,0.017290074417072882,0.017111542850502988,0.028533333333333334,57.92191441007345,56.16140489251624,0.023554275178157676,0.023803037972525518,0.7851929092805006,376.5
2026-08-11 05:17:00,754,Light,56.16140489251624,1.8106616971861234,53.03943803648821,57.617405608520876,6.0,0.9999521595381012,0.023803037972525518,1.2128817083027432,0.8790482821853814,0.017432372888210677,0.01620800052189238,0.21288170830274322,0.02210756562075716,0.024229074770145315,0.02369884892094749,45.0,1500.0,0.03,-7.1592756511153866,0.8869362175256119,2.5299292701134988,57.8554054147786,57.43278475671701,2.920986335614202,0.017215131065196232,0.017161964102557187,0.026533333333333332,59.482896941746084,59.12327520503981,0.021933645308607738,0.023458884949159216,0.786235662148071,377.0
2026-08-11 05:17:30,755,Light,59.12327520503981,2.361976207979157,56.5831382932904,61.77950852138999,4.0,1.0011123697635653,0.023458884949159216,1.148464750415438,0.8355628009088093,0.017028650719179885,0.016173487695390794,0.1644371990911907,0.024606800346890077,0.02312819769220268,0.023392364651059778,36.0,1500.0,0.024,-4.197405338591814,0.933711935775871,5.491799582637071,58.255859013100725,58.14871005008823,2.5382557221833735,0.017055575132677425,0.01726624937172184,0.0264,56.16140489251624,56.56620452433559,0.023803037972525518,0.023351505248611442,0.7872784150156413,377.5
2026-08-11 05:18:00,756,Light,56.56620452433559,2.473887269968977,52.270712550080596,59.352313293979556,5.0,1.0005351178970265,0.023351505248611442,1.1555279429650644,0.8616909977487784,0.017744975834649006,0.01518864645606608,0.15552794296506445,0.021954477282170516,0.02180543838838765,0.02344398064049079,40.0,1500.0,0.02666666666666667,-6.754476019296035,0.8933290678289251,2.93472890193285,57.28362820729723,57.85113919474223,2.3830291848687217,0.017401999814013188,0.017283803949883516,0.026399999999999996,59.12327520503981,59.35812009620879,0.023458884949159216,0.02326758534609541,0.7883211678832117,378.0
2026-08-11 05:18:30,757,Light,59.35812009620879,2.3513141160493625,55.85627062495479,61.97734209436967,5.0,0.9997082465830187,0.02326758534609541,1.160741644108546,0.8642615243156315,0.0172099651732282,0.015661505247913644,0.16074164410854608,0.02512916181222795,0.02245346481961692,0.02341794973170052,41.0,1500.0,0.027333333333333334,-3.962560447422831,0.9374207539558518,5.726644473806054,58.34919994186141,58.1383803319693,2.2890333905318956,0.01732786390901903,0.017224333281181895,0.026399999999999996,56.56620452433559,59.36889669329416,0.023351505248611442,0.02244302019700665,0.7893639207507821,378.5
2026-08-11 05:19:00,758,Light,59.36889669329416,3.0217094277788523,54.85254770688989,64.01707706435391,5.0,1.000669186898826,0.02244302019700665,1.160440301869975,0.9028997254623686,0.017096684045064,0.01455473673180188,0.16044030186997493,0.02242379296946024,0.021826301150907536,0.022387739748232532,35.0,1500.0,0.023333333333333334,-3.9517838503374634,0.9375909447528055,5.737421070891422,58.43107377127952,58.11558028227891,2.4039097437924943,0.01735054168431373,0.017302529732066353,0.026266666666666667,59.35812009620879,57.754831632616025,0.02326758534609541,0.02424482260887947,0.7904066736183525,379.0
2026-08-11 05:19:30,759,Light,57.754831632616025,2.2205453625908724,54.470592810848885,61.10506682005515,6.0,1.000682889107219,0.02424482260887947,1.2128880513887959,0.8301127553049635,0.017133789775270906,0.017167149117008736,0.21288805138879585,0.023325479592374354,0.023187685565460484,0.02415946464058003,41.0,1500.0,0.027333333333333334,-5.5658489110156,0.9121006144717537,4.123356010213286,58.827282807373,58.434265630298874,2.485886476873444,0.01714681299785437,0.0172428131094784,0.02573333333333333,59.36889669329416,56.18094647789901,0.02244302019700665,0.023764343730037014,0.7914494264859229,379.5
2026-08-11 05:20:00,760,Light,56.18094647789901,1.4867590178684043,54.32211469061954,57.933726966504366,5.0,1.0015604010832517,0.023764343730037014,1.1993772387691388,0.8534493380970616,0.01698130699072508,0.016697727310826298,0.19937723876913882,0.022192742327425,0.022775806321101526,0.023633612743809915,34.0,1500.0,0.02266666666666667,-7.139734065732611,0.8872448305287414,2.549470855496274,57.768224934603076,57.845799884870715,2.3108430388512935,0.01707059360368666,0.017233344363787435,0.025466666666666665,57.754831632616025,58.474726823457736,0.02424482260887947,0.024639078185829357,0.7924921793534933,380.0
2026-08-11 05:20:30,761,Light,58.474726823457736,3.660281137653376,52.64468859822346,61.928701981542915,4.0,0.9998124159826014,0.024639078185829357,1.2011661402415892,0.8482174807486133,0.017563175691302474,0.01728161512265093,0.2011661402415892,0.026036158411796205,0.023572871256648503,0.024825081433833746,54.0,1500.0,0.036,-4.845953720173888,0.9234696519593667,4.843251201054997,57.470168311324265,58.22750434469515,2.5481218123881737,0.017226090819099486,0.017196984335118133,0.02733333333333333,56.18094647789901,55.9485210120562,0.023764343730037014,0.02262955020756757,0.7935349322210636,380.5
2026-08-11 05:21:00,762,Light,55.9485210120562,2.117583217455747,52.359601464432785,58.45207220445555,5.0,1.0011767218707532,0.02262955020756757,1.2242105799826861,0.8594802543152839,0.016668930492470983,0.015350178278935454,0.22421057998268612,0.022234868135034228,0.022399478859340263,0.022529331131304616,25.0,1500.0,0.016666666666666666,-7.372159531575427,0.8835742214347241,2.317045389653458,56.868064771137654,57.54558452786463,2.5013756326694505,0.017071137724832843,0.017088777398966686,0.025199999999999993,58.474726823457736,56.769904265148284,0.024639078185829357,0.0247510886407066,0.794577685088634,381.0
2026-08-11 05:21:30,763,Light,56.769904265148284,1.2367775600829907,55.03960819645196,58.51629734254752,5.0,1.0004929925998098,0.0247510886407066,1.2254235937009443,0.8606722942758837,0.01747358673588753,0.01753662445247083,0.22542359370094434,0.023486111810737863,0.0225405404141668,0.024750667472679577,49.0,1500.0,0.03266666666666666,-6.55077627848334,0.8965460222119774,3.138428642745545,57.064384033554084,57.02578604223545,2.1443892591302784,0.017235230973220328,0.017164157937131396,0.027066666666666662,55.9485210120562,54.69390718733628,0.02262955020756757,0.023960695484998663,0.7956204379562044,381.5
2026-08-11 05:22:00,764,Light,54.69390718733628,1.0511539960112335,52.68502107435848,55.71579474379944,5.0,1.0003689403809692,0.023960695484998663,1.2915167272589279,0.8333183264432603,0.01689052212360073,0.016998861947839315,0.29151672725892785,0.022960832468944998,0.023106015387492608,0.024038270281454357,33.0,1500.0,0.022,-8.626773356295345,0.8637605710767591,1.06243156493354,55.804110821513596,56.4136011531795,1.9105109858143503,0.017011013117319746,0.017115504406797356,0.025999999999999995,56.769904265148284,57.1632799619412,0.0247510886407066,0.02392771730182301,0.7966631908237748,382.0
2026-08-11 05:22:30,765,Light,57.1632799619412,1.607912128425602,55.78221061580385,59.89601585865473,4.0,1.0002487322328322,0.02392771730182301,1.1731764726671092,0.7918624127294819,0.01676640115496223,0.017072941026972797,0.20813758727051812,0.024714030533551305,0.024272460164799513,0.023997753855701996,38.0,1500.0,0.025333333333333333,-6.157400581690425,0.9027584585505581,3.5318043395384606,56.209030471475266,56.61006784998794,1.93474160792579,0.017043503338150162,0.01707252323964479,0.026533333333333332,54.69390718733628,58.734832253234146,0.023960695484998663,0.021709536445884713,0.7977059436913452,382.5
2026-08-11 05:23:00,766,Light,58.734832253234146,3.107530517587421,52.53734424357319,61.995866467913956,6.0,1.0012199787439258,0.021709536445884713,1.1292347318606497,0.9085412524669989,0.01629821237427881,0.014393074523316153,0.1292347318606497,0.022839745959440407,0.02252233392484384,0.021639863968733485,35.0,1500.0,0.023333333333333334,-4.585848290397479,0.9275774004475905,5.1033566308314064,56.864006467503884,56.662088935943224,1.824191483912599,0.01665171188428059,0.01681953057624006,0.023999999999999997,57.1632799619412,59.942496623383896,0.02392771730182301,0.02257591792491913,0.7987486965589156,383.0
2026-08-11 05:23:30,767,Light,59.942496623383896,2.4039716485696,56.270193042188374,63.65393253275029,5.0,1.0001284828007808,0.02257591792491913,1.148106158852165,0.8676846602458099,0.016875606886900475,0.014996748653677517,0.14810615885216505,0.02240621396992243,0.022092886943109888,0.02253370948812451,37.0,1500.0,0.024666666666666667,-3.3781839202477286,0.946649595499531,6.311021000981157,58.61353627951976,57.46088405820876,1.8814691701353694,0.016646740138713836,0.016860865855125952,0.025599999999999994,58.734832253234146,57.29350282519982,0.021709536445884713,0.025106266171166715,0.799791449426486,383.5
2026-08-11 05:24:00,768,Light,57.29350282519982,3.7097918019697977,51.00755735516916,61.46191628819517,5.0,1.0005885762766373,0.025106266171166715,1.17307141158141,0.8514924998028396,0.017728779293661505,0.017786551319677726,0.17307141158141004,0.023929790092841977,0.024239536755916394,0.025228546087534453,46.0,1500.0,0.030666666666666665,-6.027177718431801,0.9048150198847164,3.662027202797084,58.65694390060596,57.56560377021907,2.3760720185127306,0.016967532851613596,0.016911904366680754,0.025199999999999993,59.942496623383896,57.1323454086494,0.02257591792491913,0.02290079756785222,0.8008342022940563,384.0
2026-08-11 05:24:30,769,Light,57.1323454086494,2.3073049268356662,53.45828123768853,59.777384509626145,4.0,1.0005901365427554,0.02290079756785222,1.213441658083013,0.8468624315335705,0.01683029031850591,0.015541432307790919,0.21344165808301296,0.022968907292879506,0.023287005375470994,0.022815519525808108,35.0,1500.0,0.023333333333333334,-6.188335134982225,0.9022699206348848,3.5008697862466605,58.122781619077706,58.05329141448169,2.6273022046776178,0.017144892166355966,0.016899858005661787,0.025466666666666665,57.29350282519982,57.26450425079158,0.025106266171166715,0.022242226971484886,0.8018769551616267,384.5
2026-08-11 05:25:00,770,Light,57.26450425079158,1.9638812068681002,54.06933289704571,59.70066262074461,5.0,1.000870692977425,0.022242226971484886,1.1401786485729262,0.8555810286770081,0.016495378803009223,0.014945810284398134,0.14441897132299186,0.02352445808988007,0.023541093699721512,0.022330113964527457,43.0,1500.0,0.028666666666666667,-6.056176292840043,0.9043570561648183,3.6330286283888427,57.23011749488028,58.07353627225177,2.6984960203661172,0.017018149471725547,0.016845653535271184,0.02613333333333333,57.1323454086494,55.592196716055845,0.02290079756785222,0.022793731824325748,0.8029197080291971,385.0
2026-08-11 05:25:30,771,Light,55.592196716055845,1.8497111068083785,53.49386428478896,58.66406412048716,6.0,1.0010042400799068,0.022793731824325748,1.1388745530234552,0.8617564190336773,0.01712992706332044,0.015070776603171238,0.1388745530234552,0.023223568401090404,0.022297287167511486,0.02277272393669467,42.0,1500.0,0.028,-7.728483827575779,0.8779469241135145,1.960721093653106,56.663015458498954,57.44500916481611,2.4469321382103084,0.016818532061611855,0.01701199647307951,0.027066666666666662,57.26450425079158,58.61451781530299,0.022242226971484886,0.024408962208424638,0.8039624608967675,385.5
2026-08-11 05:26:00,772,Light,58.61451781530299,2.568323807780385,55.727663038117,62.76766948974524,4.0,1.0005944957627741,0.024408962208424638,1.1657870061147086,0.821480330024597,0.0176559927154012,0.016864660759646443,0.17851966997540303,0.022630837954293995,0.022036471041097364,0.024424488216077723,45.0,1500.0,0.03,-4.706162728328636,0.9256773191961224,4.98304219290025,57.15707292738349,57.17941340319993,2.4798025700524655,0.017093766193910287,0.017168073638779653,0.028133333333333326,55.592196716055845,59.179832242101746,0.022793731824325748,0.02379809956511587,0.8050052137643379,386.0
2026-08-11 05:26:30,773,Light,59.179832242101746,3.451812050194495,55.79396157233248,66.2534737536034,6.0,1.0002593419260408,0.02379809956511587,1.1644072068940978,0.7812576942947012,0.017533695218934442,0.01609305232438167,0.21874230570529885,0.023290042104342847,0.023367554302495444,0.023735221179047455,36.0,1500.0,0.024,-4.1408483015298785,0.9346051200653696,5.548356619699007,57.79551559115353,57.55667928658031,2.428206619697405,0.01743987166588536,0.017129056823834244,0.026799999999999997,58.61451781530299,56.45057096291953,0.024408962208424638,0.02448760695009932,0.8060479666319083,386.5
2026-08-11 05:27:00,774,Light,56.45057096291953,4.018870020461166,53.587130881300375,65.21269081867912,6.0,1.0005287119033135,0.02448760695009932,1.1490720314462892,0.8235830149150624,0.017937700467771767,0.016678169334425112,0.17641698508493764,0.02454481517547369,0.023021544258410263,0.02467126510842089,47.0,1500.0,0.03133333333333333,-6.870109580712096,0.8915029099224827,2.819095340516789,58.081640340108095,57.42032439743434,2.770519638422505,0.017709129467369137,0.017350538853687415,0.028399999999999998,59.179832242101746,55.863609512915275,0.02379809956511587,0.023235364155259865,0.8070907194994786,387.0
2026-08-11 05:27:30,775,Light,55.863609512915275,3.6435393699914997,52.202215134134825,60.404808694986386,5.0,1.0010670247732985,0.023235364155259865,1.1322067052789357,0.8231958834355124,0.01756999523199655,0.015241914474303628,0.17680411656448758,0.023679692600823615,0.02340629607738793,0.02315345203620529,43.0,1500.0,0.028666666666666667,-7.4570710307163495,0.8822332456522164,2.232133890512536,57.16467090597886,57.14014544985908,3.106451271047185,0.017680463639567583,0.01756546213948488,0.028399999999999998,56.45057096291953,57.46495276277384,0.02448760695009932,0.023846083098973746,0.808133472367049,387.5
2026-08-11 05:28:00,776,Light,57.46495276277384,3.267354650138413,51.215875677334445,60.92452221104392,6.0,1.000894846030691,0.023846083098973746,1.1405909222494963,0.8111549095660385,0.01723121541603225,0.01650822958006392,0.18884509043396147,0.022886303055318018,0.024092463118487988,0.023655998505229703,45.0,1500.0,0.03,-5.855727780857784,0.9075226650979714,3.8334771403711017,56.59304441286955,57.51469665920267,3.3899799797131918,0.01757963703860019,0.01758571981002724,0.0288,55.863609512915275,59.35147252129811,0.023235364155259865,0.023625582299271808,0.8091762252346194,388.0
2026-08-11 05:28:30,777,Light,59.35147252129811,1.8185888788291482,57.06811542690813,62.156440068838634,5.0,1.0011564006512808,0.023625582299271808,1.1837729996177413,0.8956556449593508,0.017178198661284904,0.01626083922186606,0.1837729996177413,0.024170961815768322,0.024589384313249123,0.023498197233216618,38.0,1500.0,0.025333333333333333,-3.969208022333511,0.937315771273202,5.719996898895374,57.56001159899575,57.662087600401705,3.240032993922944,0.017326469769771233,0.01749016099920398,0.02786666666666666,57.46495276277384,56.85454314861738,0.023846083098973746,0.021780924794656705,0.8102189781021898,388.5
2026-08-11 05:29:00,778,Light,56.85454314861738,2.6193377528896256,52.807539872802074,60.17915798026437,6.0,1.0000893703547549,0.021780924794656705,1.1040104193155749,0.8682268570404259,0.01665781819031011,0.01403330912897503,0.1317731429595741,0.0218020701967588,0.022881736859122367,0.021751164560863404,36.0,1500.0,0.024,-6.466137395014243,0.8978826926763888,3.223067526214642,57.89032281089646,57.19702978170483,3.0735381344619706,0.017022410755875756,0.017314985593479115,0.02786666666666666,59.35147252129811,57.39865936831151,0.023625582299271808,0.02430356404462328,0.8112617309697602,389.0
2026-08-11 05:29:30,779,Light,57.39865936831151,3.5776066966339664,51.31460723144475,60.483280576367484,4.0,1.0013803778243435,0.02430356404462328,1.212912667898291,0.8828129183812703,0.01731181824890157,0.01711343382042434,0.2129126678982911,0.02377462675027087,0.024656528081587394,0.02415164038637335,45.0,1500.0,0.03,-5.922021175320111,0.9064757181306746,3.767183745908774,57.86822501274235,57.38664746278323,2.9852854696965307,0.017049278366832194,0.017189809149705075,0.027599999999999996,56.85454314861738,57.30139730032107,0.021780924794656705,0.02520794115340584,0.8123044838373306,389.5
2026-08-11 05:30:00,780,Light,57.30139730032107,0.9722552056038728,55.47650085155488,58.370366540968504,5.0,1.0002989177402297,0.02520794115340584,1.2792473240469684,0.7953851337171236,0.017826936391657392,0.017824982128933457,0.2792473240469684,0.02336314574523675,0.0228517435315389,0.025081634445849026,44.0,1500.0,0.029333333333333333,-6.019283243310554,0.9049396943994795,3.6699216779183317,57.184866605749995,57.67420502026439,2.451028636819005,0.017265524276956355,0.017241197381637246,0.027733333333333325,57.39865936831151,57.25561614698694,0.02430356404462328,0.02305532654017626,0.8133472367049009,390.0
2026-08-11 05:30:30,781,Light,57.25561614698694,0.6737789143703069,56.14960316343389,57.80861248136126,4.0,1.000386633247943,0.02305532654017626,1.142953229626954,0.8655278383691403,0.01770490900346164,0.014772737198018304,0.142953229626954,0.02237372628977132,0.023741831876074596,0.023115306520858525,42.0,1500.0,0.028,-6.065064396644686,0.9042166896411433,3.624140524584199,57.318557605206514,57.632337697107005,1.932313489665384,0.017614554548006867,0.017335936099123123,0.02733333333333333,57.30139730032107,57.49110895113103,0.02520794115340584,0.024070083858928542,0.8143899895724713,390.5
2026-08-11 05:31:00,782,Light,57.49110895113103,1.6665133792761924,54.900641945186095,59.69248952051072,6.0,1.0004993401946198,0.024070083858928542,1.1659085383616994,0.8545525318285906,0.017547961356682077,0.01648294056988036,0.1659085383616994,0.0248997634258348,0.024074789410472888,0.02389182300271126,46.0,1500.0,0.030666666666666665,-5.829571592500592,0.9079357400702022,3.859633328728293,57.34937413281302,57.26026498307359,1.9018983897547925,0.017693268917267035,0.01740988863820256,0.028399999999999998,57.25561614698694,56.983510384795885,0.02305532654017626,0.024952381946894524,0.8154327424400417,391.0
2026-08-11 05:31:30,783,Light,56.983510384795885,2.843441223726725,53.131034909713655,61.748850583309135,6.0,0.9990052636325761,0.024952381946894524,1.1813555526205857,0.8314968746198339,0.01804778535874395,0.01725944115286154,0.18135555262058567,0.023256132275398224,0.023489168090586814,0.024936542121088166,60.0,1500.0,0.04,-6.33717015883574,0.8999194243582227,3.3520347623931457,57.24341182763796,57.28605843030929,1.9467190839222126,0.017766885239629222,0.017687882071889323,0.031599999999999996,57.49110895113103,59.51962798710881,0.024070083858928542,0.02274568304891804,0.8164754953076121,391.5
2026-08-11 05:32:00,784,Light,59.51962798710881,3.9133082367611176,54.185667754042804,65.2419506479321,5.0,1.0006853653077448,0.02274568304891804,1.184730982106695,0.8396010572032183,0.01690245617462235,0.015236233072248152,0.18473098210669492,0.022324120646853688,0.024208225329620844,0.022811964443726292,29.0,1500.0,0.019333333333333334,-3.801052556522812,0.9399713881169728,5.888152364706073,57.99808244101192,57.71025215406875,2.013859391947643,0.017499400963349458,0.017606009657033482,0.029466666666666662,56.983510384795885,56.81077749005311,0.024952381946894524,0.022906702021120336,0.8175182481751825,392.0
2026-08-11 05:32:30,785,Light,56.81077749005311,1.1674373306453265,55.087779372059444,57.92050467565645,4.0,1.000341772137436,0.022906702021120336,1.142653428678975,0.8710942418348069,0.017197067715500083,0.015135873534977452,0.1426534286789749,0.025368194860259045,0.023638409816679702,0.02284565050309327,39.0,1500.0,0.026,-6.509903053578512,0.8971915178786998,3.1793018676503735,57.77130528731928,57.612128192015156,2.052895816955934,0.017382436416288796,0.01748003592180202,0.0288,59.51962798710881,58.60325437843595,0.02274568304891804,0.024005952113003003,0.8185610010427529,392.5
2026-08-11 05:33:00,786,Light,58.60325437843595,1.3313471379253548,57.27694379773168,60.823128363486106,4.0,1.000665685231667,0.024005952113003003,1.193786030238317,0.8448626917931574,0.01743849726936289,0.01651144108386291,0.19378603023831698,0.02310119100768543,0.02178500437314444,0.023829392479178174,35.0,1500.0,0.023333333333333334,-4.7174261651956755,0.9254994399192362,4.97177875603321,58.31121995186597,57.88165583830496,2.184409461666943,0.017179340386495108,0.017426753574982273,0.02786666666666666,56.81077749005311,57.23523277115843,0.022906702021120336,0.022513512685535017,0.8196037539103233,393.0
2026-08-11 05:33:30,787,Light,57.23523277115843,3.12117222564124,51.83898261261428,61.6884638021496,6.0,1.001157837292317,0.022513512685535017,1.1260129800435927,0.8924831251797224,0.01709640209295787,0.014693940115337766,0.12601298004359274,0.023227174848564857,0.02332890458518018,0.022493971399269782,41.0,1500.0,0.027333333333333334,-6.085447772473195,0.9038947825540193,3.6037571487556903,57.54975487988251,57.830480602310445,2.4753412309399527,0.017243989025940282,0.017336441722237427,0.027200000000000002,58.60325437843595,58.11328118886743,0.024005952113003003,0.02337438290591449,0.8206465067778936,393.5
2026-08-11 05:34:00,788,Light,58.11328118886743,1.661650850748576,56.54758676704467,61.21741474393456,6.0,1.0012710954850248,0.02337438290591449,1.1644865918338914,0.8486297113464968,0.017462754844505955,0.015589408366100406,0.16448659183389136,0.0225732310551056,0.02387254876984205,0.023324456650905063,40.0,1500.0,0.02666666666666667,-5.207399354764192,0.9177614752391047,4.481805566464693,57.98392277948728,58.056434763124756,2.2389831563443225,0.017332551402275572,0.01721943561938983,0.02453333333333333,57.23523277115843,59.60887604385007,0.022513512685535017,0.025235588580105914,0.821689259645464,394.0
2026-08-11 05:34:30,789,Light,59.60887604385007,0.383209693139301,59.03649584132409,60.07558056352068,4.0,1.0011353333689075,0.025235588580105914,1.1919171368224324,0.745477352491005,0.017914559701643597,0.017809897909285558,0.254522647508995,0.024925456438109898,0.024188338377634833,0.025193083072142238,55.0,1500.0,0.03666666666666667,-3.7118044997815574,0.9413808495437141,5.977400421447328,58.31913000129199,58.074284374472995,1.5329634476199596,0.017491238879702473,0.017421856324794077,0.028000000000000004,58.11328118886743,74.9252646929531,0.02337438290591449,0.19956124242850962,0.8227320125130344,394.5
2026-08-11 05:35:00,790,Wake,74.9252646929531,5.13612678944609,71.10394258407628,85.04979227639427,5.0,1.0505194773086755,0.19956124242850962,2.157911593423991,0.34286157214920476,0.13562082713261278,0.15486735716418137,1.1579115934239912,0.20121607456650914,0.21058720125951216,0.20600986214055797,1029.0,1500.0,0.686,11.604584149321482,1.1832668892641678,21.293789070550368,64.21580730855688,61.697181815053,2.3267013393801124,0.05699938055958744,0.04110660820821661,0.16,59.60887604385007,79.02034220565216,0.025235588580105914,0.20143186033741622,0.8237747653806048,395.0
2026-08-11 05:35:30,791,Wake,79.02034220565216,7.506314964046335,71.70623024832047,90.3054773700822,4.0,1.047314661757368,0.20143186033741622,2.3025949736027504,0.21962451790985826,0.13670798951882382,0.15532030510505596,1.3025949736027504,0.2046025368074678,0.219292018511612,0.2031419361635813,1046.0,1500.0,0.6973333333333334,15.699661662020532,1.247938928123215,25.388866583249417,71.18482764748512,65.78059938049623,3.561694904604308,0.0967477921176934,0.06496050665810879,0.29480000000000006,74.9252646929531,70.77623660383188,0.19956124242850962,0.19169198311812,0.8248175182481752,395.5
2026-08-11 05:36:00,792,Wake,70.77623660383188,4.914492961038199,62.66472953151979,77.37993150957448,6.0,1.0431947113533766,0.19169198311812,2.11914241592866,0.1898557381190433,0.1284143006068789,0.14873253470678588,1.11914241592866,0.19525803958758092,0.19291558038692025,0.19230830406750196,1008.0,1500.0,0.672,7.4555560602002515,1.1177428289808562,17.144760981429137,74.90728116747906,68.48880014703093,3.9203590516837004,0.13358103908610516,0.087224086360893,0.4237333333333334,79.02034220565216,74.77172403334896,0.20143186033741622,0.17987630990722495,0.8258602711157456,396.0
2026-08-11 05:36:30,793,Wake,74.77172403334896,5.0700314962998725,69.81393515806658,83.49665693773555,5.0,1.0328659990618065,0.17987630990722495,2.4067708719280305,0.16672319017256765,0.12077426002093906,0.13729253030141628,1.4067708719280305,0.1938871250876284,0.1957380281514779,0.1837808613438678,1020.0,1500.0,0.68,11.451043489717335,1.180842078629065,21.14024841094622,74.85610094761101,71.82048871592724,4.60203518079396,0.1286321833822139,0.10788638739617964,0.5544,70.77623660383188,72.19381685110235,0.19169198311812,0.1914156699812805,0.8269030239833159,396.5
2026-08-11 05:37:00,794,Wake,72.19381685110235,6.764438558348994,64.7063510635436,80.72279367409918,4.0,1.0325287662548652,0.1914156699812805,2.014610486231325,0.26595430647045637,0.13099167103205006,0.14331525204484458,1.0146104862313252,0.20274068178535742,0.19362226697653379,0.1923146386390293,1040.0,1500.0,0.6933333333333334,8.87313630747073,1.140130147548819,18.562341228699616,72.58059249609441,74.3374768773777,5.8782809538358975,0.12672674388662267,0.13050180966226094,0.6857333333333333,74.77172403334896,78.6254853837872,0.17987630990722495,0.2103034233298188,0.8279457768508863,397.0
2026-08-11 05:37:30,795,Wake,78.6254853837872,5.831891722575409,70.42348350636216,86.8095099075049,6.0,1.0512951114276976,0.2103034233298188,2.279829708707844,0.2945480792445673,0.13997492461145003,0.16512340476334594,1.2798297087078438,0.2068074547303723,0.21144653288681795,0.2105050945466842,1047.0,1500.0,0.698,15.304804840155569,1.2417031009262396,24.994009761384454,75.19700875607951,75.0775210155445,6.017433940461762,0.1305802852214797,0.13137262915802836,0.6881333333333333,72.19381685110235,58.94158537694904,0.1914156699812805,0.02443221655742293,0.8289885297184567,397.5
2026-08-11 05:38:00,796,Light,58.94158537694904,2.487351443568337,54.93653544609162,61.25257836855648,4.0,1.0010573832847776,0.02443221655742293,1.1261981172356585,0.8067834546907818,0.017905732032624425,0.016656410948808438,0.19321654530921817,0.022813635311279685,0.02443231559906666,0.02431639944774553,50.0,1500.0,0.03333333333333333,-4.379095166682582,0.9308425757732479,5.310109754546303,69.92029587061288,71.06176964980388,5.013641236366162,0.09629077589204149,0.1076121776607885,0.5553333333333333,78.6254853837872,57.239973687195366,0.2103034233298188,0.0241934888148275,0.8300312825860271,398.0
2026-08-11 05:38:30,797,Light,57.239973687195366,2.0883962757767938,54.76520244247966,60.06667135320121,5.0,1.0005739610470163,0.0241934888148275,1.2234637278216642,0.8068956317127961,0.017198338044322938,0.017025613082349473,0.22346372782166424,0.023075214601447396,0.023128764477678945,0.02426302867284944,35.0,1500.0,0.023333333333333334,-6.080706856436258,0.9039696540809239,3.6084980647926272,64.93568148264387,68.35451706647659,4.448421899313881,0.05835966489613245,0.0853689851482773,0.4255999999999999,58.94158537694904,60.26507801396714,0.02443221655742293,0.022857023881282388,0.8310740354535975,398.5
2026-08-11 05:39:00,798,Light,60.26507801396714,2.185587220658677,56.82599415043588,62.39876588670354,4.0,1.000113300898251,0.022857023881282388,1.1341530918714535,0.8308711263254173,0.017025377540946136,0.015250996603215959,0.16912887367458274,0.023193959053227277,0.023562130292544285,0.022984548692080012,40.0,1500.0,0.02666666666666667,-3.0556025296644833,0.9517440036425541,6.633602391564402,58.81554569270386,65.45318786260023,3.871533044185642,0.017376482539297824,0.06461920865227871,0.2949333333333334,57.239973687195366,57.27695922177587,0.0241934888148275,0.02417086478119362,0.8321167883211679,399.0
2026-08-11 05:39:30,799,Light,57.27695922177587,2.302936596658724,53.532535302951366,59.613255460764684,4.0,1.001474966803061,0.02417086478119362,1.1583448994912395,0.7838076961536657,0.01725641157307671,0.016988893164696234,0.21619230384633426,0.02383879363334429,0.023765661902048214,0.02408062977874711,48.0,1500.0,0.032,-6.043721321855756,0.9045537528976606,3.6454835993731294,58.26067030764614,62.46981633673492,2.979232651847588,0.01716004238611525,0.041872156760484044,0.16266666666666665,60.26507801396714,56.01287305827132,0.022857023881282388,0.021966616308107326,0.8331595411887383,399.5
2026-08-11 05:40:00,800,Light,56.01287305827132,1.2752209083525874,54.882315414299654,58.06153096203363,4.0,1.0003377625364847,0.021966616308107326,1.145258408159906,0.8423556583715494,0.016585424397475422,0.014407290276602551,0.15764434162845065,0.022776826619242015,0.02220929122644273,0.021956801447555248,37.0,1500.0,0.024666666666666667,-7.307807485360307,0.884590509409879,2.3813974358685783,57.85163676467145,57.94729387163174,2.067898489003024,0.01695573783716608,0.01719425671768913,0.028000000000000004,57.27695922177587,58.42335205939209,0.02417086478119362,0.02659005787132246,0.8342022940563086,400.0
2026-08-11 05:40:30,801,Light,58.42335205939209,1.3932075732030196,57.10751290403865,60.15411244658378,5.0,1.001239378300032,0.02659005787132246,1.182469428113165,0.8169573079657207,0.01834271484023872,0.019290206024315904,0.18304269203427925,0.024008213302856286,0.024057258448217426,0.026482434614724108,47.0,1500.0,0.03133333333333333,-4.897328484239537,0.9226583093833777,4.791876436989348,57.23772811314643,57.84364720812035,1.8490697149299602,0.01739485027026361,0.017281653279211984,0.027600000000000003,56.01287305827132,58.770898262667714,0.021966616308107326,0.022319875822550756,0.835245046923879,400.5
2026-08-11 05:41:00,802,Light,58.770898262667714,2.1147932537957472,55.93745576872209,61.88417267724985,4.0,1.0018900844078196,0.022319875822550756,1.1779674389956984,0.8941888027793512,0.016758118745198662,0.014863200594911885,0.17796743899569845,0.022145775899579608,0.022712719018073743,0.02221732128976555,34.0,1500.0,0.02266666666666667,-4.54978228096391,0.9281469775450558,5.139422640264975,57.735707793443716,58.149832123214836,1.8543491105337508,0.017228752660970924,0.017193609419387128,0.027466666666666667,58.42335205939209,57.43793313424753,0.02659005787132246,0.02316716461363318,0.8362877997914494,401.0
2026-08-11 05:41:30,803,Light,57.43793313424753,2.072709966578784,53.47462853495307,59.31059998356385,5.0,1.0002813696028243,0.02316716461363318,1.17739653226933,0.8630255191506611,0.016871763633893967,0.015878925560962362,0.17739653226933005,0.022942435670965666,0.0234617318412597,0.023118976914898896,40.0,1500.0,0.02666666666666667,-5.882747409384095,0.9070959541357023,3.8064575118447905,58.21072781876912,57.584403147270905,1.8317736597177725,0.017324199073110436,0.017162886637976695,0.027466666666666667,58.770898262667714,58.95319826973753,0.022319875822550756,0.025016670868655302,0.8373305526590198,401.5
2026-08-11 05:42:00,804,Light,58.95319826973753,1.5831946906199748,55.937872120400165,60.48525902406944,5.0,1.002162327406453,0.025016670868655302,1.232067712719896,0.8594016890854422,0.0178633999767189,0.017646768045029772,0.232067712719896,0.023724106716301107,0.02362880660828468,0.024803745088427195,44.0,1500.0,0.029333333333333333,-4.3674822738940975,0.9310259738777658,5.321722647334788,58.387343222217595,57.91965095686324,1.6878252785100227,0.017164427451937168,0.017284284318705136,0.02693333333333333,57.43793313424753,56.99897934873871,0.02316716461363318,0.02225663562769131,0.8383733055265902,402.0
2026-08-11 05:42:30,805,Light,56.99897934873871,3.469864063500486,52.786831955034366,63.932151414641226,6.0,0.9998488224232333,0.02225663562769131,1.1691250155173205,0.9028080814540844,0.016854234165355902,0.014536694081629598,0.1691250155173205,0.022052655073998957,0.022494931169371433,0.02229306406629801,33.0,1500.0,0.022,-6.321701194892917,0.9001637199629132,3.3675037263359684,57.796703584241264,58.11687221495671,2.1267539095396026,0.017196465925322913,0.017338046272281228,0.0264,58.95319826973753,57.622506637043486,0.025016670868655302,0.02345423651407293,0.8394160583941606,402.5
2026-08-11 05:43:00,806,Light,57.622506637043486,2.3317074335405366,54.27900049245405,60.93100508708185,5.0,0.9998229046375491,0.02345423651407293,1.1721864078016178,0.7681974927026813,0.0173629277771615,0.01576899845362879,0.23180250729731866,0.025124339926241964,0.022846190918448053,0.023505874864999415,42.0,1500.0,0.028,-5.6981739065881385,0.9100108549423791,3.991031014640747,57.858228085173245,57.95670313048699,2.314453881607106,0.017360187306412093,0.01714208885966579,0.025733333333333337,56.99897934873871,59.14063212347408,0.02225663562769131,0.024661434468288026,0.8404588112617309,403.0
2026-08-11 05:43:30,807,Light,59.14063212347408,0.3717830846679091,58.70706264781599,59.7184783922322,4.0,1.0005136926630627,0.024661434468288026,1.1795378397316256,0.8179109626569208,0.017336748617309602,0.01754671985203966,0.18208903734307924,0.022776432455080146,0.021798784309359602,0.02464371227087352,38.0,1500.0,0.025333333333333333,-4.180048420157547,0.933986047144941,5.509156501071338,57.92070603641877,58.03064990264827,1.965851847781538,0.017184636853275658,0.017257814834087972,0.026266666666666667,57.622506637043486,57.67808727483759,0.02345423651407293,0.024711117466975505,0.8415015641293013,403.5
2026-08-11 05:44:00,808,Light,57.67808727483759,0.6928733123888584,56.84052423412815,58.72033299889602,4.0,1.0009596666793235,0.024711117466975505,1.1707512270194755,0.8276773640577555,0.017875202035184307,0.017089102925648515,0.1723226359422445,0.023880359424430585,0.024256603936682948,0.024700463277054698,49.0,1500.0,0.03266666666666666,-5.642593268794037,0.9108886193207295,4.046611652434848,58.147075345118395,58.07868073076628,1.6898845169435528,0.01752495947655179,0.017458502514346042,0.02746666666666666,59.14063212347408,58.06725625441303,0.024661434468288026,0.022461464554114758,0.8425443169968717,404.0
2026-08-11 05:44:30,809,Light,58.06725625441303,4.288218210523552,50.20763791154847,62.92287316671368,5.0,1.0003378399775193,0.022461464554114758,1.202777378873554,0.8760592142205488,0.016513095717603378,0.015229878383868762,0.20277737887355407,0.024322024316375288,0.02445974716010314,0.02239856266985175,29.0,1500.0,0.019333333333333334,-5.253424289218593,0.9170346205360399,4.435780632010292,58.295325217574906,57.901492327701376,2.2308892209242686,0.017241682123365753,0.017188441662522938,0.025466666666666665,57.67808727483759,57.51699871229712,0.024711117466975505,0.02205482559760027,0.8435870698644421,404.5
2026-08-11 05:45:00,810,Light,57.51699871229712,1.5703524911690119,55.798197205863175,59.678137373061624,5.0,1.0015166089493466,0.02205482559760027,1.135992430267992,0.8665381629332346,0.016932781393579243,0.014212541965568976,0.13599243026799201,0.024448079938583278,0.022861991423120225,0.022075165788311816,33.0,1500.0,0.022,-5.803681831334508,0.908344607456715,3.8855230898943773,57.754114080515926,58.005096200413064,1.8509869064579738,0.0171070263821223,0.017204151108167604,0.025466666666666665,58.06725625441303,55.23226791448736,0.022461464554114758,0.022742720745296686,0.8446298227320125,405.0
2026-08-11 05:45:30,811,Light,55.23226791448736,3.2798202331610984,50.76890953718728,59.8067185872596,6.0,1.0002152466099847,0.022742720745296686,1.1557197585141576,0.8428271461124733,0.016856976157934363,0.015268268821726013,0.15717285388752666,0.0218311618712529,0.023352000316032708,0.02271471766037671,42.0,1500.0,0.028,-8.088412629144266,0.8722627021740412,1.6007922920846198,56.938840960399176,57.527048455901834,2.0406094663820857,0.016767617756372317,0.017102960784322177,0.025466666666666665,57.51699871229712,60.78429762013119,0.02205482559760027,0.023360060596503085,0.8456725755995829,405.5
2026-08-11 05:46:00,812,Light,60.78429762013119,3.649126243234276,52.95629877820849,63.50179221364796,6.0,1.0004970927198726,0.023360060596503085,1.1551348231600995,0.8351667360412053,0.017194971592793845,0.015820002660159673,0.16483326395879472,0.021622184181731608,0.02340366874539388,0.023475036046002564,39.0,1500.0,0.026,-2.536382923500433,0.9599438461222362,7.152821997728452,57.84452141563856,57.855781555233264,2.6960780980953594,0.01699490971476914,0.017074605379419027,0.0256,55.23226791448736,57.51206807710813,0.022742720745296686,0.02282167267090074,0.8467153284671532,406.0
2026-08-11 05:46:30,813,Light,57.51206807710813,3.189635803598123,53.180814328633154,60.81697805940963,4.0,1.0011599377360298,0.02282167267090074,1.1586115434858333,0.8523110013874858,0.017134617928090238,0.015118831552324822,0.15861154348583328,0.02235526769631861,0.023777966294393334,0.022819969061296103,44.0,1500.0,0.029333333333333333,-5.808612466523492,0.9082667397656754,3.8805924547053934,57.84287787057557,57.82257771568736,3.1954305963372125,0.01706218855960614,0.016926488558000212,0.02493333333333333,60.78429762013119,59.809027331338015,0.023360060596503085,0.023106806950755693,0.8477580813347236,406.5
2026-08-11 05:47:00,814,Light,59.809027331338015,1.333914387976004,57.6634826389999,61.29746174564234,4.0,1.000857578261395,0.023106806950755693,1.2444986287265465,0.8683149723811169,0.016882068156086845,0.01580049817908118,0.24449862872654649,0.02441537404274431,0.02356142816492926,0.023126944664533546,29.0,1500.0,0.019333333333333334,-3.5116532122936093,0.9445417645207733,6.177551708935276,59.36846434285912,58.17093193107236,2.6045698318277024,0.0170705525589903,0.017000283045696906,0.024933333333333335,57.51206807710813,57.89296595566638,0.02282167267090074,0.02411578959474602,0.848800834202294,407.0
2026-08-11 05:47:30,815,Light,57.89296595566638,2.5540985180746882,54.37096260756788,62.09561289998196,6.0,1.000843507860138,0.02411578959474602,1.1995291925066676,0.8767032595547729,0.017331016227712215,0.016790434473322926,0.19952919250666756,0.02492439096480655,0.024332752552162905,0.024145680802055303,42.0,1500.0,0.028,-5.427714587965248,0.9142821185532705,4.261490333263637,58.40468712137085,58.24612537974622,2.801319037208838,0.017115900770629758,0.017079930012523503,0.02613333333333333,59.809027331338015,57.83220182406359,0.023106806950755693,0.023382868858797697,0.8498435870698644,407.5
2026-08-11 05:48:00,816,Light,57.83220182406359,1.5857845692474741,55.1970352813128,59.39518533837921,4.0,1.0009642299134085,0.023382868858797697,1.1888474304088505,0.8268182482041082,0.017442111855325588,0.015603237786432453,0.18884743040885055,0.023261925115781085,0.023590855824252886,0.023222202216584782,36.0,1500.0,0.024,-5.488478719568036,0.9133224931815735,4.200726201660849,58.511398370356005,58.76611216166147,2.462511904426113,0.017218398746374874,0.017196957152001747,0.025333333333333336,57.89296595566638,56.543756625563056,0.02411578959474602,0.023378819283806522,0.8508863399374348,408.0
2026-08-11 05:48:30,817,Light,56.543756625563056,3.6053134886456784,52.324546410678984,61.91583365304507,6.0,0.9999082837738703,0.023378819283806522,1.1358786903460147,0.789928858493089,0.017023903502559976,0.016023866964829225,0.21007114150691097,0.023105610788002152,0.023964112844303397,0.023472964741547284,35.0,1500.0,0.023333333333333334,-6.776923918068569,0.892974556497401,2.9122810031603166,57.42297480176435,57.91800396274783,2.4537493535083934,0.01726567719519925,0.01716274353395497,0.024800000000000003,57.83220182406359,57.38198680660762,0.023382868858797697,0.022827393427789635,0.8519290928050052,408.5
2026-08-11 05:49:00,818,Light,57.38198680660762,2.49648870862154,53.40647847628505,60.88804645848654,5.0,1.0007211702126342,0.022827393427789635,1.165022149498337,0.8580192885556357,0.016595640817074965,0.015690592183003158,0.16502214949833705,0.023293100889523768,0.02310171873040768,0.02281937431854284,38.0,1500.0,0.025333333333333333,-5.938693737024003,0.9062124145533796,3.750511184204882,57.25264841874477,57.89198770864773,2.315119934513077,0.017020552058320166,0.01705494811175192,0.024,56.543756625563056,56.61959488458647,0.023378819283806522,0.02645362707642736,0.8529718456725756,409.0
2026-08-11 05:49:30,819,Light,56.61959488458647,2.169341617375223,54.111027264690165,59.58376113967313,5.0,1.0013675300020164,0.02645362707642736,1.1872879375928047,0.8487686756829425,0.01854551420472654,0.018913710019120844,0.1872879375928047,0.023578545816208454,0.02454335701193436,0.026249541988410563,49.0,1500.0,0.03266666666666666,-6.701085659045155,0.8941722419671766,2.98811926218373,56.84844610558573,57.254101219297425,2.4822053803929207,0.01738835284145382,0.017387637321479858,0.026666666666666665,57.38198680660762,55.53517018324704,0.022827393427789635,0.02365833788069888,0.8540145985401459,409.5
2026-08-11 05:50:00,820,Light,55.53517018324704,2.934166485588663,49.86289954758137,59.18361250484183,6.0,1.0012929658148326,0.02365833788069888,1.1799795452995654,0.8352582076464351,0.017153100421394316,0.016345025475942198,0.1799795452995654,0.02318778148010459,0.023489495352852725,0.023651523898390776,38.0,1500.0,0.025333333333333333,-7.785510360384585,0.8770463252519859,1.9036945608443006,56.512250624813724,56.78254206481355,2.5582189738957157,0.017431418481065265,0.017352054160216276,0.02613333333333333,56.61959488458647,58.163096276413704,0.02645362707642736,0.021949477247909997,0.8550573514077163,410.0
2026-08-11 05:50:30,821,Light,58.163096276413704,4.2027937460197595,51.521045443184086,64.02216901037575,5.0,0.9996045929150896,0.021949477247909997,1.0991077520257369,0.8495787275256845,0.016465919200925095,0.01451927694783463,0.15042127247431547,0.023384374670199718,0.024012554267180818,0.022234705815563867,33.0,1500.0,0.022,-5.157584267217921,0.9185481864228536,4.531620654010965,56.77262044808242,56.84872095528358,3.0816208092501727,0.017388177942348638,0.01715681562933618,0.025733333333333337,55.53517018324704,58.90832608193523,0.02365833788069888,0.023683513868038932,0.8561001042752867,410.5
2026-08-11 05:51:00,822,Light,58.90832608193523,3.296380682431869,53.82347134648046,62.201564741483956,5.0,0.9995584499892636,0.023683513868038932,1.2264180796913358,0.8527821526224207,0.017161566285301164,0.01632741370164878,0.22641807969133576,0.022143367954644937,0.021703110418429452,0.02373942664703834,37.0,1500.0,0.024666666666666667,-4.4123544616963954,0.93031732407462,5.27685045953249,57.535530847198665,57.32163484655801,3.0198342480074105,0.016926861969206848,0.017184348185884418,0.026000000000000002,58.163096276413704,58.12820947119396,0.021949477247909997,0.022893985038732755,0.8571428571428571,411.0
2026-08-11 05:51:30,823,Light,58.12820947119396,4.168602628592183,53.97813072044792,65.87076856342725,5.0,1.0008708257617203,0.022893985038732755,1.126301738523846,0.8377798877861299,0.016877325920757674,0.015493506969873411,0.16222011221387012,0.02341930135101649,0.024088568492079975,0.02294680710728828,42.0,1500.0,0.028,-5.192471072437662,0.9179972320597574,4.496733848791223,58.39987727651431,57.470879379475285,3.3542570320015392,0.0168349371356613,0.017240685206620955,0.026533333333333332,58.90832608193523,57.3912680831925,0.023683513868038932,0.023348581489971407,0.8581856100104275,411.5
2026-08-11 05:52:00,824,Light,57.3912680831925,3.6912109794434573,52.91541761150772,63.483829360023776,6.0,1.001249441473775,0.023348581489971407,1.1552957706356635,0.9053268835006786,0.01746184436373798,0.015549963119146488,0.15529577063566347,0.02231367128357802,0.0229689646068314,0.023241742825981092,40.0,1500.0,0.02666666666666667,-5.929412460439124,0.9063589903088073,3.759792460789761,58.142601212107245,57.625214019196484,3.658630904415186,0.017166912189932267,0.017023951238423245,0.025333333333333336,58.12820947119396,74.16164192842076,0.022893985038732755,0.19698827842982156,0.8592283628779979,412.0
2026-08-11 05:52:30,825,Wake,74.16164192842076,5.923281572891283,65.09837879192663,81.68723515506701,4.0,1.035635159954448,0.19698827842982156,2.0899560675717463,0.3089719962358009,0.1350886744473692,0.14773387052323755,1.0899560675717463,0.20058137005765128,0.20519767689987425,0.20420917366313604,1065.0,1500.0,0.71,10.84096138478914,1.1712072784391363,20.530166306018025,63.22703982760242,61.350508368231225,4.2564539218757105,0.05647594824395494,0.04061106604361822,0.16226666666666667,57.3912680831925,72.51494387835265,0.023348581489971407,0.19546749558792817,0.8602711157455682,412.5
2026-08-11 05:53:00,826,Wake,72.51494387835265,3.7498749646673226,69.05321977017537,78.55074574572518,4.0,1.0364708258647979,0.19546749558792817,2.3430909294980617,0.1654530358923595,0.12902601080338716,0.15129425470533028,1.3430909294980617,0.1999661516262116,0.21198151792099484,0.20347640468638228,1017.0,1500.0,0.678,9.194263334721029,1.145201587471658,18.883468255949914,68.02261796332198,64.22087788861901,4.165870165605223,0.09385884320483144,0.06312308436411063,0.29346666666666665,74.16164192842076,75.58163583875505,0.19698827842982156,0.19645255742906814,0.8613138686131386,413.0
2026-08-11 05:53:30,827,Wake,75.58163583875505,3.5781096219300768,69.95735526336644,81.38090667169944,6.0,1.038564486071745,0.19645255742906814,1.9484583547820327,0.3878345227687277,0.13255636022937323,0.15003212412393474,0.9484583547820327,0.19830374679977567,0.205600759373324,0.20137245959328734,1025.0,1500.0,0.6833333333333333,12.260955295123424,1.1936327150917925,21.95016021635231,74.08607388184282,67.55553983998298,4.222215953504865,0.13222368182670985,0.08620204315292505,0.4252000000000001,72.51494387835265,76.5369275845206,0.19546749558792817,0.19890513997252338,0.862356621480709,413.5
2026-08-11 05:54:00,828,Wake,76.5369275845206,4.312312790420374,70.60687928724181,82.52303824155851,5.0,1.0394331603168323,0.19890513997252338,2.1850653152740422,0.2700817844214006,0.13519852575106214,0.15112771908158182,1.1850653152740422,0.20969607624809855,0.21220317640287586,0.20792905307239504,1044.0,1500.0,0.696,13.216247040888973,1.2087192829802613,22.90545196211786,74.87783576720945,71.23728346264832,4.250957985870502,0.13226029892794086,0.10986628311898594,0.5588,75.58163583875505,76.2244173314999,0.19645255742906814,0.18904424573957543,0.8633993743482794,414.0
2026-08-11 05:54:30,829,Wake,76.2244173314999,7.309962601126609,71.83253650952147,88.88230100342865,4.0,1.045064160129455,0.18904424573957543,2.038167113529788,0.2953779888388822,0.12923737043863592,0.1451420251254782,1.0381671135297879,0.20848681248885656,0.19850960595043812,0.19183084148776125,1052.0,1500.0,0.7013333333333334,12.903736787868269,1.2037839245738498,22.592941709097154,76.11432691825853,75.00391331230979,4.9747083102071326,0.13233075213969045,0.13222138833396552,0.6937333333333333,76.5369275845206,74.80189791603155,0.19890513997252338,0.19997915248165501,0.8644421272158499,414.5
2026-08-11 05:55:00,830,Wake,74.80189791603155,1.629305730404441,72.65428640000627,77.03265921471097,5.0,1.0457181988768809,0.19997915248165501,2.322098484849866,0.06352795710049312,0.13421881707409739,0.1551358252598575,1.322098484849866,0.20696198712265207,0.2037908198502655,0.2041609908809554,1031.0,1500.0,0.6873333333333334,11.481217372399925,1.1813186035562062,21.17042229362881,75.85441427735068,75.13196450983193,4.115913141709764,0.13288490442126513,0.13204741685931118,0.6891999999999999,76.2244173314999,75.24080940363119,0.18904424573957543,0.19780602397564426,0.8654848800834203,415.0
2026-08-11 05:55:30,831,Wake,75.24080940363119,5.488673777135447,66.86865338594836,83.48984828698138,6.0,1.0428908628401763,0.19780602397564426,2.1665986772578893,0.23845872218259656,0.13343646376697343,0.15218922226489348,1.1665986772578893,0.20087865914363653,0.20364167815317985,0.20277623402498907,1037.0,1500.0,0.6913333333333334,11.920128859999565,1.1882501697338188,21.60933378122845,75.42237488372088,75.67713761488766,4.463672904203389,0.1322975504265689,0.13292950745202842,0.6918666666666666,74.80189791603155,76.87760046625931,0.19997915248165501,0.1974703541204341,0.8665276329509907,415.5
2026-08-11 05:56:00,832,Wake,76.87760046625931,5.120368606340269,68.6395492248096,82.6796202050931,4.0,1.0416501086196919,0.1974703541204341,2.1225488835260737,0.31442050687977924,0.13317805109242783,0.15163402986039923,1.1225488835260737,0.2079119756616201,0.19512826765131747,0.2026742202130817,1028.0,1500.0,0.6853333333333333,13.556919922627685,1.2140994033266301,23.24612484385657,75.64010259530737,75.93633054038851,4.772124701085428,0.13361111064449954,0.13305384562463934,0.6922666666666666,75.24080940363119,73.61958054649162,0.19780602397564426,0.1934803233273292,0.867570385818561,416.0
2026-08-11 05:56:30,833,Wake,73.61958054649162,3.4841693807211755,67.93005739958537,77.56310345671051,5.0,1.0350628129241417,0.1934803233273292,2.118368994608241,0.15850578019593572,0.13140593853485377,0.14627547874738075,1.118368994608241,0.19944929486605806,0.1917626766105693,0.19628679406968574,1043.0,1500.0,0.6953333333333334,10.298900002859995,1.1626467042748136,19.98810492408888,75.24599680546072,75.3528611327827,4.606496019145587,0.13267348446475166,0.13229532818139766,0.6921333333333333,76.87760046625931,76.71312949783389,0.1974703541204341,0.208267171878608,0.8686131386861314,416.5
2026-08-11 05:57:00,834,Wake,76.71312949783389,2.9585679476644016,73.27981664092266,82.04150352958223,5.0,1.039227081175071,0.208267171878608,2.5433930589505174,0.30056841412456087,0.13417025029573507,0.1640497568282534,1.5433930589505174,0.19711842917271574,0.19456898609101847,0.205129317920752,1003.0,1500.0,0.6686666666666666,13.392448954202266,1.211501974382194,23.08165387543115,75.73677017019494,75.45060356604952,3.7362170884531465,0.13291807997433888,0.1332819041528175,0.6856,73.61958054649162,76.58769347117475,0.1934803233273292,0.20360704375267752,0.8696558915537018,417.0
2026-08-11 05:57:30,835,Wake,76.58769347117475,2.751342805192048,73.91791711752694,81.08266075022128,4.0,1.0476995704061003,0.20360704375267752,2.316699536952486,0.13879753801989986,0.13462212158928147,0.16002487825782594,1.3166995369524859,0.19702167017851688,0.209833765081133,0.20779617485224605,1030.0,1500.0,0.6866666666666666,13.26701292754312,1.2095210097813365,22.956217848772006,75.64013450516677,75.80776267707816,3.9606245034106684,0.13339943680662342,0.1333625650558543,0.6854666666666667,76.71312949783389,78.77607552263923,0.208267171878608,0.1920414120820905,0.8706986444212722,417.5
2026-08-11 05:58:00,836,Wake,78.77607552263923,4.735172855942851,71.05193648744064,83.5554053657681,4.0,1.0399882057048317,0.1920414120820905,2.0875149364927426,0.3502021480563653,0.12844466913674857,0.14825966248554065,1.0875149364927426,0.20789692986265573,0.19339914331600594,0.1959861795957119,1010.0,1500.0,0.6733333333333333,15.455394979007608,1.2440813150824863,25.144599900236493,77.35896616388263,76.51481590087977,3.8099243191721492,0.13241234700725502,0.13236420612980934,0.6818666666666667,76.58769347117475,72.33120958612105,0.20360704375267752,0.20469613452479193,0.8717413972888426,418.0
2026-08-11 05:58:30,837,Wake,72.33120958612105,4.570293144790948,65.86569557782224,79.55742645195957,5.0,1.0429877297307144,0.20469613452479193,2.1490969167670815,0.39822151073206535,0.13520654830156048,0.15958584427564512,1.1490969167670815,0.20035505747268,0.20207303374890642,0.1996452841288275,1027.0,1500.0,0.6846666666666666,9.010529042489424,1.1422999400058667,18.69973396371831,75.89832619331169,75.60553772485211,3.6999092268622844,0.1327577796758635,0.13276990557163587,0.6817333333333333,78.77607552263923,75.6176214166245,0.1920414120820905,0.19848957010157875,0.872784150156413,418.5
2026-08-11 05:59:00,838,Wake,75.6176214166245,2.73114211149576,70.5503796274168,78.61303438574575,5.0,1.0389175077100736,0.19848957010157875,2.464627277494265,0.12187777711390589,0.13074310836070382,0.15433379883115186,1.464627277494265,0.20223299508198903,0.19870267624785887,0.20152292516655165,1034.0,1500.0,0.6893333333333334,12.296940872992877,1.1942010219634258,21.986145794221763,75.57496884179494,76.00514589887868,3.5493037730172015,0.1314647752663376,0.1326373395368059,0.6805333333333332,72.33120958612105,72.53845056003397,0.20469613452479193,0.19699097435426427,0.8738269030239834,419.0
2026-08-11 05:59:30,839,Wake,72.53845056003397,3.8459730320475805,65.30296823894255,77.45723916148712,6.0,1.0471455532095797,0.19699097435426427,2.0307998243779877,0.31674094087311483,0.13320216839639876,0.1525953128342321,1.0307998243779877,0.21333476430351725,0.19902150735267382,0.19599756836683366,1036.0,1500.0,0.6906666666666667,9.21777001640234,1.1455728197685866,18.906974937631226,73.49576052092651,75.17021011131871,3.7267847898938378,0.13305060835288765,0.1324437231569386,0.6849333333333334,75.6176214166245,70.4776393034942,0.19848957010157875,0.19561263923465186,0.8748696558915537,419.5
2026-08-11 06:00:00,840,Wake,70.4776393034942,5.862589342920386,58.59237599019614,76.68610199901102,6.0,1.0399230566561306,0.19561263923465186,2.4117303195176096,0.32707193633402076,0.12961324618370088,0.15185045767082175,1.4117303195176096,0.20720107443227812,0.19857372471934795,0.20063220324832975,1020.0,1500.0,0.68,7.156958759862576,1.1130271926709792,16.84616368109146,72.8779037600509,73.94819927778259,4.349034097439505,0.13118617431360116,0.1314419480758225,0.6836,72.53845056003397,72.5721994549889,0.19699097435426427,0.18723554701216977,0.8759124087591241,420.0
2026-08-11 06:00:30,841,Wake,72.5721994549889,3.6840107546662733,67.43460199105112,77.35885893846383,4.0,1.0384850966002266,0.18723554701216977,2.1318364561373033,0.17255517527357173,0.12455427444328042,0.14499822565529275,1.1318364561373033,0.202862175609462,0.19434519681035556,0.19099573846237677,991.0,1500.0,0.6606666666666666,9.25151891135728,1.1461058035373206,18.940723832586166,71.86276310617237,72.70742406425252,4.13880167718419,0.12912322967446002,0.13066386913712885,0.6810666666666666,70.4776393034942,76.86423929180499,0.19561263923465186,0.20310854007635865,0.8769551616266945,420.5
2026-08-11 06:01:00,842,Wake,76.86423929180499,6.23212902555473,70.69862898538587,87.7452362767046,5.0,1.0504324470332638,0.20310854007635865,2.173673383194486,0.2102086011202611,0.13635361704361693,0.15875831280545716,1.1736733831944859,0.1970330841774028,0.20443851640396704,0.20621924215027174,1003.0,1500.0,0.6686666666666666,13.543558748173368,1.213888395258814,23.232763669402253,73.30469268342938,73.61403000538931,4.4711688533369465,0.13017371255686608,0.13089328288554017,0.6778666666666667,72.5721994549889,73.55404782807906,0.18723554701216977,0.18911940920608478,0.8779979144942649,421.0
2026-08-11 06:01:30,843,Wake,73.55404782807906,5.737323648954491,65.45282611258595,80.77469378336842,6.0,1.03692860742794,0.18911940920608478,1.9605616013375995,0.27583998706135554,0.12992049431660296,0.14230438553170105,0.9605616013375995,0.20764768266496691,0.2048591421373176,0.20076351773018014,1022.0,1500.0,0.6813333333333333,10.23336728444744,1.1616117703819695,19.922572205676325,74.33016219162432,73.20131528768022,5.072405160828692,0.13027612860116675,0.13072876007672002,0.6762666666666667,76.86423929180499,74.20724202726404,0.20310854007635865,0.18790380197244602,0.8790406673618353,421.5
2026-08-11 06:02:00,844,Wake,74.20724202726404,4.815637493605207,67.01977442545333,78.73771003475542,4.0,1.0416175932829403,0.18790380197244602,2.135287338799348,0.27416678080069096,0.12817897803853384,0.1435618767478383,1.135287338799348,0.2021160327470804,0.20061948992859657,0.19110452926439708,1008.0,1500.0,0.672,10.88656148363242,1.171927423871115,20.575766404861305,74.87517638238272,73.53507358112624,5.266338053140218,0.13148436313291792,0.129724122005147,0.6725333333333333,73.55404782807906,74.38117873249253,0.18911940920608478,0.19623532288097012,0.8800834202294057,422.0
2026-08-11 06:02:30,845,Wake,74.38117873249253,3.442893000795322,70.46148107429367,79.38802308359809,4.0,1.0348444908669325,0.19623532288097012,2.1857460309022527,0.28461597882950357,0.1315356849866511,0.14973578084434871,1.1857460309022527,0.19648443826513376,0.20082903906114472,0.20075212147185906,1034.0,1500.0,0.6893333333333334,11.060498188860905,1.1746743416827237,20.74970311008979,74.04748952927855,74.31578146692591,4.782398784715205,0.12987838578059596,0.13010860976573704,0.6744,74.20724202726404,71.2779800762908,0.18790380197244602,0.20469581904933898,0.881126173096976,422.5
2026-08-11 06:03:00,846,Wake,71.2779800762908,4.311241195330451,66.37520752271962,79.0654772882915,6.0,1.0437182487047425,0.20469581904933898,2.0289099362261176,0.20623747621747418,0.13848893073474491,0.15694737866570585,1.0289099362261176,0.21579024631990673,0.2127002945515554,0.20562414953115105,1041.0,1500.0,0.694,7.957299532659178,1.1256666773689543,17.646504453888063,73.28880027868247,74.0569375911863,4.90784487284804,0.13273453125330995,0.13289554102402995,0.6810666666666666,74.38117873249253,73.90087754866494,0.19623532288097012,0.20141456081395262,0.8821689259645464,423.0
2026-08-11 06:03:30,847,Wake,73.90087754866494,4.048176146972284,67.84905695255895,80.30842162210969,5.0,1.032892032176342,0.20141456081395262,2.5208059999118344,0.25539288244952446,0.1328124479486299,0.1549534277080033,1.5208059999118344,0.19773155467435322,0.20029120314464766,0.2091083636557057,1036.0,1500.0,0.6906666666666667,10.580197005033313,1.167089123398523,20.269401926262198,73.18667878581611,73.46426524255828,4.471054297131551,0.13427902122334198,0.13218730720503252,0.6854666666666667,71.2779800762908,72.77050925170342,0.20469581904933898,0.19249191316327982,0.8832116788321168,423.5
2026-08-11 06:04:00,848,Wake,72.77050925170342,7.45340245026459,61.38407759016155,86.40136931306594,6.0,1.037932972123055,0.19249191316327982,2.2167892086702903,0.3351868026856265,0.13008548353010985,0.1468666537444278,1.2167892086702903,0.2068895105389378,0.1885499890868759,0.19648799288514884,1022.0,1500.0,0.6813333333333333,9.449828708071792,1.1492376365342492,19.139033629300677,72.64978895888639,73.30755752728314,4.814270057393571,0.13379562073782822,0.1322203050477339,0.6854666666666667,73.90087754866494,73.21082365938946,0.20141456081395262,0.2128133728462,0.8842544316996872,424.0
2026-08-11 06:04:30,849,Wake,73.21082365938946,2.6176674925767656,68.64979430537278,76.38067842843847,6.0,1.057571633770541,0.2128133728462,2.459212059396687,0.2306891224121732,0.141547908168403,0.1690213429432342,1.459212059396687,0.20625625223342212,0.2052295147760942,0.2143359291299482,1035.0,1500.0,0.69,9.890143115757837,1.1561913585079515,19.579348036986723,73.29407015325262,73.10827385370823,4.374676057187882,0.13481527988238093,0.13489409107370776,0.6890666666666667,72.77050925170342,73.06027402951922,0.19249191316327982,0.18612164657072075,0.8852971845672576,424.5
2026-08-11 06:05:00,850,Wake,73.06027402951922,4.882915215688359,67.91420295527108,78.00730700365635,4.0,1.0359583177662346,0.18612164657072075,2.0589466941588936,0.2541883611073465,0.1259453394595771,0.14167582506266085,1.0589466941588936,0.19710136188664545,0.19884611918666564,0.19181987343099668,1014.0,1500.0,0.676,9.739593485887596,1.1538137840950153,19.42879840711648,73.01386898020405,72.84409291311357,4.6626805001664895,0.1325262437193633,0.13377602196829294,0.6864000000000001,73.21082365938946,71.421374719305,0.2128133728462,0.2044517846189607,0.886339937434828,425.0
2026-08-11 06:05:30,851,Wake,71.421374719305,2.8518228754411936,65.91410459738982,74.64829190986293,6.0,1.0510275422909565,0.2044517846189607,1.9672777971696587,0.1708671430636537,0.13858359438546514,0.15874170741597224,0.9672777971696587,0.19680489180697203,0.2101790976456786,0.20402579336833412,1055.0,1500.0,0.7033333333333334,8.100694175673382,1.1279312557307646,17.789899096902268,72.56415746940458,72.8727718417164,4.370796836188639,0.1353589473378151,0.133794954698437,0.6882666666666667,73.06027402951922,78.25898032637356,0.18612164657072075,0.21920150575153804,0.8873826903023984,425.5
2026-08-11 06:06:00,852,Wake,78.25898032637356,3.364081789485385,74.60316425429285,85.06985393389753,6.0,1.0467815717760383,0.21920150575153804,2.349287065368684,0.16965639805561555,0.14266353689273564,0.17287258551555604,1.3492870653686841,0.21126912549336482,0.20346099134762252,0.22052147344735842,1010.0,1500.0,0.6733333333333333,14.938299782741936,1.2359150226196414,24.62750470397082,74.24687635839928,73.74439239725812,4.233977964691258,0.13573082357925928,0.1357651724872581,0.6848,71.421374719305,78.62790560619707,0.2044517846189607,0.20259700846884993,0.8884254431699687,426.0
2026-08-11 06:06:30,853,Wake,78.62790560619707,4.270690574753118,70.73158532910551,84.42313183130015,6.0,1.0392201604698577,0.20259700846884993,2.069818883538632,0.3933627646278279,0.13664200091464357,0.1546374224237173,1.0698188835386322,0.2145229810346372,0.20055479850487362,0.20589031962902676,1040.0,1500.0,0.6933333333333334,15.30722506256545,1.2417413226002503,24.996429983794336,76.10275355062522,74.91587166815687,3.5974355895889643,0.13929637739761477,0.1370764759641649,0.6872,78.25898032637356,59.22982373225838,0.21920150575153804,0.022588963545451642,0.8894681960375391,426.5
2026-08-11 06:07:00,854,Light,59.22982373225838,1.1877280380801454,57.23395389109441,60.33839214258886,4.0,1.0004318941923571,0.022588963545451642,1.1324849126304941,0.7858362283756283,0.01670762510221605,0.015208651159617519,0.21416377162437172,0.022774022927435366,0.02304148018611996,0.02256581799011493,31.0,1500.0,0.020666666666666667,-4.090856811373243,0.9353946171100546,5.5983481098556425,72.03890322160969,72.11967168273065,3.3114476986896397,0.09867105430319843,0.1121084193509275,0.5533333333333333,78.62790560619707,58.037824321193874,0.20259700846884993,0.02343296032136186,0.8905109489051095,427.0
2026-08-11 06:07:30,855,Light,58.037824321193874,1.1519407917622202,56.16578496003451,59.626840710637765,6.0,0.9999095014694931,0.02343296032136186,1.206778631647946,0.8273076858131763,0.017190288408603722,0.015925005614930494,0.20677863164794608,0.023280549545306544,0.02409111155620736,0.023429448330511516,34.0,1500.0,0.02266666666666667,-5.282856222437751,0.9165698129413256,4.406348698791135,65.29851788654979,69.11518174106558,2.5652528139044124,0.056846638141821115,0.09035740914073283,0.42266666666666663,59.22982373225838,57.39570833609994,0.022588963545451642,0.023737125924707857,0.8915537017726799,427.5
2026-08-11 06:08:00,856,Light,57.39570833609994,1.629544947492563,55.38483708610506,59.66288066979206,4.0,1.001034845606341,0.023737125924707857,1.1634828354122189,0.7938402876034296,0.01790925242306064,0.015613479120346538,0.20615971239657038,0.02389074266426335,0.02242007817991026,0.02361736327284648,40.0,1500.0,0.02666666666666667,-5.924972207531681,0.906429113574529,3.7642327136972042,58.22111879651741,66.31004846442457,2.320797228314686,0.01726905531129347,0.06622254074825193,0.28733333333333333,58.037824321193874,59.769306813502375,0.02343296032136186,0.024931518458544813,0.8925964546402503,428.0
2026-08-11 06:08:30,857,Light,59.769306813502375,1.8690899874795288,57.49227672649395,62.42710852120452,6.0,1.001012940471434,0.024931518458544813,1.214293087132236,0.7449959389477161,0.017466588831399933,0.01781922937846205,0.2550040610522839,0.023435259221279245,0.023392724056228973,0.02493716621226528,39.0,1500.0,0.026,-3.5513737301292494,0.9439144731288517,6.137831191099636,58.400946490265405,62.61211376185033,2.0217988679135153,0.017522043221021435,0.04118315113598478,0.15786666666666666,57.39570833609994,61.24784424495142,0.023737125924707857,0.024003973176063263,0.8936392075078207,428.5
2026-08-11 06:09:00,858,Light,61.24784424495142,3.079524199184661,56.96494356098539,64.69108378684611,4.0,0.9999961085065534,0.024003973176063263,1.1639142598800813,0.8551578358075759,0.01757959725129214,0.016344678151106178,0.16391425988008135,0.022668400297991595,0.02215908035330696,0.024041204407301314,45.0,1500.0,0.03,-2.072836298680201,0.9672644658761699,7.616368622548684,59.47095313151792,59.136101489601195,1.7835655927998235,0.017651812835250903,0.017370670403314498,0.0252,59.769306813502375,59.70778135706508,0.024931518458544813,0.022933811052956284,0.894681960375391,429.0
2026-08-11 06:09:30,859,Light,59.70778135706508,1.6625872431675341,57.30617321018835,61.483337163345794,4.0,1.0003117889522108,0.022933811052956284,1.1560167034080693,0.8775140745259956,0.017017748880645143,0.015377032379452205,0.15601670340806928,0.02427404696163033,0.023151695049758954,0.022875498144988876,31.0,1500.0,0.020666666666666667,-3.612899186566544,0.9429428244366854,6.076305734662341,60.2416441385063,59.23169301456254,1.8785374338173013,0.01735464498777907,0.017432695159000318,0.0252,61.24784424495142,56.71269796020445,0.024003973176063263,0.022388573498844985,0.8957247132429614,429.5
2026-08-11 06:10:00,860,Light,56.71269796020445,1.8813642555976853,53.60870862253086,59.53265266625577,6.0,1.0000096328145587,0.022388573498844985,1.171234944741152,0.8949752670041418,0.016812561096100506,0.014784657773996256,0.17123494474115208,0.023541461001791615,0.024239155951699308,0.02229006525163465,34.0,1500.0,0.02266666666666667,-6.607982583427173,0.8956425842758609,3.0812223378017123,59.22277452074033,58.966667742364656,2.0244221265843945,0.017136635742679263,0.017357149696499673,0.0252,59.70778135706508,56.49561153592646,0.022933811052956284,0.023769585043616735,0.8967674661105318,430.0
2026-08-11 06:10:30,861,Light,56.49561153592646,2.4200588679065054,53.52483259913124,59.48073103823284,5.0,1.0002739746784715,0.023769585043616735,1.2176163575140897,0.859134898002643,0.017527086746050496,0.016058314527577076,0.2176163575140897,0.023227804950195573,0.023542728225849255,0.0237425435496487,37.0,1500.0,0.024666666666666667,-6.825069007705167,0.8922142189706521,2.864135913523718,57.638696951065334,58.78664838232995,2.1825249106671825,0.017119132240932047,0.017280716561097646,0.0248,56.71269796020445,58.31348733377579,0.022388573498844985,0.022712206325019326,0.8978102189781022,430.5
2026-08-11 06:11:00,862,Light,58.31348733377579,2.9823514164259377,53.262632243218356,61.91540952838061,5.0,1.0017257081334365,0.022712206325019326,1.184898849659005,0.9011658817138534,0.017074137815225134,0.015076345796603224,0.18489884965900494,0.02419393167311709,0.024343346878560244,0.022752528020063813,37.0,1500.0,0.024666666666666667,-5.007193209855835,0.9209232565590386,4.68201171137305,57.17393227663558,58.49548448638463,2.4051771964564646,0.017137928552458714,0.01720222635786268,0.024533333333333334,56.49561153592646,57.14426869401447,0.023769585043616735,0.025144039481714894,0.8988529718456726,431.0
2026-08-11 06:11:30,863,Light,57.14426869401447,0.6311172908108669,56.239738896008674,58.00236592321875,4.0,1.0008406425665126,0.025144039481714894,1.1971542787287288,0.8501296545320527,0.017926044174048285,0.017651808452754634,0.19715427872872882,0.023755539800484223,0.02389012793051156,0.02497144092517598,43.0,1500.0,0.028666666666666667,-6.176411849617153,0.9024582206541314,3.512793071611732,57.31778918790559,57.674769376197254,1.9154958147817058,0.017509089578441304,0.017271515742413916,0.024266666666666666,58.31348733377579,56.812073623081076,0.022712206325019326,0.024811616964932736,0.899895724713243,431.5
2026-08-11 06:12:00,864,Light,56.812073623081076,2.9994745478890206,53.833118090919605,62.09317644887121,5.0,1.0015464985659204,0.024811616964932736,1.2229610750015163,0.8027111424385376,0.017666900784846815,0.017489671548868806,0.2229610750015163,0.02504182196349777,0.023707985621290728,0.024612048937314814,45.0,1500.0,0.03,-6.508606920550548,0.8972119872264206,3.180598000678337,57.42327655029046,57.09562782940045,2.182873275726003,0.01755569425804008,0.017401346123254245,0.02613333333333333,57.14426869401447,58.2920849572625,0.025144039481714894,0.022534838974239736,0.9009384775808134,432.0
2026-08-11 06:12:30,865,Light,58.2920849572625,1.597548339202943,56.25576658830747,60.676755062723444,4.0,0.9994708494049486,0.022534838974239736,1.1470801859997066,0.808643777524,0.01684524917309651,0.014977868614841326,0.19135622247600004,0.022137386784723333,0.022112273209166415,0.022558469131126614,38.0,1500.0,0.025333333333333333,-5.028595586369121,0.9205852567724043,4.660609334859764,57.416142424786024,57.411505228812054,2.1261100924470546,0.017479398043997205,0.017407883738653446,0.026666666666666665,56.812073623081076,56.36658812027521,0.024811616964932736,0.023647344358836433,0.9019812304483837,432.5
2026-08-11 06:13:00,866,Light,56.36658812027521,0.9156574249807615,54.88078487137001,57.370596399796696,4.0,1.0019198393288762,0.023647344358836433,1.1639610521797326,0.8671830700549455,0.017266704899082646,0.01627094281847517,0.16396105217973256,0.024163565835258565,0.024184937458093577,0.023435877238512592,46.0,1500.0,0.030666666666666665,-6.954092423356414,0.8901766000672617,2.7351124978724712,57.15691556687293,57.385700545681814,1.825229803861906,0.017259618285675325,0.017355807369259877,0.027866666666666668,58.2920849572625,57.53576801337931,0.022534838974239736,0.0249110672514147,0.9030239833159541,433.0
2026-08-11 06:13:30,867,Light,57.53576801337931,1.3934992269766961,55.27666136052791,59.07045078520084,4.0,1.0009688279349775,0.0249110672514147,1.2173665442842123,0.8428196244787447,0.017581926220114463,0.017674155412990753,0.21736654428421232,0.0244860129289096,0.02363286920483447,0.025080527739734806,41.0,1500.0,0.027333333333333334,-5.7849125302523134,0.9086410240605962,3.904292390976572,57.39814703030569,57.23015668160251,1.5074593659720577,0.01723129343076454,0.017457365050237744,0.028399999999999998,56.36658812027521,57.68221158791688,0.023647344358836433,0.024877376780672252,0.9040667361835245,433.5
2026-08-11 06:14:00,868,Light,57.68221158791688,2.2832119379470917,54.13955629148284,59.69336373470626,4.0,1.0016258882502156,0.024877376780672252,1.211314906034006,0.8291083695508725,0.017615195886216205,0.017641776043810092,0.21131490603400604,0.023576236708695946,0.0241020911922428,0.024597429500034868,44.0,1500.0,0.029333333333333333,-5.6384689557147425,0.910953753066038,4.050735965514143,57.19485590719048,57.337745260382995,1.8378782953993025,0.01748794233513777,0.017395195392671325,0.028533333333333334,57.53576801337931,59.804966488746196,0.0249110672514147,0.0229706160494336,0.9051094890510949,434.0
2026-08-11 06:14:30,869,Light,59.804966488746196,2.8302528717768314,57.836222491160896,65.34610252909366,5.0,1.000519883086802,0.0229706160494336,1.1894805148800838,0.8675014306640806,0.016896018059524173,0.015570615076055037,0.18948051488008377,0.023097974407553953,0.023725580293238464,0.02314943905191116,38.0,1500.0,0.025333333333333333,-3.5157140548854287,0.9444776331413101,6.173490866343457,58.34098203001414,57.93632383351602,1.8040339601768647,0.017364380055284945,0.017241018847606798,0.027600000000000003,57.68221158791688,54.23497430522074,0.024877376780672252,0.0237038353793912,0.9061522419186653,434.5
2026-08-11 06:15:00,870,Light,54.23497430522074,1.5972576540867314,51.928206971451715,55.87773064523493,4.0,1.0011102197952628,0.0237038353793912,1.1546602439539135,0.8343300497181236,0.017877082523056278,0.015604945374813302,0.16566995028187637,0.024813090451349443,0.024498559216488337,0.02383204285126074,43.0,1500.0,0.028666666666666667,-9.085706238410886,0.856512814448507,0.6034986828179996,57.240717460627955,57.12490170310766,1.8039758231536225,0.017462765489598884,0.01744738551759875,0.02826666666666667,59.804966488746196,74.53587477496573,0.0229706160494336,0.19728235284794293,0.9071949947862357,435.0
2026-08-11 06:15:30,871,Wake,74.53587477496573,3.447904556182738,69.72711529080016,77.92306830966909,4.0,1.0414982069426302,0.19728235284794293,2.7279968803017876,0.20024841902658977,0.12738408682457786,0.15625531142505852,1.7279968803017876,0.19425855728897118,0.21807865647672664,0.20269863475775934,1003.0,1500.0,0.6686666666666666,11.21519423133411,1.1771173988505412,20.904399152562995,62.85860518964423,60.758759034045774,2.310425249394018,0.054052395802386105,0.039470861902697794,0.15586666666666665,54.23497430522074,75.2614748036324,0.0237038353793912,0.18397600844413994,0.908237747653806,435.5
2026-08-11 06:16:00,872,Wake,75.2614748036324,8.658726191848158,63.34133794007146,88.2509489280324,6.0,1.0392978581923722,0.18397600844413994,2.361181684200509,0.2668510821075088,0.12484262178219183,0.14073312733004498,1.361181684200509,0.1986298892397008,0.1942083290341653,0.1944781983359914,1029.0,1500.0,0.686,11.940794260000771,1.1885765307240006,21.629999181229657,68.01077462793963,64.3039003920964,3.76347064236831,0.09003459704327532,0.060923001015113276,0.2876,74.53587477496573,75.78367210351533,0.19728235284794293,0.1959157577680812,0.9092805005213764,436.0
2026-08-11 06:16:30,873,Wake,75.78367210351533,3.680377995266518,70.51826139110837,80.89981468310295,4.0,1.037726080276253,0.1959157577680812,2.198805702457173,0.19196975584194326,0.13146495710713638,0.15007733449015725,1.198805702457173,0.19860064672717023,0.19108088312828553,0.20613133432318195,1022.0,1500.0,0.6813333333333333,12.462991559883704,1.1968233988151151,22.15219648111259,75.19367389403783,67.92419249521609,4.042903853832195,0.12789722190463537,0.08369295325929729,0.418,75.2614748036324,81.56124064740197,0.18397600844413994,0.19815684672664993,0.9103232533889468,436.5
2026-08-11 06:17:00,874,Wake,81.56124064740197,1.305851267882071,79.71524508799001,83.20797888414955,4.0,1.0393862280737294,0.19815684672664993,2.129376998527836,0.14055827815072064,0.13416760671942418,0.15105119719388777,1.1293769985278361,0.20093334299298835,0.20421934933727598,0.2056600097270777,1032.0,1500.0,0.688,18.24056010377035,1.2880663939043033,27.929765024999234,77.53546251818324,72.27544732694723,3.7380235330532434,0.13015839520291747,0.1071472709912773,0.5505333333333333,75.78367210351533,73.33006337662107,0.1959157577680812,0.1880303584023318,0.9113660062565172,437.0
2026-08-11 06:17:30,875,Wake,73.33006337662107,1.359240907459788,70.87431080897866,74.98630456411718,6.0,1.0355099606317437,0.1880303584023318,1.950093427233025,0.29111334413354084,0.12766815205636273,0.14253847177338053,0.950093427233025,0.19507809953398436,0.20076480064225938,0.19229985209648254,1030.0,1500.0,0.6866666666666666,10.009382832989445,1.158074467094402,19.69858775421833,76.89165870917947,76.0944651412273,3.6904201837278543,0.13110023862764109,0.12910548489793858,0.6821333333333334,81.56124064740197,76.28641678529985,0.19815684672664993,0.19973198333857836,0.9124087591240876,437.5
2026-08-11 06:18:00,876,Wake,76.28641678529985,4.32024962053951,71.01909215593888,85.00751550447649,6.0,1.0395211584748887,0.19973198333857836,2.0501754095741087,0.20354578861905454,0.13372339410551973,0.15353449451005877,1.0501754095741087,0.19804203943230964,0.21158871153134692,0.20359230405418172,1049.0,1500.0,0.6993333333333334,12.965736241668225,1.2047630589303928,22.65494116289711,77.0592402697743,76.44457354329413,3.8648891965992087,0.13185305096043556,0.13037334635412695,0.6882666666666667,73.33006337662107,75.21340060942123,0.1880303584023318,0.1970200009298339,0.913451511991658,438.0
2026-08-11 06:18:30,877,Wake,75.21340060942123,1.7066276063829109,72.93625361764005,78.4049873258826,6.0,1.0442461643860554,0.1970200009298339,2.2313116574227987,0.14210749635827805,0.13171637875593656,0.1530535834166984,1.2313116574227987,0.19421278371952225,0.1997625864641031,0.20372548791602008,1016.0,1500.0,0.6773333333333333,11.892720065789604,1.1878173128223855,21.58192498701849,74.9432935904474,76.4349587044519,2.4744694795061593,0.13103597497260633,0.13174809774887591,0.6865333333333334,76.28641678529985,75.53633640236991,0.19973198333857836,0.19745586735696433,0.9144942648592284,438.5
2026-08-11 06:19:00,878,Wake,75.53633640236991,5.406245648472625,66.80991236041899,81.10650374896514,4.0,1.048395547522407,0.19745586735696433,2.1866962147970326,0.23228726957644905,0.13453536880677583,0.1524177913293242,1.1866962147970326,0.2058602395628487,0.20963366732302902,0.1940069057519662,1052.0,1500.0,0.7013333333333334,12.215655858738288,1.192917317910394,21.904860779967173,75.67871793236367,76.3854915642228,2.819643010147381,0.13332504722274405,0.1323621800888038,0.6905333333333333,75.21340060942123,76.33938941889912,0.1970200009298339,0.19184678104758113,0.9155370177267987,439.0
2026-08-11 06:19:30,879,Wake,76.33938941889912,3.8396459881377276,71.69777568625433,82.39450948902329,6.0,1.0405784983593707,0.19184678104758113,2.108392070180366,0.25004020514536907,0.13035398495425593,0.14649109370185476,1.1083920701803658,0.20150133439791995,0.19595185732229853,0.19556441322657314,1029.0,1500.0,0.686,13.018708875267492,1.2055996360667167,22.707913796496378,75.69637547689676,75.34112131852223,3.326401954198512,0.13220191083898944,0.13159945573577017,0.6901333333333334,75.53633640236991,60.79324575525414,0.19745586735696433,0.022069111011844895,0.9165797705943691,439.5
2026-08-11 06:20:00,880,Light,60.79324575525414,3.0722424478413974,55.75444303333278,63.800549049943186,6.0,1.0006203280492796,0.022069111011844895,1.164254196056415,0.8842630087226163,0.017102959218774846,0.013961348563186184,0.164254196056415,0.021988564798291352,0.023072631796313445,0.02198489422352412,28.0,1500.0,0.018666666666666668,-2.5274347883774837,0.9600851606982346,7.161770132851402,70.8896571921744,72.83375779424884,3.6690022622748346,0.09399743765993553,0.10948641716825258,0.5565333333333333,76.33938941889912,59.706625395747444,0.19184678104758113,0.02300757129330021,0.9176225234619395,440.0
2026-08-11 06:20:30,881,Light,59.706625395747444,2.002427369391596,57.713640500398064,62.294046092286585,4.0,1.0007175627593514,0.02300757129330021,1.156123936793625,0.8857371546698418,0.01728204391297253,0.015205071236925837,0.1561239367936249,0.02338566040133244,0.023161883177160447,0.02316761915294616,40.0,1500.0,0.02666666666666667,-3.61405514788418,0.9429245687687471,6.075149773344705,65.61308685663357,69.51779951633837,3.2054378120452514,0.054912996028667775,0.08619814712974314,0.422,60.79324575525414,57.97842335440355,0.022069111011844895,0.02235384834775981,0.9186652763295099,440.5
2026-08-11 06:21:00,882,Light,57.97842335440355,1.6908065349484918,55.236333018933465,59.48394048426391,4.0,1.0002383239881845,0.02235384834775981,1.1291391648553784,0.8280555571302206,0.016321395501962228,0.015276235895878123,0.1719444428697794,0.024195274138415896,0.023780320616195682,0.02251778836947137,33.0,1500.0,0.022,-5.3422571892280715,0.9156317155254365,4.346947732000814,59.492764835135056,66.07080406533484,3.202273597758368,0.016902132877903202,0.06311915047894828,0.2909333333333334,59.706625395747444,56.32504908959685,0.02300757129330021,0.021693463374199688,0.9197080291970803,441.0
2026-08-11 06:21:30,883,Light,56.32504908959685,3.2456341464329506,51.62660508866502,62.210863910523265,6.0,0.9999150593062037,0.021693463374199688,1.217914875303778,0.8638067635936532,0.01607436718358689,0.014568057102319123,0.21791487530377807,0.02334425742252591,0.023311308593935744,0.021606563167102525,30.0,1500.0,0.02,-6.995631454034772,0.8895205895771386,2.6935734671941134,58.003365946582626,62.22854660278021,2.7701512973504325,0.016559268866173885,0.03942695015431048,0.15466666666666667,57.97842335440355,57.88719130671935,0.02235384834775981,0.02259516027812761,0.9207507820646507,441.5
2026-08-11 06:22:00,884,Light,57.88719130671935,2.760740006978561,52.857881396405325,61.01698054922299,6.0,1.000109991438025,0.02259516027812761,1.1437238821346636,0.871908391610366,0.01701077669256281,0.014872351610504528,0.14372388213466358,0.02246223853146851,0.023114275736303737,0.022819746311747578,41.0,1500.0,0.027333333333333334,-5.433489236912273,0.9141909216662907,4.255715684316613,57.39688791690659,58.538106980344274,2.5543701011185993,0.016468846459370644,0.01675830850197186,0.022933333333333333,56.32504908959685,57.59771685090209,0.021693463374199688,0.023334708021854857,0.921793534932221,442.0
2026-08-11 06:22:30,885,Light,57.59771685090209,3.626887243240059,52.11765522798971,62.502204839646595,6.0,1.0009955733609566,0.023334708021854857,1.182579803521866,0.8732872005470901,0.017348448660422282,0.015637490011474218,0.18257980352186598,0.022825781404783498,0.023520774861809042,0.023350094898904057,43.0,1500.0,0.028666666666666667,-5.722963692729536,0.9096193590530651,3.9662412284993493,57.26998574907277,57.89900119947386,2.6652990601983317,0.01681119751219066,0.01680740639030135,0.024933333333333335,57.88719130671935,58.542819535545604,0.02259516027812761,0.024089649145730457,0.9228362877997914,442.5
2026-08-11 06:23:00,886,Light,58.542819535545604,1.1050069674044758,57.21594520480927,59.89835641672637,5.0,1.0011691074811828,0.024089649145730457,1.1761317621642169,0.8385619394290853,0.017492134278814474,0.016604314097212015,0.1761317621642169,0.024171068340299206,0.023546441222108357,0.02413690690667083,35.0,1500.0,0.023333333333333334,-4.77786100808602,0.9245450148819263,4.911343913142865,58.00924256438902,57.66624002743349,2.4858149798009075,0.01728378654393319,0.016849424463469737,0.024266666666666666,57.59771685090209,57.363521758859406,0.023334708021854857,0.023563988998228928,0.9238790406673618,443.0
2026-08-11 06:23:30,887,Light,57.363521758859406,1.2630352026099885,56.59641979372266,60.1554502768394,6.0,1.0005130551411194,0.023563988998228928,1.2458608182051116,0.8593906823500114,0.01723678754476422,0.01607538361045061,0.24586081820511163,0.023615121793878913,0.02383383318496102,0.023604924739751003,32.0,1500.0,0.021333333333333333,-5.9571587847722185,0.9059208029094478,3.732046136456667,57.83468604843571,57.54325970832466,2.400260713333207,0.017359123494666992,0.017032502872030134,0.024133333333333333,58.542819535545604,57.83724518961821,0.024089649145730457,0.0230803844093332,0.9249217935349322,443.5
2026-08-11 06:24:00,888,Light,57.83724518961821,1.5328633325409293,55.31301218165661,60.00489302306982,6.0,1.00034017082056,0.0230803844093332,1.1112113332042797,0.8005467647785183,0.01741166203486607,0.015154335546415596,0.19945323522148173,0.0228102398368067,0.02386139849310634,0.02304337742312515,38.0,1500.0,0.025333333333333333,-5.483435354013416,0.9134021411814264,4.205769567215469,57.91452882800775,57.84569892832893,2.0577065505548027,0.01738019461948159,0.017299961842285973,0.0252,57.363521758859406,56.734409259760234,0.023563988998228928,0.023574761139881686,0.9259645464025026,444.0
2026-08-11 06:24:30,889,Light,56.734409259760234,2.933307421970112,52.77950941386199,62.5347300847585,6.0,1.000109481363159,0.023574761139881686,1.2281049033476685,0.7799020182698471,0.016986080352384914,0.016347918009143488,0.22810490334766853,0.023264781172093345,0.025473867917997096,0.02373479933945493,35.0,1500.0,0.023333333333333334,-6.58627128387139,0.8959854627694175,3.102933637357495,57.311725402745964,57.61514251893711,2.092220033553113,0.0172115099773384,0.017295022574250394,0.024399999999999998,57.83724518961821,57.09215039376941,0.0230803844093332,0.023570265567679164,0.927007299270073,444.5
2026-08-11 06:25:00,890,Light,57.09215039376941,3.198346990144515,53.64690369555573,62.14152507378835,5.0,1.0001892363387384,0.023570265567679164,1.1801362515431675,0.8330723484452373,0.017508016273215903,0.01578171712772816,0.18013625154316748,0.02307368700776012,0.023566170480577145,0.023452998639472953,41.0,1500.0,0.027333333333333334,-6.228530149862216,0.9016351356872989,3.4606747713666692,57.2212682810493,57.51402922751057,2.006511982934004,0.017301919553488962,0.017326936096809114,0.024133333333333333,56.734409259760234,58.5098945941151,0.023574761139881686,0.023222191824136845,0.9280500521376434,445.0
2026-08-11 06:25:30,891,Light,58.5098945941151,1.698623468769793,57.123668447456126,61.31589703160972,4.0,1.0014010951702061,0.023222191824136845,1.2170185693076097,0.871896887857241,0.017195584262178064,0.01566988011043214,0.21701856930760965,0.022745581759373825,0.023072846728001615,0.023229541166792187,36.0,1500.0,0.024,-4.8107859495165215,0.9240250435053109,4.878418971712364,57.44548474921493,57.50744423922447,2.1252352832070676,0.017229893629259627,0.017267626093481835,0.024266666666666666,57.09215039376941,59.19312986611021,0.023570265567679164,0.023996577399172908,0.9290928050052137,445.5
2026-08-11 06:26:00,892,Light,59.19312986611021,2.6192364614052717,56.61134756516922,63.82979170528505,5.0,1.0010452658386735,0.023996577399172908,1.180907492525058,0.8138881750074931,0.0173278659241934,0.01663350143719509,0.1861118249925069,0.02406510281361604,0.022954688957649325,0.02401813784220565,40.0,1500.0,0.02666666666666667,-4.127550677521413,0.9348151245045876,5.561654243707473,58.26505828466492,57.87336586067463,2.3964755349661244,0.017343822153195788,0.01728584176936767,0.025333333333333336,58.5098945941151,76.35388038487052,0.023222191824136845,0.20312490809888198,0.9301355578727841,446.0
2026-08-11 06:26:30,893,Wake,76.35388038487052,2.735725773956417,74.10553673049078,81.01012576622117,4.0,1.0517493741670048,0.20312490809888198,2.105668794186384,0.22124700184319243,0.13697437199641743,0.1586686718701677,1.1056687941863839,0.20706961976230262,0.20499301263799208,0.208814958817004,1005.0,1500.0,0.67,13.033199841238897,1.2058284865125268,22.722404762467782,64.68563494836529,61.576692899725096,2.637048023249222,0.057165940727596294,0.04119838376167794,0.1542666666666667,59.19312986611021,72.50073007412449,0.023996577399172908,0.19993694451524055,0.9311783107403545,446.5
2026-08-11 06:27:00,894,Wake,72.50073007412449,4.634536590432301,68.66023427913738,82.13556781517421,6.0,1.0488525693921809,0.19993694451524055,2.316998713582648,0.2896700937577272,0.13181025924653572,0.15807406768875557,1.316998713582648,0.2029077868103348,0.20822078539871622,0.20291879432374896,995.0,1500.0,0.6633333333333333,9.180049530492866,1.1449771141383625,18.86925445172175,69.34924677503507,64.72995706259795,2.9772938569416594,0.09537083238904885,0.0641632195405081,0.28226666666666667,76.35388038487052,72.54707994879388,0.20312490809888198,0.19081168347298308,0.9322210636079249,447.0
2026-08-11 06:27:30,895,Wake,72.54707994879388,3.318139567719846,69.89842522412849,78.82117632699749,5.0,1.0344088963835971,0.19081168347298308,2.2246049632941594,0.33896007941814466,0.1279909837072985,0.14564126746828684,1.2246049632941594,0.19415375570279905,0.19593357118408053,0.19989483505858358,1003.0,1500.0,0.6686666666666666,9.226399405162255,1.1457091005016082,18.91560432639114,73.80056346926297,67.82094297360284,3.001252372456726,0.13225853831675055,0.08625981302732462,0.4105333333333333,72.50073007412449,73.79807993287946,0.19993694451524055,0.1813921462953314,0.9332638164754953,447.5
2026-08-11 06:28:00,896,Wake,73.79807993287946,3.980648477829933,68.37942973858576,79.09658612645822,5.0,1.0325882729029605,0.1813921462953314,2.2133654335778514,0.3393304149173147,0.11984485603234453,0.14000827386626608,1.2133654335778514,0.19300455364000813,0.1981140998792116,0.1822348708306218,1014.0,1500.0,0.676,10.477399389247836,1.1654656788160749,20.16660431047672,72.94862998526595,70.87858004135572,3.4576573742687544,0.1265486996620596,0.10678966738135791,0.5409333333333334,72.54707994879388,60.06953512278142,0.19081168347298308,0.022586801811625538,0.9343065693430657,448.0
2026-08-11 06:28:30,897,Light,60.06953512278142,2.8839915509094474,57.0838119510125,64.74109232883775,4.0,1.0003546973418294,0.022586801811625538,1.1482161313781656,0.8589589633510891,0.017128482548056264,0.01472767842814622,0.14821613137816558,0.02390087809620414,0.022574405594513774,0.0225797202320631,40.0,1500.0,0.02666666666666667,-3.2511454208502073,0.9486558673574271,6.438059500378678,68.80489833481828,71.05386109268996,3.510608392169589,0.08832144076256643,0.10674979070613048,0.5409333333333334,73.79807993287946,57.38215489201649,0.1813921462953314,0.02368651813361985,0.935349322210636,448.5
2026-08-11 06:29:00,898,Light,57.38215489201649,2.3046245170692137,54.928275802315085,61.4286794861667,5.0,1.0000535465591776,0.02368651813361985,1.130400918536892,0.8005396944556848,0.017007955702098794,0.016485856100419746,0.19946030554431515,0.022521451480117922,0.02284396148166705,0.02374975077492437,40.0,1500.0,0.02666666666666667,-5.938525651615137,0.9062150690638401,3.750679269613748,63.74992331589246,67.25951599411914,3.4243881407921486,0.05132709809416653,0.08275650744726677,0.41226666666666667,60.06953512278142,57.36281815715356,0.022586801811625538,0.025117215485845414,0.9363920750782064,449.0
2026-08-11 06:29:30,899,Light,57.36281815715356,2.280658424067028,53.002654699457736,60.126543832634226,6.0,1.0014361589605638,0.025117215485845414,1.2067088383335225,0.8412743761642721,0.017810338797243933,0.017768761865976722,0.2067088383335225,0.025108513227817236,0.023667695451187926,0.025040113198385245,45.0,1500.0,0.03,-5.957862386478062,0.9059096911889197,3.731342534750823,58.271502723983836,64.23193361072495,2.953612507519094,0.017315592349132995,0.0599565233574084,0.2856,57.38215489201649,58.65573158666359,0.02368651813361985,0.023476898427995864,0.9374348279457768,449.5
2026-08-11 06:30:00,900,Light,58.65573158666359,0.7699821991596477,57.84219929070413,59.93417140672999,5.0,1.0006833748180042,0.023476898427995864,1.1350688936503865,0.8358688634277204,0.0175901419393021,0.01556337583866439,0.16413113657227962,0.023802925466187345,0.024080499418572786,0.023487396424795044,41.0,1500.0,0.027333333333333334,-4.664948956968033,0.9263281929865929,5.024255964260853,57.80023487861123,61.4536639382989,2.443981033807054,0.01746947881288161,0.03787635500380913,0.15733333333333335,57.36281815715356,60.3943331029377,0.025117215485845414,0.023410387665089304,0.9384775808133472,450.0
2026-08-11 06:30:30,901,Light,60.3943331029377,2.556840207046644,57.05995725762838,64.35979234175778,6.0,1.0008359070044466,0.023410387665089304,1.1807295233839816,0.8915439383727104,0.01770291971777815,0.01534117416027045,0.18072952338398163,0.023032495190003985,0.023152797525978923,0.023409049304449245,35.0,1500.0,0.023333333333333334,-2.926347440693924,0.9537852812766676,6.7628574805349615,58.804294282251625,58.77291457231055,2.1592193796503962,0.017701133484774728,0.017447967740895846,0.0268,58.65573158666359,59.763511248364296,0.023476898427995864,0.022911236908007088,0.9395203336809176,450.5
2026-08-11 06:31:00,902,Light,59.763511248364296,4.18909498646001,52.54412424750687,64.13194990307157,6.0,1.0009729606806559,0.022911236908007088,1.2206926301683112,0.8553723806782517,0.017047983176500216,0.015337460635799341,0.2206926301683112,0.02434619066951726,0.023658223707803086,0.022867583086488088,44.0,1500.0,0.029333333333333333,-3.557169295267329,0.9438229459202316,6.1320356259615565,59.604525312655205,58.711709797427126,2.420240066760509,0.01744701494452682,0.017431867866584638,0.02733333333333333,60.3943331029377,60.194045818495454,0.023410387665089304,0.02351514600992035,0.940563086548488,451.0
2026-08-11 06:31:30,903,Light,60.194045818495454,1.6599375998431694,58.153621740204,62.588572008786535,5.0,1.0017741539704528,0.02351514600992035,1.166797245816614,0.9081422852449725,0.017365549656225734,0.01595454165170234,0.16679724581661404,0.02353730636322519,0.023400359723947627,0.023464639668036892,47.0,1500.0,0.03133333333333333,-3.126634725136171,0.950622218550198,6.5625701960927145,60.11729672326583,59.274087982722925,2.2913026833153003,0.017372150850168033,0.01750338665741003,0.028266666666666662,59.763511248364296,59.534508362580276,0.022911236908007088,0.022020746319304316,0.9416058394160584,451.5
2026-08-11 06:32:00,904,Light,59.534508362580276,3.8841725201426773,54.00481507186866,63.58052646870498,5.0,1.000189008353016,0.022020746319304316,1.1526116890129625,0.894647028623788,0.0169078747557827,0.014109314790571169,0.15261168901296251,0.022591097992590396,0.023684545055042208,0.02192365016965702,36.0,1500.0,0.024,-3.7861721810513487,0.9402063883624489,5.903032740177537,59.83068847648002,59.70842602380826,2.6120055025304296,0.017107135862836218,0.017322893849117782,0.027066666666666666,60.194045818495454,58.620163795869466,0.02351514600992035,0.023608462940402333,0.9426485922836287,452.0
2026-08-11 06:32:30,905,Light,58.620163795869466,3.6396737004634065,55.27349604923066,64.51189198845448,4.0,1.0009101644750427,0.023608462940402333,1.1891968362188352,0.8112738206614138,0.017678740431123087,0.015673227445199476,0.1891968362188352,0.023422466764422355,0.02449171572886252,0.023622922638106027,45.0,1500.0,0.03,-4.700516747762158,0.9257664840711365,4.988688173466727,59.449572658981744,59.70131246564944,3.1859438027911815,0.01731738828104384,0.017340613547481974,0.027600000000000003,59.534508362580276,58.679090049872656,0.022020746319304316,0.02193395930133952,0.9436913451511991,452.5
2026-08-11 06:33:00,906,Light,58.679090049872656,3.461896862203697,51.27614566029045,61.24963832399446,6.0,1.000802655578433,0.02193395930133952,1.1614212463277167,0.8850283227308875,0.016775033343928488,0.014154189588969598,0.1614212463277167,0.022794185965683687,0.021285427425331044,0.021976872587670226,30.0,1500.0,0.02,-4.641590493758969,0.9266970845242157,5.047614427469917,58.94458740277414,59.358263855036434,3.366955133822592,0.017120549510278093,0.017155036272712046,0.02693333333333333,58.620163795869466,58.23296140234334,0.023608462940402333,0.021725266828828308,0.9447340980187695,453.0
2026-08-11 06:33:30,907,Light,58.23296140234334,3.219617303737286,54.231888865194136,62.15263697030637,6.0,0.9999732338187917,0.021725266828828308,1.0913468462904505,0.8635201075544213,0.01655546623987207,0.014067852458449376,0.13647989244557868,0.024405022093767548,0.02255020871491763,0.021847062815044154,30.0,1500.0,0.02,-5.087719141288282,0.9196515404192072,4.601485779940603,58.510738416028495,59.05215388583224,3.1730595972780473,0.01700308000497455,0.017056532885386416,0.02506666666666667,58.679090049872656,57.90556881970258,0.02193395930133952,0.023407133277259184,0.9457768508863399,453.5
2026-08-11 06:34:00,908,Light,57.90556881970258,3.2353920756246226,54.3204829557799,64.03620953428714,6.0,0.9995525337127319,0.023407133277259184,1.1456724193491545,0.8535718548604636,0.01703139999068047,0.016063173058118527,0.1464281451395364,0.024045042604499457,0.023919281379106577,0.02340587405700991,35.0,1500.0,0.023333333333333334,-5.415111723929044,0.9144811509061764,4.274093197299841,58.27254009063953,58.59445848607366,3.4881504924343374,0.016787299858160343,0.016989702952277363,0.023466666666666667,58.23296140234334,55.1679061482718,0.021725266828828308,0.024199548479504465,0.9468196037539103,454.0
2026-08-11 06:34:30,909,Light,55.1679061482718,2.979571619027383,51.65391508404643,59.33997155257884,5.0,1.0009900007035204,0.024199548479504465,1.1979530157794074,0.8564989679997786,0.01761372954959889,0.016623921900635986,0.19795301577940738,0.022884171260899172,0.02313221019547756,0.024069425982391566,49.0,1500.0,0.03266666666666666,-8.152774395359828,0.8712462606945278,1.5364305258690578,57.10214545677258,57.721138043211965,3.307230312211279,0.017066865260050478,0.017130873911040602,0.0252,57.90556881970258,58.129300158564355,0.023407133277259184,0.02372373699290576,0.9478623566214807,454.5
2026-08-11 06:35:00,910,Light,58.129300158564355,2.8839043362808967,52.8683823460233,61.09889711747714,6.0,1.0007323547561562,0.02372373699290576,1.1891905077547245,0.8503427272382121,0.017504795483474268,0.016029166400008715,0.18919050775472446,0.023414844802526338,0.02379431807253623,0.023782834831954047,47.0,1500.0,0.03133333333333333,-5.191380385067269,0.9180144568804799,4.497824536161616,57.06759170884626,57.622965315750946,3.156076439374777,0.017383308341251208,0.017096084921510837,0.025466666666666665,55.1679061482718,60.021585463327604,0.024199548479504465,0.02251879404878399,0.948905109489051,455.0
2026-08-11 06:35:30,911,Light,60.021585463327604,3.4069341789038052,55.042474894974845,64.61098203226865,4.0,1.0005779287389671,0.02251879404878399,1.1658579520014685,0.855840999274628,0.016770363416319118,0.015039448059136293,0.16585795200146847,0.023148431176308017,0.02373164551605752,0.022377726213672105,36.0,1500.0,0.024,-3.2990950803040207,0.9478986161870014,6.390109840924865,57.77293059005459,57.89146439844194,3.145083902714799,0.017296296149797424,0.017095150935988963,0.026266666666666667,58.129300158564355,57.61120118614575,0.02372373699290576,0.021644707421439296,0.9499478623566214,455.5
2026-08-11 06:36:00,912,Light,57.61120118614575,2.9254215352720547,52.65360617449509,59.80506066445006,4.0,1.0006683255220865,0.021644707421439296,1.1123399915713512,0.8669623307922201,0.016674921409411268,0.01381618667915062,0.13303766920777993,0.02255575248519308,0.02219507479105974,0.021708482419893853,31.0,1500.0,0.020666666666666667,-5.7094793574858755,0.9098323121535039,3.97972556374301,58.58736226934591,57.767112355202414,3.0862447490217524,0.01698336010306822,0.017119041969896803,0.0264,60.021585463327604,57.93796826553133,0.02251879404878399,0.02261161351271185,0.9509906152241918,456.0
2026-08-11 06:36:30,913,Light,57.93796826553133,1.0691832466705633,56.84654851728191,59.41746260321505,4.0,1.001103155928831,0.02261161351271185,1.142798239745036,0.8887707741204598,0.016716564117260423,0.01526625372398512,0.14279823974503603,0.02452843615753899,0.02345384163075887,0.022561968980313898,33.0,1500.0,0.022,-5.382712278100293,0.9149928233258439,4.306492643128593,58.52358497166824,57.77359224436816,2.6530029832309405,0.01672061631433027,0.017056074795212796,0.02613333333333333,57.61120118614575,58.60651371706781,0.021644707421439296,0.02370942479360495,0.9520333680917622,456.5
2026-08-11 06:37:00,914,Light,58.60651371706781,1.9040256581430606,55.326234368998726,59.991352916005596,4.0,1.0001439969823942,0.02370942479360495,1.1295659328834502,0.8599619795001716,0.017664101628203664,0.015815722330739124,0.1400380204998284,0.02309718335088675,0.02388438826177263,0.023776012865889904,42.0,1500.0,0.028,-4.714166826563812,0.9255509134442187,4.975038094665074,58.05189438958164,58.46131375812737,2.437893791054076,0.01701852905162512,0.01706614921093375,0.0252,57.93796826553133,60.40737185803551,0.02261161351271185,0.023571402745383285,0.9530761209593326,457.0
2026-08-11 06:37:30,915,Light,60.40737185803551,4.822316500061915,53.30931223896111,69.05489620061566,6.0,1.0007346694957737,0.023571402745383285,1.1667031541395023,0.810624604685599,0.017273889606317358,0.01605501493371601,0.18937539531440095,0.021617183053752168,0.023839488812009643,0.02366216122257767,35.0,1500.0,0.023333333333333334,-2.913308685596114,0.9539911974952847,6.775896235632771,58.983951280211556,58.91692809802159,2.8255762238102795,0.01721818511726048,0.01701996803550237,0.023600000000000003,58.60651371706781,56.82268404699422,0.02370942479360495,0.02301030826179148,0.954118873826903,457.5
2026-08-11 06:38:00,916,Light,56.82268404699422,1.372371611606964,54.5459874103018,58.69180910641154,6.0,0.9998244157438964,0.02301030826179148,1.1577229826368238,0.897259100624645,0.017418081227510932,0.01503713943825394,0.15772298263682383,0.02336878057776922,0.02454255870150208,0.023007706273248302,38.0,1500.0,0.025333333333333333,-6.4979964966374055,0.8973795537121572,3.19120842459148,58.61218987403252,58.277147814754926,2.418663710350912,0.01745202415401065,0.01714951159774073,0.023866666666666668,60.40737185803551,57.0023237561937,0.023571402745383285,0.02373241026470875,0.9551616266944735,458.0
2026-08-11 06:38:30,917,Light,57.0023237561937,2.3953380473921264,54.02057368124041,59.340022163446605,5.0,0.999330024958091,0.02373241026470875,1.1107880740789096,0.756889942056255,0.017460493701995136,0.016087489649159768,0.24311005794374496,0.022709933752317234,0.022995421300885416,0.023843593822702187,42.0,1500.0,0.028,-6.318356787437928,0.9002165369482374,3.3708481337909575,58.07745988707449,58.15537232876452,2.312647012774926,0.017384154845274474,0.0173066260562575,0.025333333333333336,56.82268404699422,58.631862502012616,0.02301030826179148,0.02316171220611294,0.9562043795620438,458.5
2026-08-11 06:39:00,918,Light,58.631862502012616,2.7984118178677804,53.42699389333165,60.717896592405204,6.0,1.000281055700647,0.02316171220611294,1.148163637306424,0.8693328712178469,0.017104664790291754,0.015619678198907326,0.1481636373064239,0.02313168429155893,0.023425188935247206,0.02316501051863944,44.0,1500.0,0.029333333333333333,-4.688818041619008,0.9259512373941063,5.000386879609877,57.485623435066856,58.294151176060765,2.6584927270143694,0.01732774657326594,0.01738424619086377,0.0268,57.0023237561937,58.306876359662034,0.02373241026470875,0.023853047619164597,0.9572471324296142,459.0
2026-08-11 06:39:30,919,Light,58.306876359662034,3.072432236537593,55.024890374710246,62.685307608775375,5.0,1.0004936078762543,0.023853047619164597,1.1397330189651755,0.8777599332053735,0.017787671714869092,0.015900008315145,0.13973301896517554,0.024109268466692098,0.022448027909546406,0.02384447799545183,55.0,1500.0,0.03666666666666667,-5.01380418396959,0.9208188518991866,4.675400737259295,57.980354205956125,58.23422370457962,2.892174042693276,0.01745094340238533,0.017408960208196857,0.028533333333333334,58.631862502012616,57.54849023430108,0.02316171220611294,0.02226968858574979,0.9582898852971846,459.5
2026-08-11 06:40:00,920,Light,57.54849023430108,2.5853278217673825,53.807590856303996,60.601338656291574,4.0,1.0002956129518517,0.02226968858574979,1.2147647259395682,0.8722314277677874,0.016570418039091026,0.014881117657398708,0.2147647259395682,0.02374250882860677,0.024561624582157538,0.022340003480404116,42.0,1500.0,0.028,-5.772190309330547,0.9088419413724845,3.917014611898338,58.162409698658585,57.66244737983273,2.444776307034369,0.017154251514750626,0.01726826589475159,0.02946666666666667,58.306876359662034,58.414940265232275,0.023853047619164597,0.022774485251582398,0.959332638164755,460.0
2026-08-11 06:40:30,921,Light,58.414940265232275,3.0964321880336603,55.167766959204855,63.511050638110596,4.0,1.0006479874786651,0.022774485251582398,1.1938176406895782,0.8699194130193102,0.01712448512703724,0.015028275861885525,0.19381764068957819,0.02395743985290365,0.02312789675234411,0.022811121548950448,41.0,1500.0,0.027333333333333334,-4.90574027839935,0.9225254650410933,4.783464642829536,58.09010228639847,57.98089862348034,2.7895884223197087,0.017160858293665787,0.01720954667465685,0.02986666666666667,57.54849023430108,57.69872187064363,0.02226968858574979,0.020782671414331544,0.9603753910323254,460.5
2026-08-11 06:41:00,922,Light,57.69872187064363,3.177556086591517,52.75301730983709,60.83443196401612,6.0,1.0002719915221718,0.020782671414331544,1.1207016388415327,0.9085695646954762,0.01612032039612992,0.013119782042028155,0.12070163884153273,0.023566934508021633,0.02310159999842219,0.02084956961336643,32.0,1500.0,0.021333333333333333,-5.621958672987994,0.9112144938316932,4.067246248240892,57.88738412339234,58.12017824637032,2.9460320301595866,0.016605074520752727,0.016941512013483807,0.028533333333333334,58.414940265232275,60.25085934094176,0.022774485251582398,0.022143156622157083,0.9614181438998958,461.0
2026-08-11 06:41:30,923,Light,60.25085934094176,4.26636219069464,53.523041298491954,64.10646109894259,4.0,0.9993902226845865,0.022143156622157083,1.1150239839007436,0.8579001938342727,0.016971282273498735,0.014236108722575833,0.14209980616572726,0.022976566945249535,0.022783991175638407,0.022311588914867647,39.0,1500.0,0.026,-3.069821202689866,0.9515194534181517,6.619383718539019,58.788173825605895,58.443977614156154,3.2396221047249583,0.016738695932221968,0.016914835510125202,0.027866666666666668,57.69872187064363,55.76717343992058,0.020782671414331544,0.022379844231916125,0.9624608967674662,461.5
2026-08-11 06:42:00,924,Light,55.76717343992058,2.235625729024511,51.9545995128125,57.66463333578057,4.0,0.9997221531513802,0.022379844231916125,1.1698036647605805,0.8380501544171797,0.01680149240226533,0.014786631792694975,0.1698036647605805,0.024911274247010638,0.0233850339620232,0.022398688322020174,35.0,1500.0,0.023333333333333334,-7.553507103711041,0.8807102665533382,2.135697817517844,57.90558488383533,57.93603703020786,3.0722608032223424,0.01663103169063133,0.01671759964760445,0.0252,60.25085934094176,57.91968714021145,0.022143156622157083,0.02388802982801568,0.9635036496350365,462.0
2026-08-11 06:42:30,925,Light,57.91968714021145,4.084888813779265,51.298041878089016,61.99085918332785,5.0,0.9994890177328922,0.02388802982801568,1.127968585913108,0.8057237060070601,0.017527101464708473,0.016238835739894635,0.19427629399293989,0.02370692359569274,0.023122808297914216,0.023941895688062837,50.0,1500.0,0.03333333333333333,-5.400993403420173,0.9147041163005414,4.288211517808712,57.97923997369128,58.01027641138994,3.3721730016247187,0.017099958713490845,0.01690893633272794,0.026266666666666667,55.76717343992058,57.418656666197364,0.022379844231916125,0.02294071341525193,0.9645464025026069,462.5
2026-08-11 06:43:00,926,Light,57.418656666197364,4.112556311735069,51.11365547305813,63.2720214182499,5.0,0.9995207002174779,0.02294071341525193,1.1306316549954674,0.8227172377579997,0.01700756449055853,0.015402883184058046,0.17728276224200035,0.023017876825397444,0.023900357538480528,0.023093188923493487,35.0,1500.0,0.023333333333333334,-5.90202387743426,0.9067915280321818,3.787181043794625,57.03517241544315,57.81101969158296,3.5753978263650006,0.01711205278584411,0.016885552205432197,0.025466666666666665,57.91968714021145,58.68083970259605,0.02388802982801568,0.025073707366909895,0.9655891553701773,463.0
2026-08-11 06:43:30,927,Light,58.68083970259605,1.0487116580244937,57.33801288740598,60.14290335986809,5.0,1.0006329096324955,0.025073707366909895,1.1995704650251102,0.7930598029054176,0.017762744921276625,0.01770808483676308,0.20694019709458245,0.02393626507595439,0.02349052374123671,0.025244813994601628,43.0,1500.0,0.028666666666666667,-4.639840841035571,0.9267247161401171,5.049364080193314,58.00639450300164,58.00744325797344,3.1496289406515956,0.01743247029218121,0.017214037110461537,0.02693333333333333,57.418656666197364,54.40937826606596,0.02294071341525193,0.02407868711630232,0.9666319082377477,463.5
2026-08-11 06:44:00,928,Light,54.40937826606596,3.917081627461503,49.493326136248605,59.42940090892384,4.0,1.0003438739500963,0.02407868711630232,1.1466076405085128,0.8740785027874982,0.017913611999783485,0.016093598965413274,0.14660764050851283,0.022949523768252957,0.024684080539945873,0.023880620129002526,46.0,1500.0,0.030666666666666665,-8.911302277565667,0.8592671114546019,0.7779026436632179,56.836291544953134,56.83914704299828,3.0797728280049683,0.017561307137206213,0.01740250305571849,0.027866666666666668,58.68083970259605,57.54450503237805,0.025073707366909895,0.023365074686767972,0.9676746611053181,464.0
2026-08-11 06:44:30,929,Light,57.54450503237805,4.02622702645968,52.321778072070266,63.82544539050013,5.0,0.9996441707631694,0.023365074686767972,1.1221284078731533,0.8572058357075384,0.01743866820719419,0.015554619272853436,0.1427941642924616,0.022894280302389602,0.023602704765797157,0.02320968298607747,41.0,1500.0,0.027333333333333334,-5.776175511253577,0.9087790045580219,3.9130294099753087,56.87824100034669,57.19461336148977,3.4378930874920015,0.01770500837608477,0.01752993821670426,0.028666666666666667,54.40937826606596,56.2298490096296,0.02407868711630232,0.022712320299441282,0.9687174139728885,464.5
2026-08-11 06:45:00,930,Light,56.2298490096296,2.4033911383767497,53.60600926431815,60.29372843582433,5.0,1.000214986734485,0.022712320299441282,1.1635807872321455,0.8828802152310765,0.016979617129164494,0.015086030452952185,0.16358078723214553,0.024521713712684114,0.024926634418129607,0.022813105356029966,46.0,1500.0,0.030666666666666665,-7.090831534002021,0.88801713005728,2.5983733872268644,56.06124410269121,56.85664573537341,3.101593552411499,0.017443965778714057,0.017420441349595465,0.028133333333333333,57.54450503237805,57.96295840408268,0.023365074686767972,0.023174235519239653,0.9697601668404588,465.0
2026-08-11 06:45:30,931,Light,57.96295840408268,3.0382681230155573,54.44636219479804,61.75298182753263,4.0,1.0002978043810653,0.023174235519239653,1.1213898650194667,0.8395460304318492,0.01721897528003868,0.01551260035119797,0.16045396956815083,0.022113605779400552,0.02128679482781301,0.023311686016952618,36.0,1500.0,0.024,-5.357722139548947,0.9153874833063873,4.331482781679938,57.24577081536345,56.96550608295047,2.8867359146675966,0.017212420205465786,0.017462723507491496,0.02826666666666667,56.2298490096296,60.147791433939744,0.022712320299441282,0.022835612104878507,0.9708029197080292,465.5
2026-08-11 06:46:00,932,Light,60.147791433939744,1.7600698892632753,57.96051986613342,62.54777170494248,4.0,1.0012586615584609,0.022835612104878507,1.141164913989082,0.8798902964689945,0.017107189772969576,0.015178717574117574,0.14116491398908204,0.023882057224923973,0.023517146652773317,0.022839843765212673,39.0,1500.0,0.026,-3.17288910969188,0.9498917402268667,6.516315811537005,58.11353294921735,57.258896429219206,3.029007560915353,0.01710192739405758,0.017331612477830084,0.027733333333333332,57.96295840408268,58.74643446526568,0.023174235519239653,0.022647178726233827,0.9718456725755996,466.0
2026-08-11 06:46:30,933,Light,58.74643446526568,2.8143992924881913,53.910390793129636,61.580882396549356,5.0,1.000134530245108,0.022647178726233827,1.111077705267743,0.8383231047968296,0.017253455926508267,0.014670755305602492,0.1616768952031704,0.023549552960487552,0.021942132991704312,0.022748716297071953,39.0,1500.0,0.026,-4.574246078365945,0.9277606298748792,5.11495884286294,58.95239476776271,58.12630766905916,2.8084710939206907,0.017193206993172176,0.017199581263175043,0.026799999999999997,60.147791433939744,57.78888550682319,0.022835612104878507,0.023731250887437494,0.97288842544317,466.5
2026-08-11 06:47:00,934,Light,57.78888550682319,2.0052692245347377,55.29719625905888,59.85051620314251,5.0,1.001982610438737,0.023731250887437494,1.1910961086723737,0.8699480483202647,0.017738247612775447,0.015888913885541627,0.1910961086723737,0.02558591633124773,0.0259026957502373,0.02368994633627358,45.0,1500.0,0.03,-5.5317950368084325,0.9126384146645944,4.157409884420453,58.894370468676215,58.175183763948176,2.404279533535702,0.017366297770751094,0.017259497144291293,0.02733333333333333,58.74643446526568,58.821630106563866,0.022647178726233827,0.022869021972590033,0.9739311783107404,467.0
2026-08-11 06:47:30,935,Light,58.821630106563866,2.6227362884775824,54.58878330618845,62.63150563195156,6.0,1.0005853728780454,0.022869021972590033,1.1708978676934712,0.8976326372751603,0.016829410037409953,0.015495347210755947,0.17089786769347115,0.02154363446537353,0.022516970169584725,0.02288665595506747,36.0,1500.0,0.024,-4.499050437067758,0.9289481667214924,5.190154484161127,58.45231669288426,58.69353998333503,2.448148563555869,0.017273704525564555,0.017229455725940385,0.026000000000000002,57.78888550682319,57.72448862137602,0.023731250887437494,0.023344884357933665,0.9749739311783108,467.5
2026-08-11 06:48:00,936,Light,57.72448862137602,1.8284639764101438,55.555231414867336,60.59491791332653,5.0,1.0008500228378654,0.023344884357933665,1.1837628756657792,0.8463673182363588,0.01737522783605693,0.01561434027281657,0.1837628756657792,0.023163840590918937,0.02341783746327088,0.02340347600160427,37.0,1500.0,0.024666666666666667,-5.596191922255606,0.9116214185600942,4.093012998973279,58.111668078254375,58.6458460267937,2.206187734234786,0.017314295162080776,0.017260706237144034,0.02613333333333333,58.821630106563866,57.69047700590818,0.022869021972590033,0.023336708518917615,0.9760166840458812,468.0
2026-08-11 06:48:30,937,Light,57.69047700590818,1.487012631067433,55.483742272021146,59.369220610917765,5.0,1.0007505582040115,0.023336708518917615,1.1525924428740348,0.8914067465647338,0.01766401496854006,0.01526918063635779,0.15259244287403484,0.02381656881310767,0.023794399750143327,0.023110034678869375,45.0,1500.0,0.03,-5.630203537723446,0.9110842857438352,4.059001383505439,58.07886524461603,58.15438314118738,2.1515762825956175,0.017289550947335645,0.017372071276258134,0.02693333333333333,57.72448862137602,58.68040939630321,0.023344884357933665,0.023974447771518997,0.9770594369134515,468.5
2026-08-11 06:49:00,938,Light,58.68040939630321,0.7895764313978642,57.45277880207491,59.61307562352844,4.0,1.0006554368782654,0.023974447771518997,1.1622458262380544,0.8285598641442469,0.0171701474982381,0.01674484333576849,0.17144013585575313,0.023183728967767464,0.02320088256424744,0.023983546723585582,49.0,1500.0,0.03266666666666666,-4.640271147328413,0.9267179204725856,5.0489337739004725,58.03179167452914,58.141178127394895,1.7466117103775525,0.01740313010094503,0.0173554095906041,0.028266666666666662,57.69047700590818,57.364667666513725,0.023336708518917615,0.022022578093773896,0.9781021897810219,469.0
2026-08-11 06:49:30,939,Light,57.364667666513725,3.0500976279208283,54.2664631228506,60.87278957798598,4.0,1.0012405981838657,0.022022578093773896,1.131929506294731,0.8825998767880439,0.017077510564176095,0.013960360406545191,0.131929506294731,0.021436533048477383,0.022772445894356178,0.022059098946354133,29.0,1500.0,0.019333333333333334,-5.9560128771178995,0.9059388998036138,3.733192044110986,57.91185135624172,58.056334559333,1.9555773910547702,0.017303891010318085,0.017223262180884227,0.02613333333333333,58.68040939630321,54.60773770482401,0.023974447771518997,0.024517250472363982,0.9791449426485923,469.5
2026-08-11 06:50:00,940,Light,54.60773770482401,1.345559235573105,52.712075129288735,56.47410830106952,5.0,1.0016688160274856,0.024517250472363982,1.2793610508586228,0.9180656878263224,0.017459936795165342,0.017292516438247384,0.27936105085862284,0.024652923028778605,0.023333115070773097,0.024290304343676166,43.0,1500.0,0.028666666666666667,-8.712942838807614,0.8623997284298944,0.9762620824212718,56.884271589213654,57.21355607898503,1.7001419804738749,0.017235864952526513,0.017349367532435305,0.027066666666666666,57.364667666513725,59.03780799776295,0.022022578093773896,0.02292566130329777,0.9801876955161627,470.0
2026-08-11 06:50:30,941,Light,59.03780799776295,3.1683625245534586,55.538054499856266,64.09637507309196,4.0,1.000323307812454,0.02292566130329777,1.190960607278016,0.8299179510594419,0.016929621042564784,0.01546216044058094,0.1909606072780159,0.023132007524746177,0.022230731303035225,0.023079436231940274,32.0,1500.0,0.021333333333333333,-4.282872545868678,0.9323621839010791,5.406332375360208,57.0034044563669,57.47621995426242,1.968121690102538,0.017155689467302074,0.017260246173736876,0.0264,54.60773770482401,58.58162702929289,0.024517250472363982,0.022750320010065977,0.9812304483837331,470.5
2026-08-11 06:51:00,942,Light,58.58162702929289,2.4183279681304075,56.275494124823155,62.41093834476326,4.0,1.000597471091702,0.022750320010065977,1.1194284595740807,0.8746550763414969,0.017468068452394372,0.014587687164464859,0.12534492365850314,0.022210020774246723,0.022465992753319567,0.02263919279573918,41.0,1500.0,0.027333333333333334,-4.739053514338735,0.9251578872233811,4.95015140689015,57.40905757729329,57.65444995893936,2.1543847575151327,0.017285875430041498,0.017221056870507737,0.025866666666666666,59.03780799776295,57.69943087629616,0.02292566130329777,0.023888907217691442,0.9822732012513035,471.0
2026-08-11 06:51:30,943,Light,57.69943087629616,2.875939239557436,53.26105756395053,60.81100184535149,6.0,1.0008221880357344,0.023888907217691442,1.1351476259960627,0.7895112883959136,0.01754214106891205,0.016236661231298896,0.21048871160408644,0.023162429790710776,0.02416432138216396,0.02389735230331544,52.0,1500.0,0.034666666666666665,-5.621249667335462,0.9112256908947449,4.067955253893423,58.43962196778401,57.45825425493795,2.5716573191470466,0.017313276854623735,0.017295455584642527,0.026266666666666667,58.58162702929289,56.11394137384656,0.022750320010065977,0.023058657217693772,0.9833159541188738,471.5
2026-08-11 06:52:00,944,Light,56.11394137384656,0.6956250385068983,55.21265668298679,56.851615474285,6.0,1.0004270661367571,0.023058657217693772,1.1794281300268765,0.905526133666967,0.017002613102996188,0.015581887107731464,0.17942813002687652,0.02374506504382881,0.024666075464467745,0.022969719591798516,44.0,1500.0,0.029333333333333333,-7.206739169785067,0.8861866437961101,2.4824657514438186,57.46499975981188,57.20810899640452,2.1007628012642607,0.017337607541434204,0.01728047609240655,0.028266666666666662,57.69943087629616,59.114635812923076,0.023888907217691442,0.02408176938884375,0.9843587069864442,472.0
2026-08-11 06:52:30,945,Light,59.114635812923076,2.0682934511486772,56.547715649705566,62.179868148975245,4.0,0.999595768577929,0.02408176938884375,1.1605466368299027,0.8422315463959754,0.017565024387568108,0.01647922747595224,0.16054663682990267,0.02421686058093877,0.022460984822283123,0.024063528945892074,46.0,1500.0,0.030666666666666665,-4.206044730708548,0.9335754970635488,5.483160190520337,57.64266935435527,58.10948861802433,2.2453096443793754,0.017369926186492114,0.0173014936108871,0.028666666666666663,56.11394137384656,57.471813906348025,0.023058657217693772,0.02479353951086548,0.9854014598540146,472.5
2026-08-11 06:53:00,946,Light,57.471813906348025,2.5123866729155355,52.40481052190839,59.792053691622044,6.0,1.0011532287830742,0.02479353951086548,1.1731696933174376,0.7569145225267685,0.017895535077126903,0.017198818634030624,0.2430854774732315,0.022933439142731143,0.02347267844861703,0.024733144568723428,52.0,1500.0,0.034666666666666665,-5.848866637283599,0.9076310205912366,3.840338283945286,57.566797031039236,57.79628979974134,2.114114474051791,0.017487724189230402,0.017494676417799525,0.03133333333333334,59.114635812923076,56.21327127850795,0.02408176938884375,0.024526659083988166,0.986444212721585,473.0
2026-08-11 06:53:30,947,Light,56.21327127850795,2.7172669779890706,52.016682439639226,59.911475090267075,5.0,1.000280720814097,0.024526659083988166,1.201496149546623,0.846175910612325,0.01734239050972938,0.017345815097760467,0.20149614954662298,0.024628646352164257,0.0230405094836957,0.024507006211839155,46.0,1500.0,0.030666666666666665,-7.107409265123671,0.8877553241041645,2.581795656105214,57.5999069992597,57.322618649584356,2.1739022760235236,0.01760098332480813,0.01746954082926653,0.031999999999999994,57.471813906348025,57.222453742308396,0.02479353951086548,0.023389193257441848,0.9874869655891554,473.5
2026-08-11 06:54:00,948,Light,57.222453742308396,2.2099936689681194,53.50588335558356,59.26649131148661,4.0,1.0008470825719094,0.023389193257441848,1.1690429455464308,0.8795817225411934,0.01751550481790859,0.015523498352221287,0.16904294554643085,0.024966609610152592,0.025203790572796425,0.023516074674716374,44.0,1500.0,0.029333333333333333,-6.098226801323229,0.9036929680956098,3.5909781199056567,56.969179642388134,57.227223222786805,2.04071316190566,0.01758447680158829,0.017464213579065836,0.030933333333333334,56.21327127850795,58.89891366368249,0.024526659083988166,0.024415729086671768,0.9885297184567258,474.0
2026-08-11 06:54:30,949,Light,58.89891366368249,3.4610298530368726,54.631143211671045,63.83919241256681,6.0,1.0009209919884319,0.024415729086671768,1.1874583146650484,0.8075416951231889,0.017398104488544123,0.017154649902641754,0.19245830487681115,0.02442710476693167,0.02310261124886577,0.024383265124495183,37.0,1500.0,0.024666666666666667,-4.421766879949132,0.9301686772475183,5.267438041279753,57.444879561499626,57.78421768075399,2.593794124811655,0.01741866660539403,0.01754331185617542,0.03,57.222453742308396,58.494884322589186,0.023389193257441848,0.02185632381608872,0.9895724713242962,474.5
2026-08-11 06:55:00,950,Light,58.494884322589186,2.2095383149151355,55.34406275523685,61.61965582042637,5.0,1.0009275530964097,0.02185632381608872,1.2224659171621994,0.8998625873027407,0.016481851038719925,0.014384291148257298,0.22246591716219943,0.022538602997268727,0.022310995986612528,0.021755726518453315,33.0,1500.0,0.022,-4.825796221042438,0.9237879918596708,4.863408700186447,58.20541724286003,57.66026738268721,2.622043097564947,0.017131820115057546,0.017326677186405785,0.02826666666666667,58.89891366368249,59.0354020921438,0.024415729086671768,0.022885620534982692,0.9906152241918665,475.0
2026-08-11 06:55:30,951,Light,59.0354020921438,1.5885799353588252,56.73894854647673,61.10597267723619,4.0,1.0011397560576951,0.022885620534982692,1.1675633756785857,0.8569775489082472,0.017275734206400634,0.015053228184415249,0.1675633756785857,0.02185642885682094,0.02150280846406784,0.02288040458829127,34.0,1500.0,0.02266666666666667,-4.285278451487827,0.9323241883268292,5.403926469741059,58.809733359471835,57.97298501984636,2.4372817500536046,0.017051896577888227,0.01720271701226053,0.025866666666666666,58.494884322589186,59.95751193716933,0.02185632381608872,0.026179546302525517,0.9916579770594369,475.5
2026-08-11 06:56:00,952,Light,59.95751193716933,2.248550527389197,56.96246860753141,62.57548533036136,5.0,1.0010748772475289,0.026179546302525517,1.2236333963440047,0.8229743650363582,0.018248072031080045,0.018802443268145945,0.2236333963440047,0.02306090381665176,0.024090658225430026,0.026011738448901565,62.0,1500.0,0.04133333333333333,-3.3631686064622954,0.9468867267757036,6.32603631476659,59.16259945063411,58.72183315157864,2.34353845993363,0.017335219092066867,0.017383853316530664,0.028000000000000004,59.0354020921438,60.0436673660663,0.022885620534982692,0.022698417003396493,0.9927007299270073,476.0
2026-08-11 06:56:30,953,Light,60.0436673660663,1.9706366801618642,57.489037505988435,62.56122782413736,5.0,1.0010575309396672,0.022698417003396493,1.1396312965409174,0.878529938767019,0.016972641801329368,0.015108472339459073,0.13963129654091744,0.023134478151934278,0.022474564459686593,0.02276628161756245,34.0,1500.0,0.02266666666666667,-3.2770131775653226,0.9482473474790394,6.412191743663563,59.67886046512649,59.28607587633022,2.2956670621723787,0.017498816012936683,0.017275280713214818,0.026666666666666665,59.95751193716933,56.60628288213206,0.026179546302525517,0.022399036484036065,0.9937434827945777,476.5
2026-08-11 06:57:00,954,Light,56.60628288213206,2.2410091805774752,53.22898931260869,59.472533106850385,4.0,1.0006418860017225,0.022399036484036065,1.1367398369677513,0.7524901284671396,0.016641733968170983,0.0150060502326565,0.24750987153286041,0.02256869262696999,0.02238810196787692,0.022507571570290482,28.0,1500.0,0.018666666666666668,-6.714397661499568,0.8939620104544999,2.9748072597293174,58.86915406178923,58.82754972002014,2.051662927680499,0.017287482600193468,0.01712400660914019,0.025466666666666665,60.0436673660663,57.589800433670746,0.022698417003396493,0.022841489783717896,0.9947862356621481,477.0
2026-08-11 06:57:30,955,Light,57.589800433670746,3.045194071748073,52.8207309666108,61.61938858966531,6.0,1.0014133939031886,0.022841489783717896,1.1270198698262246,0.8578756050355127,0.017185786804131544,0.015112248998352238,0.14212439496448726,0.023042911724869407,0.023126875095334055,0.022903110147416653,46.0,1500.0,0.030666666666666665,-5.730880109960879,0.9094943380147033,3.9583248112680067,58.07991689395637,58.64653294223645,2.218794079047087,0.016933387524543965,0.017264793762222515,0.027200000000000002,56.60628288213206,58.679310538895635,0.022399036484036065,0.023330329399080935,0.9958289885297185,477.5
2026-08-11 06:58:00,956,Light,58.679310538895635,2.4708976490162273,55.163447117383676,60.630502063052965,6.0,1.0004085489767351,0.023330329399080935,1.157476644978234,0.8094819885246908,0.01721286372200117,0.01575399963894336,0.19051801147530922,0.023528076701520104,0.022243252364571985,0.023209724867222233,31.0,1500.0,0.020666666666666667,-4.64137000473599,0.9267005666254989,5.047834916492896,57.62513128489949,58.57531463158682,2.3952576217785673,0.01701346149810123,0.01725221966534262,0.0268,57.589800433670746,57.54132600452135,0.022841489783717896,0.023293537264310347,0.9968717413972888,478.0
2026-08-11 06:58:30,957,Light,57.54132600452135,1.180024894767472,56.237276668162956,59.145908480870055,4.0,1.0008220329809872,0.023293537264310347,1.1301008536675297,0.804129051880955,0.017066413954893344,0.015874574993550772,0.19587094811904504,0.0241084022226632,0.02433748686978859,0.023216830869398446,40.0,1500.0,0.02666666666666667,-5.7793545391102725,0.9087287993512962,3.909850382118613,57.93681232569592,58.09207744505723,2.1815524952542225,0.017155021493675354,0.01701588805010528,0.023866666666666668,58.679310538895635,59.5308428837032,0.023330329399080935,0.022232669946106037,0.9979144942648592,478.5
2026-08-11 06:59:00,958,Light,59.5308428837032,2.634376082605657,56.41962698577107,62.262240945561665,4.0,0.9996633551770334,0.022232669946106037,1.103219667350852,0.8576623017624325,0.016968705818864775,0.014368993197233457,0.14233769823756748,0.02224745641992645,0.022126976999470593,0.0223850236569179,32.0,1500.0,0.021333333333333333,-3.7898376599284234,0.9401485008153536,5.899367261300462,58.583826475706736,57.98951254858459,2.314300375742981,0.0170826611652531,0.01701510085361236,0.0236,57.54132600452135,57.62878621821327,0.023293537264310347,0.024199422784576954,0.9989572471324296,479.0
2026-08-11 06:59:30,959,Light,57.62878621821327,2.2616884033900613,55.28033997648378,62.36375776881202,6.0,0.9989288177577421,0.024199422784576954,1.1747286338003429,0.8465538170018391,0.017848167287296907,0.0163768867306181,0.17472863380034287,0.022238330127555387,0.02326290605299161,0.02420330337295141,46.0,1500.0,0.030666666666666665,-5.691894325418353,0.9101100260364967,3.997310595810532,58.23365170214595,58.19401321580084,2.3184362203054985,0.017294429020351675,0.017256387517437546,0.026000000000000002,59.5308428837032,57.62878621821327,0.022232669946106037,0.024199422784576954,1.0,479.5
